frame,det,da,lane,w_det,w_da,w_lane
b1c66a42-6f7d68ca,0,0,0,0.25,0.25,0.25
b1c81faa-3df17267,0,0,0,0.25,0.25,0.25
b1c81faa-c80764c5,0,0,0,0.25,0.25,0.25
b1c9c847-3bda4659,2,2,2,1.0,1.0,1.0
b1ca2e5d-84cf9134,0,0,0,0.25,0.25,0.25
b1ca8418-84a133a0,0,0,0,0.25,0.25,0.25
b1cac6a7-04e33135,1,1,1,0.5,0.5,0.5
b1cd1e94-26dd524f,2,2,2,1.0,1.0,1.0
b1cd1e94-549d0bfe,0,0,0,0.25,0.25,0.25
b1ceb32e-3f481b43,2,2,2,1.0,1.0,1.0
b1ceb32e-51852abe,0,0,0,0.25,0.25,0.25
b1ceb32e-813f84b2,1,1,1,0.5,0.5,0.5
b1ceb32e-a106591d,1,1,1,0.5,0.5,0.5
b1cebfb7-284f5117,0,0,0,0.25,0.25,0.25
b1d0091f-75824d0d,0,0,0,0.25,0.25,0.25
b1d0091f-f2c2d2ae,0,0,0,0.25,0.25,0.25
b1d0a191-03dcecc2,0,0,0,0.25,0.25,0.25
b1d0a191-06deb55d,0,0,0,0.25,0.25,0.25
b1d0a191-28f0e779,0,0,0,0.25,0.25,0.25
b1d0a191-2ed2269e,0,0,0,0.25,0.25,0.25
b1d0a191-5490450b,0,0,0,0.25,0.25,0.25
b1d0a191-65deaeef,0,0,0,0.25,0.25,0.25
b1d0a191-de8948f6,1,1,1,0.5,0.5,0.5
b1d10d08-5b108225,2,2,2,1.0,1.0,1.0
b1d10d08-743fd86c,2,2,2,1.0,1.0,1.0
b1d10d08-c35503b8,1,1,1,0.5,0.5,0.5
b1d10d08-da110fcb,2,2,2,1.0,1.0,1.0
b1d10d08-ec660956,0,0,0,0.25,0.25,0.25
b1d22449-117aa773,0,0,0,0.25,0.25,0.25
b1d22449-15fb948f,2,2,2,1.0,1.0,1.0
b1d22ed6-f1cac061,2,2,2,1.0,1.0,1.0
b1d3907b-2278601b,1,1,1,0.5,0.5,0.5
b1d4b62c-60aab822,2,2,2,1.0,1.0,1.0
b1d4b62c-89eeb5d3,1,1,1,0.5,0.5,0.5
b1d4b62c-d9805029,0,0,0,0.25,0.25,0.25
b1d59b1f-a38aec79,1,1,1,0.5,0.5,0.5
b1d7b3ac-0bdb47dc,0,0,0,0.25,0.25,0.25
b1d7b3ac-2a92e19f,1,1,1,0.5,0.5,0.5
b1d7b3ac-36f2d3b7,2,2,2,1.0,1.0,1.0
b1d7b3ac-5744370e,0,0,0,0.25,0.25,0.25
b1d7b3ac-5af8623b,2,2,2,1.0,1.0,1.0
b1d7b3ac-995f9d8a,1,1,1,0.5,0.5,0.5
b1d7b3ac-9e14f05f,0,0,0,0.25,0.25,0.25
b1d7b3ac-afa57f22,0,0,0,0.25,0.25,0.25
b1d8735d-eee9f184,0,0,0,0.25,0.25,0.25
b1d968b9-563405f4,0,0,0,0.25,0.25,0.25
b1d968b9-ce42734f,1,1,1,0.5,0.5,0.5
b1d971b4-ac67ca0d,1,1,1,0.5,0.5,0.5
b1d9e136-6c94ea3f,1,1,1,0.5,0.5,0.5
b1d9e136-9ab25cb3,0,0,0,0.25,0.25,0.25
b1da9c53-0f3d4c5d,1,1,1,0.5,0.5,0.5
b1dac7f7-6b2e0382,1,1,1,0.5,0.5,0.5
b1db7e22-cfa74dc3,0,0,0,0.25,0.25,0.25
b1dce572-c6a8cb5e,1,1,1,0.5,0.5,0.5
b1dd58c1-8b546ba7,0,0,0,0.25,0.25,0.25
b1df722f-57d21f3f,0,0,0,0.25,0.25,0.25
b1df722f-5bcc3db7,0,0,0,0.25,0.25,0.25
b1e0c01d-dd9e6e2f,0,0,0,0.25,0.25,0.25
b1e1a7b8-0aec80e8,1,1,1,0.5,0.5,0.5
b1e1a7b8-65ec7612,2,2,2,1.0,1.0,1.0
b1e1a7b8-a7426a97,2,2,2,1.0,1.0,1.0
b1e1a7b8-b397c445,0,0,0,0.25,0.25,0.25
b1e2346e-c5f98707,1,1,1,0.5,0.5,0.5
b1e3e9f5-92377424,1,1,1,0.5,0.5,0.5
b1e62c91-eca210a9,1,1,1,0.5,0.5,0.5
b1e6efc0-2552cc5d,0,0,0,0.25,0.25,0.25
b1e88fd2-c1e4fd2b,0,0,0,0.25,0.25,0.25
b1e8ad72-c3c79240,0,0,0,0.25,0.25,0.25
b1e9ee0e-67e26f2e,1,1,1,0.5,0.5,0.5
b1ea0ae4-4f770228,1,1,1,0.5,0.5,0.5
b1eb9133-5cc75c18,0,0,0,0.25,0.25,0.25
b1ebfc3c-740ec84a,0,0,0,0.25,0.25,0.25
b1ebfc3c-cc9c2bb8,0,0,0,0.25,0.25,0.25
b1ee702d-0ae1fc10,1,1,1,0.5,0.5,0.5
b1ee702d-4a193906,2,2,2,1.0,1.0,1.0
b1ee702d-525fcebf,1,1,1,0.5,0.5,0.5
b1f022d3-3774de8b,0,0,0,0.25,0.25,0.25
b1f022d3-45162c67,0,0,0,0.25,0.25,0.25
b1f0efd9-37a14dda,0,0,0,0.25,0.25,0.25
b1f0efd9-e900c6e5,0,0,0,0.25,0.25,0.25
b1f20aa0-3401c3bf,2,2,2,1.0,1.0,1.0
b1f20aa0-50213047,0,0,0,0.25,0.25,0.25
b1f20aa0-6ef1db42,1,1,1,0.5,0.5,0.5
b1f25ff6-1ddb7e43,2,2,2,1.0,1.0,1.0
b1f4491b-07b32e8c,1,1,1,0.5,0.5,0.5
b1f4491b-09593e90,0,0,0,0.25,0.25,0.25
b1f4491b-16256d7c,1,1,1,0.5,0.5,0.5
b1f4491b-33824f31,0,0,0,0.25,0.25,0.25
b1f4491b-846d8cb2,1,1,1,0.5,0.5,0.5
b1f4491b-97465266,0,0,0,0.25,0.25,0.25
b1f4491b-9958bd99,0,0,0,0.25,0.25,0.25
b1f4491b-bf7d513f,0,0,0,0.25,0.25,0.25
b1f4491b-cf446195,0,0,0,0.25,0.25,0.25
b1f4491b-d8d1459c,0,0,0,0.25,0.25,0.25
b1f4491b-dd8dfed5,1,1,1,0.5,0.5,0.5
b1f62c41-ed0c6521,2,2,2,1.0,1.0,1.0
b1f6c103-5ce1f3c6,0,0,0,0.25,0.25,0.25
b1f6c103-8b75ea3e,0,0,0,0.25,0.25,0.25
b1f6c103-b00e8aad,1,1,1,0.5,0.5,0.5
b1f85377-44885085,1,1,1,0.5,0.5,0.5
b1fbaab8-68db7df7,2,2,2,1.0,1.0,1.0
b1fbf878-b31a8293,1,1,1,0.5,0.5,0.5
b1fc95c9-644e3c3f,2,2,2,1.0,1.0,1.0
b1fc95c9-cb2882c7,2,2,2,1.0,1.0,1.0
b1ff4656-0435391e,2,2,2,1.0,1.0,1.0
b1ff4656-94ee8536,0,0,0,0.25,0.25,0.25
b1ff4656-ebcfeb35,0,0,0,0.25,0.25,0.25
b200b84e-4a792877,1,1,1,0.5,0.5,0.5
b200e97a-bf074435,0,0,0,0.25,0.25,0.25
b20234fd-822029be,0,0,0,0.25,0.25,0.25
b202cae2-672e61c5,0,0,0,0.25,0.25,0.25
b202cae2-f46c74a6,2,2,2,1.0,1.0,1.0
b2036451-aa924fd1,0,0,0,0.25,0.25,0.25
b2046bcf-8bc6a044,0,0,0,0.25,0.25,0.25
b204a5c1-05981158,2,2,2,1.0,1.0,1.0
b204a5c1-064b0040,0,0,0,0.25,0.25,0.25
b204a5c1-fa3d5b88,0,0,0,0.25,0.25,0.25
b205eb4d-f84aaa1a,0,0,0,0.25,0.25,0.25
b2064e61-2beadd45,1,1,1,0.5,0.5,0.5
b206a78b-99f405ab,1,1,1,0.5,0.5,0.5
b2080dc7-f9b98a5f,1,1,1,0.5,0.5,0.5
b20841f9-cef732d5,0,0,0,0.25,0.25,0.25
b20b1e63-4d8478a4,0,0,0,0.25,0.25,0.25
b20b69d2-64b9cdb8,0,0,0,0.25,0.25,0.25
b20b69d2-650e674d,1,1,1,0.5,0.5,0.5
b20b69d2-6e2b9e73,0,0,0,0.25,0.25,0.25
b20b69d2-7767e6b6,0,0,0,0.25,0.25,0.25
b20b69d2-bd242bf0,0,0,0,0.25,0.25,0.25
b20b69d2-ca16c907,1,1,1,0.5,0.5,0.5
b20b69d2-e31380a7,1,1,1,0.5,0.5,0.5
b20b69d2-ffc1d6af,0,0,0,0.25,0.25,0.25
b20b9c19-91e01a50,2,2,2,1.0,1.0,1.0
b20d494a-cdebe83e,0,0,0,0.25,0.25,0.25
b20e291a-32ac11c1,0,0,0,0.25,0.25,0.25
b20e291a-6012d836,0,0,0,0.25,0.25,0.25
b20eae11-149766ce,0,0,0,0.25,0.25,0.25
b20eae11-18cd8ca2,2,2,2,1.0,1.0,1.0
b20eae11-6817ba7a,2,2,2,1.0,1.0,1.0
b20ff95c-b9444127,2,2,2,1.0,1.0,1.0
b2102d00-5eb86b71,2,2,2,1.0,1.0,1.0
b2102d00-a8c09be1,1,1,1,0.5,0.5,0.5
b2131b7b-e58faab7,0,0,0,0.25,0.25,0.25
b213e4eb-09c01a17,2,2,2,1.0,1.0,1.0
b214d1e1-f248c616,1,1,1,0.5,0.5,0.5
b21547c1-73e457f8,2,2,2,1.0,1.0,1.0
b21547c1-796757ac,0,0,0,0.25,0.25,0.25
b2156f8e-72e1547c,1,1,1,0.5,0.5,0.5
b215943a-10e44587,2,2,2,1.0,1.0,1.0
b216243d-55963da2,1,1,1,0.5,0.5,0.5
b216243d-ad4306b9,0,0,0,0.25,0.25,0.25
b2169b74-fa197951,0,0,0,0.25,0.25,0.25
b21742c2-0e7a2b57,0,0,0,0.25,0.25,0.25
b21742c2-18d3463a,1,1,1,0.5,0.5,0.5
b2194b15-1825056a,1,1,1,0.5,0.5,0.5
b21ac8b3-9b9cb45a,1,1,1,0.5,0.5,0.5
b21bfb83-ea32f716,1,1,1,0.5,0.5,0.5
b21c68e6-65674a17,0,0,0,0.25,0.25,0.25
b21c86ac-0dc77d82,2,2,2,1.0,1.0,1.0
b21c86ac-2eb7ba16,2,2,2,1.0,1.0,1.0
b21c86ac-71205084,2,2,2,1.0,1.0,1.0
b21d5efb-5e2cd743,2,2,2,1.0,1.0,1.0
b2208b0f-2796a692,0,0,0,0.25,0.25,0.25
b222c329-5dc8dbf7,2,2,2,1.0,1.0,1.0
b229488e-e4714bb7,0,0,0,0.25,0.25,0.25
b22a4d9f-48b2e986,0,0,0,0.25,0.25,0.25
b22a4d9f-73cc8810,2,2,2,1.0,1.0,1.0
b22e02cd-6af68e18,1,1,1,0.5,0.5,0.5
b22f174d-a19c875e,2,2,2,1.0,1.0,1.0
b22f385b-5d7e5202,2,2,2,1.0,1.0,1.0
b230132b-ff8f2719,1,1,1,0.5,0.5,0.5
b230a7b2-c881c382,0,0,0,0.25,0.25,0.25
b231a630-c4522992,0,0,0,0.25,0.25,0.25
b232c7c9-d251d9ee,0,0,0,0.25,0.25,0.25
b2331b83-648e56ca,0,0,0,0.25,0.25,0.25
b2331b83-a28e6b57,0,0,0,0.25,0.25,0.25
b23493b1-3200de1c,1,1,1,0.5,0.5,0.5
b237db93-fab44bf2,0,0,0,0.25,0.25,0.25
b23a79d1-43dfeecd,0,0,0,0.25,0.25,0.25
b23a79d1-e434acaa,0,0,0,0.25,0.25,0.25
b23adb0d-72704b27,1,1,1,0.5,0.5,0.5
b23adb0d-8a7aaced,0,0,0,0.25,0.25,0.25
b23b2649-1a78948d,1,1,1,0.5,0.5,0.5
b23b2649-6af03cd5,0,0,0,0.25,0.25,0.25
b23b2649-8349d2a1,1,1,1,0.5,0.5,0.5
b23bb45f-ddeea1d8,2,2,2,1.0,1.0,1.0
b23c9e00-5506ddfb,0,0,0,0.25,0.25,0.25
b23c9e00-b425de1b,0,0,0,0.25,0.25,0.25
b23d2079-0c019d8e,2,2,2,1.0,1.0,1.0
b23f7012-32d284ce,1,1,1,0.5,0.5,0.5
b23f7012-fab06dac,2,2,2,1.0,1.0,1.0
b23fe89b-c704fe97,0,0,0,0.25,0.25,0.25
b24071b8-b3ee1196,1,1,1,0.5,0.5,0.5
b2408e45-984ba5aa,2,2,2,1.0,1.0,1.0
b242929f-3051abca,0,0,0,0.25,0.25,0.25
b242f6b2-0033bdfb,0,0,0,0.25,0.25,0.25
b242f6b2-99d2f2c1,0,0,0,0.25,0.25,0.25
b242f6b2-eaa39345,0,0,0,0.25,0.25,0.25
b242f6b2-f5da110f,2,2,2,1.0,1.0,1.0
b24380ab-63272e5a,2,2,2,1.0,1.0,1.0
b24380ab-6dbeb908,0,0,0,0.25,0.25,0.25
b24380ab-855e9c00,1,1,1,0.5,0.5,0.5
b24380ab-c07680d1,1,1,1,0.5,0.5,0.5
b2443c9d-8cc3991f,0,0,0,0.25,0.25,0.25
b245b306-ca3dca4e,0,0,0,0.25,0.25,0.25
b245e52e-0a0e4e69,0,0,0,0.25,0.25,0.25
b245e52e-aaeeb959,0,0,0,0.25,0.25,0.25
b246c8e8-3dd42e6c,0,0,0,0.25,0.25,0.25
b246c8e8-4dd36bfc,1,1,1,0.5,0.5,0.5
b246c8e8-ecce1321,0,0,0,0.25,0.25,0.25
b24702e3-0456c83c,0,0,0,0.25,0.25,0.25
b24702e3-900f61ea,1,1,1,0.5,0.5,0.5
b24702e3-e6f33768,1,1,1,0.5,0.5,0.5
b24702e3-f56e0731,1,1,1,0.5,0.5,0.5
b24702e3-fe617f57,2,2,2,1.0,1.0,1.0
b248306f-a5089e94,1,1,1,0.5,0.5,0.5
b2490dcb-7469cbe8,0,0,0,0.25,0.25,0.25
b249e7f2-92d2efad,0,0,0,0.25,0.25,0.25
b249e7f2-d619bd69,2,2,2,1.0,1.0,1.0
b24b3585-221ac8ac,0,0,0,0.25,0.25,0.25
b24bdca1-e4f0c558,0,0,0,0.25,0.25,0.25
b24c9ee6-e43a6e8b,2,2,2,1.0,1.0,1.0
b24ca67a-594d7d3c,0,0,0,0.25,0.25,0.25
b24d283f-33783d1b,1,1,1,0.5,0.5,0.5
b24f03f7-ff66eaca,0,0,0,0.25,0.25,0.25
b24f7455-e8c55d6a,2,2,2,1.0,1.0,1.0
b2505382-1423f56a,2,2,2,1.0,1.0,1.0
b2505382-272e7823,1,1,1,0.5,0.5,0.5
b2505382-2905b23c,2,2,2,1.0,1.0,1.0
b2505382-549785d3,2,2,2,1.0,1.0,1.0
b2505382-de5238f0,0,0,0,0.25,0.25,0.25
b250fb0c-01a1b8d3,0,0,0,0.25,0.25,0.25
b251064f-30002542,1,1,1,0.5,0.5,0.5
b251064f-4696b75e,0,0,0,0.25,0.25,0.25
b251064f-5f6b663e,0,0,0,0.25,0.25,0.25
b251064f-8d92db81,0,0,0,0.25,0.25,0.25
b251064f-e7a165fd,0,0,0,0.25,0.25,0.25
b251b746-00138418,0,0,0,0.25,0.25,0.25
b255cd6c-0bdf0ac7,0,0,0,0.25,0.25,0.25
b255cd6c-2f889586,1,1,1,0.5,0.5,0.5
b255cd6c-5ccba454,0,0,0,0.25,0.25,0.25
b255cd6c-6502a28c,2,2,2,1.0,1.0,1.0
b255cd6c-82c804d4,1,1,1,0.5,0.5,0.5
b255cd6c-bc3cbb18,1,1,1,0.5,0.5,0.5
b255cd6c-e5f99451,2,2,2,1.0,1.0,1.0
b255cd6c-f2f28aff,0,0,0,0.25,0.25,0.25
b255cd6c-fb594dcb,1,1,1,0.5,0.5,0.5
b2576c8c-2924c365,0,0,0,0.25,0.25,0.25
b2576c8c-2de20b8a,0,0,0,0.25,0.25,0.25
b257f482-cf55d35c,1,1,1,0.5,0.5,0.5
b258a38b-0126cc8c,2,2,2,1.0,1.0,1.0
b258d359-49a3ad31,1,1,1,0.5,0.5,0.5
b258d359-db99eff1,2,2,2,1.0,1.0,1.0
b259c5e1-cda39ef9,0,0,0,0.25,0.25,0.25
b25aac57-705d50ad,0,0,0,0.25,0.25,0.25
b25ae6c0-311e72c2,0,0,0,0.25,0.25,0.25
b25ae6c0-fb9fea6a,0,0,0,0.25,0.25,0.25
b25c1103-5da4b435,0,0,0,0.25,0.25,0.25
b25c51f5-e9dba941,0,0,0,0.25,0.25,0.25
b25fb716-78d8d49b,0,0,0,0.25,0.25,0.25
b25fd5d3-fa4bfca0,0,0,0,0.25,0.25,0.25
b25fdb41-4644e3f7,0,0,0,0.25,0.25,0.25
b262f576-b0373824,1,1,1,0.5,0.5,0.5
b26309ce-447c0ac7,0,0,0,0.25,0.25,0.25
b26309ce-fc963b47,1,1,1,0.5,0.5,0.5
b26327fe-3ac19999,1,1,1,0.5,0.5,0.5
b26331b9-102f5d9a,2,2,2,1.0,1.0,1.0
b2638d82-062aa1de,1,1,1,0.5,0.5,0.5
b263f57d-1ccf6e51,0,0,0,0.25,0.25,0.25
b2648a7f-42f72f67,0,0,0,0.25,0.25,0.25
b265b9cf-2d517da6,2,2,2,1.0,1.0,1.0
b26610ce-083c3bd1,1,1,1,0.5,0.5,0.5
b266429a-83757042,1,1,1,0.5,0.5,0.5
b266429a-ac0c4ed3,1,1,1,0.5,0.5,0.5
b266db29-12bf52fa,2,2,2,1.0,1.0,1.0
b266db29-29fa8335,0,0,0,0.25,0.25,0.25
b266db29-403143cc,1,1,1,0.5,0.5,0.5
b266db29-4d22b355,1,1,1,0.5,0.5,0.5
b266db29-c518f15d,2,2,2,1.0,1.0,1.0
b266db29-da0abce7,2,2,2,1.0,1.0,1.0
b2675b13-d04e4a76,1,1,1,0.5,0.5,0.5
b268bb58-5ead8a56,2,2,2,1.0,1.0,1.0
b2694461-db4f4470,1,1,1,0.5,0.5,0.5
b26aafd1-1bc4dccc,0,0,0,0.25,0.25,0.25
b26aafd1-513824d4,0,0,0,0.25,0.25,0.25
b26ba07a-1c7593b1,1,1,1,0.5,0.5,0.5
b26ba07a-203e440c,1,1,1,0.5,0.5,0.5
b26ba07a-2b68a502,0,0,0,0.25,0.25,0.25
b26ba07a-38f78442,1,1,1,0.5,0.5,0.5
b26ba07a-c7bcbe2d,0,0,0,0.25,0.25,0.25
b26ba07a-da78f324,0,0,0,0.25,0.25,0.25
b26ba07a-e4ca935c,1,1,1,0.5,0.5,0.5
b26ba07a-f781b661,0,0,0,0.25,0.25,0.25
b26cfcdc-10346684,2,2,2,1.0,1.0,1.0
b26cfcdc-2e290c42,1,1,1,0.5,0.5,0.5
b26cfcdc-7b00747d,0,0,0,0.25,0.25,0.25
b26cfcdc-eb092da8,0,0,0,0.25,0.25,0.25
b26dd913-2888cbfd,0,0,0,0.25,0.25,0.25
b26dddb5-28e4a05f,2,2,2,1.0,1.0,1.0
b26f7271-d906ee87,0,0,0,0.25,0.25,0.25
b26f8762-61cfb033,2,2,2,1.0,1.0,1.0
b26f9b1e-09c56a3c,0,0,0,0.25,0.25,0.25
b26f9b1e-3e172ced,0,0,0,0.25,0.25,0.25
b27098c3-0db780d5,1,1,1,0.5,0.5,0.5
b27098c3-915a9986,1,1,1,0.5,0.5,0.5
b27098c3-c443b6e3,2,2,2,1.0,1.0,1.0
b27098c3-dedf92b2,0,0,0,0.25,0.25,0.25
b270d8e4-0f565398,2,2,2,1.0,1.0,1.0
b27127df-eac9b95e,0,0,0,0.25,0.25,0.25
b2714f5d-07bf604c,1,1,1,0.5,0.5,0.5
b2714f5d-5bc98e55,1,1,1,0.5,0.5,0.5
b2715214-13e3dd85,0,0,0,0.25,0.25,0.25
b2715214-d38332ea,0,0,0,0.25,0.25,0.25
b27369f3-9b9598f4,0,0,0,0.25,0.25,0.25
b27369f3-dd3c0b46,0,0,0,0.25,0.25,0.25
b2743b5d-e2d585be,1,1,1,0.5,0.5,0.5
b2752cd6-12ba5588,2,2,2,1.0,1.0,1.0
b275c028-6a0665cb,2,2,2,1.0,1.0,1.0
b27688b6-1af27060,0,0,0,0.25,0.25,0.25
b27688b6-cd521517,2,2,2,1.0,1.0,1.0
b2778280-4179c4af,1,1,1,0.5,0.5,0.5
b277a772-08d8d7ad,0,0,0,0.25,0.25,0.25
b277a772-715e949c,0,0,0,0.25,0.25,0.25
b277a772-848f75a9,0,0,0,0.25,0.25,0.25
b277a772-87c10d5c,0,0,0,0.25,0.25,0.25
b2794401-ba7d3c05,0,0,0,0.25,0.25,0.25
b279bc06-3c8aeb90,1,1,1,0.5,0.5,0.5
b279bc06-4fa57251,0,0,0,0.25,0.25,0.25
b279bc06-b7bc42a9,2,2,2,1.0,1.0,1.0
b27b0cd9-f184d9a3,1,1,1,0.5,0.5,0.5
b27cd403-d7616bfa,1,1,1,0.5,0.5,0.5
b27cd403-f2d087cc,0,0,0,0.25,0.25,0.25
b27cde22-56abd0e1,2,2,2,1.0,1.0,1.0
b27d5dcb-5bdec286,1,1,1,0.5,0.5,0.5
b27d5dcb-856c0b43,1,1,1,0.5,0.5,0.5
b27d5dcb-9230790c,2,2,2,1.0,1.0,1.0
b27e8b69-c00092ae,0,0,0,0.25,0.25,0.25
b27fdbad-ab895d86,0,0,0,0.25,0.25,0.25
b27fdbad-ae939e31,0,0,0,0.25,0.25,0.25
b280c9c1-4340305f,2,2,2,1.0,1.0,1.0
b280c9c1-a75d23e5,1,1,1,0.5,0.5,0.5
b2828509-133b042d,0,0,0,0.25,0.25,0.25
b2828509-682cd3b2,2,2,2,1.0,1.0,1.0
b2828509-8e8fa55f,2,2,2,1.0,1.0,1.0
b284c0e8-85fbc42a,1,1,1,0.5,0.5,0.5
b284c0e8-b813f3cf,0,0,0,0.25,0.25,0.25
b285698b-ff1293ce,2,2,2,1.0,1.0,1.0
b2860d72-0b43e851,0,0,0,0.25,0.25,0.25
b289f2e8-cec8700d,0,0,0,0.25,0.25,0.25
b28aac6c-9f1b99cb,2,2,2,1.0,1.0,1.0
b28cb5d3-2cf728ac,2,2,2,1.0,1.0,1.0
b28cb5d3-9ff4ab4a,0,0,0,0.25,0.25,0.25
b28cb5d3-c4758dfd,1,1,1,0.5,0.5,0.5
b28cb5d3-f800ecd2,2,2,2,1.0,1.0,1.0
b28cfc9b-224431ab,1,1,1,0.5,0.5,0.5
b28ec521-69495052,0,0,0,0.25,0.25,0.25
b28ec521-8266e1a4,1,1,1,0.5,0.5,0.5
b28ec521-834a964c,0,0,0,0.25,0.25,0.25
b28ec521-898e11bd,0,0,0,0.25,0.25,0.25
b28f288b-784f7606,1,1,1,0.5,0.5,0.5
b28fc734-5add25db,2,2,2,1.0,1.0,1.0
b29026f0-d5a5ee8c,2,2,2,1.0,1.0,1.0
b291cfd6-a46efbcc,0,0,0,0.25,0.25,0.25
b291cfd6-a6275049,0,0,0,0.25,0.25,0.25
b291cfd6-ff98ba56,1,1,1,0.5,0.5,0.5
b29273b2-339a1500,0,0,0,0.25,0.25,0.25
b2932832-a2c8f6ef,2,2,2,1.0,1.0,1.0
b2932832-df9384eb,0,0,0,0.25,0.25,0.25
b2933acb-1e0c16cc,0,0,0,0.25,0.25,0.25
b2933acb-e890758f,0,0,0,0.25,0.25,0.25
b29377e0-83e8340a,1,1,1,0.5,0.5,0.5
b2939bf0-221e1dfb,0,0,0,0.25,0.25,0.25
b294386c-24ddd0c3,1,1,1,0.5,0.5,0.5
b29511e5-0e7c7013,1,1,1,0.5,0.5,0.5
b2965b06-88a1da19,0,0,0,0.25,0.25,0.25
b29806ee-7194648d,0,0,0,0.25,0.25,0.25
b29806ee-ac06730f,2,2,2,1.0,1.0,1.0
b29806ee-e89a39a6,2,2,2,1.0,1.0,1.0
b29c2372-b53a797c,1,1,1,0.5,0.5,0.5
b29c5efd-754ba560,2,2,2,1.0,1.0,1.0
b29f09ea-911177ce,1,1,1,0.5,0.5,0.5
b29f09ea-ecd5304b,1,1,1,0.5,0.5,0.5
b29f7159-219cf764,0,0,0,0.25,0.25,0.25
b29f9214-4846c10c,0,0,0,0.25,0.25,0.25
b2a0648b-d8e126bc,1,1,1,0.5,0.5,0.5
b2a0dbe8-85f1894e,1,1,1,0.5,0.5,0.5
b2a1e013-638d6e4d,2,2,2,1.0,1.0,1.0
b2a1e172-a969db88,1,1,1,0.5,0.5,0.5
b2a46c1e-87aac2ec,0,0,0,0.25,0.25,0.25
b2a4738f-1c4a1373,0,0,0,0.25,0.25,0.25
b2a4bc4d-6f7c1727,0,0,0,0.25,0.25,0.25
b2a4bc4d-b251ccb1,0,0,0,0.25,0.25,0.25
b2a5baf7-58519386,0,0,0,0.25,0.25,0.25
b2a60634-0817a6eb,2,2,2,1.0,1.0,1.0
b2a60634-40847419,0,0,0,0.25,0.25,0.25
b2a60634-6e9f96fe,0,0,0,0.25,0.25,0.25
b2a60634-ad36f179,0,0,0,0.25,0.25,0.25
b2a8e8b4-50058f09,0,0,0,0.25,0.25,0.25
b2a8e8b4-a4e93829,0,0,0,0.25,0.25,0.25
b2a99ee3-5abca703,2,2,2,1.0,1.0,1.0
b2a9d547-f7f6fa92,1,1,1,0.5,0.5,0.5
b2ae0446-4b0bfda7,0,0,0,0.25,0.25,0.25
b2ae0446-f456c162,0,0,0,0.25,0.25,0.25
b2ae4fc5-3abd5802,0,0,0,0.25,0.25,0.25
b2ae4fc5-d1082ddf,0,0,0,0.25,0.25,0.25
b2aefccb-24d289a9,0,0,0,0.25,0.25,0.25
b2afce7f-0cb9967a,0,0,0,0.25,0.25,0.25
b2b03a01-a60e895f,1,1,1,0.5,0.5,0.5
b2b2f563-ec318c61,0,0,0,0.25,0.25,0.25
b2b32394-e46669cb,1,1,1,0.5,0.5,0.5
b2b70230-bad4ff6e,1,1,1,0.5,0.5,0.5
b2b70230-c43553a9,0,0,0,0.25,0.25,0.25
b2b74321-f6578001,1,1,1,0.5,0.5,0.5
b2bc4efb-a184131d,1,1,1,0.5,0.5,0.5
b2bceb54-0b1f3332,0,0,0,0.25,0.25,0.25
b2bceb54-4d3cc92c,1,1,1,0.5,0.5,0.5
b2bdb7b6-041bebc9,1,1,1,0.5,0.5,0.5
b2bdb7b6-137acb11,0,0,0,0.25,0.25,0.25
b2bdb7b6-3e75222e,0,0,0,0.25,0.25,0.25
b2bdb7b6-602437cb,2,2,2,1.0,1.0,1.0
b2bdb7b6-d34fab57,2,2,2,1.0,1.0,1.0
b2bdc7e5-b4ebc5bd,1,1,1,0.5,0.5,0.5
b2be7200-b6f7fe0a,0,0,0,0.25,0.25,0.25
b2bee3e1-80c787bd,0,0,0,0.25,0.25,0.25
b2bee3e1-915eb541,0,0,0,0.25,0.25,0.25
b2bf0e03-a07f0a81,1,1,1,0.5,0.5,0.5
b2bf0e03-a3921cd6,0,0,0,0.25,0.25,0.25
b2c0e5c1-9666ba7e,2,2,2,1.0,1.0,1.0
b2c23864-810e4e1d,0,0,0,0.25,0.25,0.25
b2c2f563-02143de0,2,2,2,1.0,1.0,1.0
b2c5110e-09e459e9,2,2,2,1.0,1.0,1.0
b2c5110e-ef7e4997,0,0,0,0.25,0.25,0.25
b2c542e3-02f579a6,1,1,1,0.5,0.5,0.5
b2c7d048-fdd059eb,2,2,2,1.0,1.0,1.0
b2c7ebc4-731ea908,0,0,0,0.25,0.25,0.25
b2c88d3b-1c1ad881,1,1,1,0.5,0.5,0.5
b2c9b221-d447dcc3,0,0,0,0.25,0.25,0.25
b2cac490-b27b82da,0,0,0,0.25,0.25,0.25
b2cbf6d8-732b47be,2,2,2,1.0,1.0,1.0
b2cce432-e17e840e,0,0,0,0.25,0.25,0.25
b2cd33bd-a5043d29,1,1,1,0.5,0.5,0.5
b2cda443-f7cb5ccf,0,0,0,0.25,0.25,0.25
b2cf78ec-6043f571,2,2,2,1.0,1.0,1.0
b2d22b2f-8302eb61,0,0,0,0.25,0.25,0.25
b2d22b2f-91d0af18,2,2,2,1.0,1.0,1.0
b2d3510a-659ae4de,0,0,0,0.25,0.25,0.25
b2d49c0c-e888f874,0,0,0,0.25,0.25,0.25
b2d4c878-2267ca6d,0,0,0,0.25,0.25,0.25
b2d502aa-64d3e228,2,2,2,1.0,1.0,1.0
b2d502aa-ef17ffbd,1,1,1,0.5,0.5,0.5
b2d502aa-f0b28e3e,1,1,1,0.5,0.5,0.5
b2d502aa-f8382905,1,1,1,0.5,0.5,0.5
b2d502aa-f9141409,0,0,0,0.25,0.25,0.25
b2d83b7b-9627ff87,2,2,2,1.0,1.0,1.0
b2d8704e-66d10551,2,2,2,1.0,1.0,1.0
b2d8704e-9e7dddd6,0,0,0,0.25,0.25,0.25
b2d90c73-32ae0488,2,2,2,1.0,1.0,1.0
b2d9b817-9a617024,0,0,0,0.25,0.25,0.25
b2da7e9c-6fe28d5e,0,0,0,0.25,0.25,0.25
b2daf29d-6198754f,0,0,0,0.25,0.25,0.25
b2db41a2-721e0f4e,2,2,2,1.0,1.0,1.0
b2dbb793-305e0fc5,0,0,0,0.25,0.25,0.25
b2dbb793-9f0b2bec,0,0,0,0.25,0.25,0.25
b2dc7ea5-4a031fdd,1,1,1,0.5,0.5,0.5
b2ddae9c-9aafceae,0,0,0,0.25,0.25,0.25
b2dde0d9-1303a9ef,2,2,2,1.0,1.0,1.0
b2de6f59-9f74dea1,0,0,0,0.25,0.25,0.25
b2de938e-84eab379,2,2,2,1.0,1.0,1.0
b2de938e-a8430554,2,2,2,1.0,1.0,1.0
b2e2126b-0512426c,0,0,0,0.25,0.25,0.25
b2e2b2be-4142962b,2,2,2,1.0,1.0,1.0
b2e2f4ed-6ba045d0,1,1,1,0.5,0.5,0.5
b2e431b6-332c438d,2,2,2,1.0,1.0,1.0
b2e54795-0a58624f,0,0,0,0.25,0.25,0.25
b2e54795-0dc285dd,1,1,1,0.5,0.5,0.5
b2e54795-349f005b,0,0,0,0.25,0.25,0.25
b2e54795-601d2d78,0,0,0,0.25,0.25,0.25
b2e54795-698ce97f,0,0,0,0.25,0.25,0.25
b2e54795-6d4ef5f9,0,0,0,0.25,0.25,0.25
b2e54795-d8c2ba6d,0,0,0,0.25,0.25,0.25
b2e54795-db1f3bad,0,0,0,0.25,0.25,0.25
b2e63097-51c16783,0,0,0,0.25,0.25,0.25
b2e73518-547798ef,0,0,0,0.25,0.25,0.25
b2e96aa8-3624f23d,0,0,0,0.25,0.25,0.25
b2e96aa8-4d92cdf0,0,0,0,0.25,0.25,0.25
b2ea3465-78dea25f,0,0,0,0.25,0.25,0.25
b2ec68ce-d345784e,0,0,0,0.25,0.25,0.25
b2ed13f9-01b4dd4f,2,2,2,1.0,1.0,1.0
b2edfbf5-544c4e6e,0,0,0,0.25,0.25,0.25
b2edfbf5-e0fc7810,2,2,2,1.0,1.0,1.0
b2eed8fa-2694b15d,1,1,1,0.5,0.5,0.5
b2eed8fa-cf59a253,0,0,0,0.25,0.25,0.25
b2efc911-2ad925b4,0,0,0,0.25,0.25,0.25
b2f3d83a-1effdb49,0,0,0,0.25,0.25,0.25
b2f48fc3-0b8ff39a,2,2,2,1.0,1.0,1.0
b2f48fc3-eda0e217,0,0,0,0.25,0.25,0.25
b2f48fc3-f0ddacf0,0,0,0,0.25,0.25,0.25
b2f4a409-36a7d7c9,2,2,2,1.0,1.0,1.0
b2f4a409-5adcc4f0,0,0,0,0.25,0.25,0.25
b2f4a409-5ddff11a,0,0,0,0.25,0.25,0.25
b2f4a409-80dacf25,1,1,1,0.5,0.5,0.5
b2f4ebb7-ceaa12dc,1,1,1,0.5,0.5,0.5
b2f68bad-aa8f35d1,1,1,1,0.5,0.5,0.5
b2f6cc51-462c2887,0,0,0,0.25,0.25,0.25
b2f9cc9e-809f5cae,0,0,0,0.25,0.25,0.25
b2fa3e5f-8c4b06d0,0,0,0,0.25,0.25,0.25
b2fbc1aa-b6180041,1,1,1,0.5,0.5,0.5
b2fbf86d-d5de82a4,0,0,0,0.25,0.25,0.25
b2fc6d24-0af7cdca,1,1,1,0.5,0.5,0.5
b2fc7cb5-1635d64b,2,2,2,1.0,1.0,1.0
b2fe5d69-f31d4c9b,0,0,0,0.25,0.25,0.25
b2fed216-2e5c452d,0,0,0,0.25,0.25,0.25
b2ff6aba-fa4ac7d7,0,0,0,0.25,0.25,0.25
b3039ada-2ef2a725,0,0,0,0.25,0.25,0.25
b3048201-d86d9cd8,0,0,0,0.25,0.25,0.25
b305fc0b-ec8916d5,0,0,0,0.25,0.25,0.25
b3060c96-d2391b61,0,0,0,0.25,0.25,0.25
b3064012-5a01e51a,2,2,2,1.0,1.0,1.0
b306fb3f-178fca4e,2,2,2,1.0,1.0,1.0
b306fb3f-3118e8b6,0,0,0,0.25,0.25,0.25
b306fb3f-f02e46cc,2,2,2,1.0,1.0,1.0
b3079ec6-df7b2d92,0,0,0,0.25,0.25,0.25
b3091a27-aa7841b5,2,2,2,1.0,1.0,1.0
b30af183-3029b316,2,2,2,1.0,1.0,1.0
b30af183-e9209104,0,0,0,0.25,0.25,0.25
b30b460d-0e26bd8a,0,0,0,0.25,0.25,0.25
b30b460d-73d12a29,1,1,1,0.5,0.5,0.5
b30b460d-7a788684,1,1,1,0.5,0.5,0.5
b30b460d-9829fd26,0,0,0,0.25,0.25,0.25
b30b460d-f081f92b,0,0,0,0.25,0.25,0.25
b30ba07c-6692a0e3,0,0,0,0.25,0.25,0.25
b310be3f-c5d5e18c,0,0,0,0.25,0.25,0.25
b3110036-a32dc26e,2,2,2,1.0,1.0,1.0
b3121071-195ffbf7,1,1,1,0.5,0.5,0.5
b3121071-3dfa9124,0,0,0,0.25,0.25,0.25
b3121071-461523a5,0,0,0,0.25,0.25,0.25
b3121071-581b2755,0,0,0,0.25,0.25,0.25
b3121071-6b1e5be7,1,1,1,0.5,0.5,0.5
b3121071-afc8cca5,1,1,1,0.5,0.5,0.5
b3121071-b9d7694a,0,0,0,0.25,0.25,0.25
b3121071-c0fd88c4,0,0,0,0.25,0.25,0.25
b3121071-cac49b3a,0,0,0,0.25,0.25,0.25
b312dcb5-3c956847,2,2,2,1.0,1.0,1.0
b312dcb5-82c0d608,2,2,2,1.0,1.0,1.0
b312dcb5-ab4b0e08,0,0,0,0.25,0.25,0.25
b312dcb5-fbd7070b,1,1,1,0.5,0.5,0.5
b313a4dc-217f1233,2,2,2,1.0,1.0,1.0
b3154d05-86ce5ff2,0,0,0,0.25,0.25,0.25
b3154d05-8bc595ba,0,0,0,0.25,0.25,0.25
b3158519-23c9c58d,1,1,1,0.5,0.5,0.5
b3158519-6afea489,1,1,1,0.5,0.5,0.5
b3159650-0d7fbee8,1,1,1,0.5,0.5,0.5
b3159650-1ba75f9b,1,1,1,0.5,0.5,0.5
b315fa95-4aa651f8,1,1,1,0.5,0.5,0.5
b319b67e-b43ffc33,0,0,0,0.25,0.25,0.25
b31c98f7-a342fff6,0,0,0,0.25,0.25,0.25
b31cbddb-e2d8873f,0,0,0,0.25,0.25,0.25
b321c6b6-ab603d42,1,1,1,0.5,0.5,0.5
b3223c85-fccaf29d,0,0,0,0.25,0.25,0.25
b322412a-58073611,1,1,1,0.5,0.5,0.5
b322412a-b47af37f,0,0,0,0.25,0.25,0.25
b3248383-f66bbcc1,0,0,0,0.25,0.25,0.25
b325fe35-b59e4e91,0,0,0,0.25,0.25,0.25
b32661a1-57c937fe,0,0,0,0.25,0.25,0.25
b329fe7d-f06455d3,2,2,2,1.0,1.0,1.0
b32a9f8b-2b3d9894,0,0,0,0.25,0.25,0.25
b32f48c8-410503d5,1,1,1,0.5,0.5,0.5
b331b06b-83fd459b,0,0,0,0.25,0.25,0.25
b3321962-e23b25e3,0,0,0,0.25,0.25,0.25
b3329255-4a5988f8,0,0,0,0.25,0.25,0.25
b3329255-76b9bb88,0,0,0,0.25,0.25,0.25
b332df78-28a61de0,1,1,1,0.5,0.5,0.5
b332df78-6765dddc,1,1,1,0.5,0.5,0.5
b332df78-76e11eff,0,0,0,0.25,0.25,0.25
b332df78-970364e2,0,0,0,0.25,0.25,0.25
b332df78-d6228140,0,0,0,0.25,0.25,0.25
b332df78-d6c7dff7,0,0,0,0.25,0.25,0.25
b3339cd5-06f84bb3,0,0,0,0.25,0.25,0.25
b3343231-8fe3f2e2,1,1,1,0.5,0.5,0.5
b334b56d-1dd4b8ad,0,0,0,0.25,0.25,0.25
b334b56d-2ce33cd7,0,0,0,0.25,0.25,0.25
b334b56d-8296ef57,0,0,0,0.25,0.25,0.25
b334b56d-b82e26b5,2,2,2,1.0,1.0,1.0
b3363496-032f16bf,2,2,2,1.0,1.0,1.0
b3363496-9d8e32e7,0,0,0,0.25,0.25,0.25
b336bdb9-99780d3c,0,0,0,0.25,0.25,0.25
b336bdb9-ed5d2cc3,2,2,2,1.0,1.0,1.0
b3378e5e-9b684546,2,2,2,1.0,1.0,1.0
b3378e5e-b7593301,1,1,1,0.5,0.5,0.5
b3378e5e-e0df1ef5,0,0,0,0.25,0.25,0.25
b3386c15-1c922cea,1,1,1,0.5,0.5,0.5
b338efff-595690ba,1,1,1,0.5,0.5,0.5
b33a7e88-bc0eabcf,1,1,1,0.5,0.5,0.5
b33ced12-423ec0dc,1,1,1,0.5,0.5,0.5
b33ced12-5caa9205,0,0,0,0.25,0.25,0.25
b33ced12-c53391e6,0,0,0,0.25,0.25,0.25
b33ea6cb-3464fb13,0,0,0,0.25,0.25,0.25
b33ea6cb-8ef8b9c4,0,0,0,0.25,0.25,0.25
b33ea6cb-ddf24803,0,0,0,0.25,0.25,0.25
b33ec9f6-61139b0d,2,2,2,1.0,1.0,1.0
b3422c91-f0c36ed7,0,0,0,0.25,0.25,0.25
b3432539-8f9fc466,2,2,2,1.0,1.0,1.0
b3433dec-e7a93351,1,1,1,0.5,0.5,0.5
b344266e-2e034c1e,1,1,1,0.5,0.5,0.5
b3450139-9dcaced8,1,1,1,0.5,0.5,0.5
b3450498-dbbb787e,1,1,1,0.5,0.5,0.5
b3456910-6136f90e,0,0,0,0.25,0.25,0.25
b3456910-cf5fb475,1,1,1,0.5,0.5,0.5
b3467777-44b644dd,0,0,0,0.25,0.25,0.25
b3479da9-2d5165c5,2,2,2,1.0,1.0,1.0
b3488ceb-84e6ade1,0,0,0,0.25,0.25,0.25
b3497248-54bbe9be,0,0,0,0.25,0.25,0.25
b34b1b88-0f326921,1,1,1,0.5,0.5,0.5
b34b1b88-5bfe3b85,2,2,2,1.0,1.0,1.0
b34e373f-fb594a99,0,0,0,0.25,0.25,0.25
b350afdd-9c872c22,0,0,0,0.25,0.25,0.25
b352b7f5-276129f2,0,0,0,0.25,0.25,0.25
b352b7f5-c17c1c72,1,1,1,0.5,0.5,0.5
b355880f-7cb7ed1e,1,1,1,0.5,0.5,0.5
b355880f-9131b077,0,0,0,0.25,0.25,0.25
b3560f77-2bb7f40d,2,2,2,1.0,1.0,1.0
b3563bcf-1962e18d,1,1,1,0.5,0.5,0.5
b3565dc3-9d685e22,0,0,0,0.25,0.25,0.25
b3566b0e-f8e7b731,1,1,1,0.5,0.5,0.5
b3599e04-174421e4,0,0,0,0.25,0.25,0.25
b3599e04-2aa7d131,1,1,1,0.5,0.5,0.5
b3599e04-6f80b3b7,0,0,0,0.25,0.25,0.25
b35a415a-02526f57,2,2,2,1.0,1.0,1.0
b35c1016-4e29ef43,0,0,0,0.25,0.25,0.25
b35c1016-5a7c77ee,0,0,0,0.25,0.25,0.25
b35c8e3d-439b1b23,2,2,2,1.0,1.0,1.0
b35c8e3d-bc2c104b,2,2,2,1.0,1.0,1.0
b35c8e3d-f985138a,0,0,0,0.25,0.25,0.25
b35cfd7c-2d625033,0,0,0,0.25,0.25,0.25
b35cfd7c-33d93645,1,1,1,0.5,0.5,0.5
b35dac08-031e3f6f,0,0,0,0.25,0.25,0.25
b35dac08-396cde53,1,1,1,0.5,0.5,0.5
b35dac08-a80be8c5,2,2,2,1.0,1.0,1.0
b35f4a74-bd3dd74f,1,1,1,0.5,0.5,0.5
b362130a-d4f3a32a,0,0,0,0.25,0.25,0.25
b364b881-5dd3ec28,0,0,0,0.25,0.25,0.25
b366921d-956d220b,0,0,0,0.25,0.25,0.25
b36710b9-7f5e88a3,0,0,0,0.25,0.25,0.25
b3674f80-8070d692,2,2,2,1.0,1.0,1.0
b3683422-cce330a8,2,2,2,1.0,1.0,1.0
b368ee71-aba6eeef,1,1,1,0.5,0.5,0.5
b368ee71-c63152ff,0,0,0,0.25,0.25,0.25
b368ee71-cf27b7fa,1,1,1,0.5,0.5,0.5
b368ee71-e2f04304,0,0,0,0.25,0.25,0.25
b36a5c73-437be32a,0,0,0,0.25,0.25,0.25
b36a5c73-64eacfbf,0,0,0,0.25,0.25,0.25
b36a5c73-7985c3ec,0,0,0,0.25,0.25,0.25
b36a5c73-cf70561a,2,2,2,1.0,1.0,1.0
b36d14ea-eed9255b,1,1,1,0.5,0.5,0.5
b36de7af-08e5967a,0,0,0,0.25,0.25,0.25
b36de7af-887696f9,0,0,0,0.25,0.25,0.25
b36de7af-ca137216,1,1,1,0.5,0.5,0.5
b36e0178-0f46bca5,0,0,0,0.25,0.25,0.25
b36e0178-2037ca44,0,0,0,0.25,0.25,0.25
b36fcdfe-fd6585e0,1,1,1,0.5,0.5,0.5
b3709948-6e8ef33d,2,2,2,1.0,1.0,1.0
b371451e-7caf934b,0,0,0,0.25,0.25,0.25
b371dc0e-a5f4365f,0,0,0,0.25,0.25,0.25
b37385bd-9d5b76d4,0,0,0,0.25,0.25,0.25
b37693d0-cd9bdf88,2,2,2,1.0,1.0,1.0
b376c5c2-07a93591,1,1,1,0.5,0.5,0.5
b3770858-ea33d0dc,0,0,0,0.25,0.25,0.25
b3770858-fa8c241b,1,1,1,0.5,0.5,0.5
b378e452-3aa3d11d,2,2,2,1.0,1.0,1.0
b378e452-c639ce0f,0,0,0,0.25,0.25,0.25
b37b0528-92d07297,0,0,0,0.25,0.25,0.25
b37b9cf2-9d52b009,0,0,0,0.25,0.25,0.25
b37c1ca4-561ffad3,0,0,0,0.25,0.25,0.25
b37c2955-5f0aef70,2,2,2,1.0,1.0,1.0
b37c2955-66532a77,2,2,2,1.0,1.0,1.0
b37c5be2-b9164b91,2,2,2,1.0,1.0,1.0
b37c86c4-53f2f54c,0,0,0,0.25,0.25,0.25
b37cacf7-0d3ce003,2,2,2,1.0,1.0,1.0
b37d75bd-e971140f,0,0,0,0.25,0.25,0.25
b37dfad0-708bd5bb,2,2,2,1.0,1.0,1.0
b37e9cc3-cf8111d8,0,0,0,0.25,0.25,0.25
b37f2b89-44772e64,0,0,0,0.25,0.25,0.25
b37fcc2f-fa9beaf4,1,1,1,0.5,0.5,0.5
b380ae2f-afd868dc,0,0,0,0.25,0.25,0.25
b3810b68-42b78db3,0,0,0,0.25,0.25,0.25
b3815e24-b9565680,1,1,1,0.5,0.5,0.5
b3823cab-48611ba2,0,0,0,0.25,0.25,0.25
b3823cab-b88da702,2,2,2,1.0,1.0,1.0
b3826400-c03b5432,2,2,2,1.0,1.0,1.0
b3826fd8-774c2e0a,2,2,2,1.0,1.0,1.0
b3841888-101ea0f3,0,0,0,0.25,0.25,0.25
b3853f81-272f6c37,2,2,2,1.0,1.0,1.0
b38580a1-f26eb052,2,2,2,1.0,1.0,1.0
b385ecb1-7f38178b,0,0,0,0.25,0.25,0.25
b3865788-92f46f80,2,2,2,1.0,1.0,1.0
b386d34e-a6a9ea07,0,0,0,0.25,0.25,0.25
b3875c8d-cc4081eb,1,1,1,0.5,0.5,0.5
b388f9b2-55dbd56a,0,0,0,0.25,0.25,0.25
b388f9b2-a91718d0,1,1,1,0.5,0.5,0.5
b3899bec-df46f67b,1,1,1,0.5,0.5,0.5
b38b2b6a-77f9d5e5,0,0,0,0.25,0.25,0.25
b38b2b6a-cb374ce8,0,0,0,0.25,0.25,0.25
b38b4f98-0e8820b0,0,0,0,0.25,0.25,0.25
b38b8783-9cc1ad04,0,0,0,0.25,0.25,0.25
b38e631d-e2d95e18,0,0,0,0.25,0.25,0.25
b38f59d4-58f1cff8,0,0,0,0.25,0.25,0.25
b38f59d4-8dfeca9f,2,2,2,1.0,1.0,1.0
b38fb69e-5f5f73ae,1,1,1,0.5,0.5,0.5
b38fb69e-99642683,0,0,0,0.25,0.25,0.25
b3931c96-5417a573,1,1,1,0.5,0.5,0.5
b3933f83-a32ef4fd,0,0,0,0.25,0.25,0.25
b394dd7a-8901eb36,0,0,0,0.25,0.25,0.25
b394dd7a-db2b62a1,1,1,1,0.5,0.5,0.5
b394dd7a-fe45748a,1,1,1,0.5,0.5,0.5
b39519c6-7f66da0f,0,0,0,0.25,0.25,0.25
b39519c6-b3787b96,2,2,2,1.0,1.0,1.0
b39572b6-aa95db3d,0,0,0,0.25,0.25,0.25
b39572b6-ad240c2b,0,0,0,0.25,0.25,0.25
b3967d1b-0088ba4e,1,1,1,0.5,0.5,0.5
b3967d1b-2ff5c0ef,0,0,0,0.25,0.25,0.25
b3967d1b-5dbec492,1,1,1,0.5,0.5,0.5
b3969458-13fa5e0e,0,0,0,0.25,0.25,0.25
b3969458-7c67d658,1,1,1,0.5,0.5,0.5
b396946b-d29f75f9,0,0,0,0.25,0.25,0.25
b396e413-6c8191b9,0,0,0,0.25,0.25,0.25
b398327e-08f3a1f2,0,0,0,0.25,0.25,0.25
b398327e-3d2a2683,2,2,2,1.0,1.0,1.0
b398327e-f873cb8b,1,1,1,0.5,0.5,0.5
b398a52e-5d44ea66,0,0,0,0.25,0.25,0.25
b398e0fb-257cf424,0,0,0,0.25,0.25,0.25
b3990772-45bf6ad7,1,1,1,0.5,0.5,0.5
b3990aa9-4fb64582,0,0,0,0.25,0.25,0.25
b3990aa9-8adaa51a,2,2,2,1.0,1.0,1.0
b39dd7ca-a740454f,0,0,0,0.25,0.25,0.25
b39e8c78-f02c29c6,0,0,0,0.25,0.25,0.25
b39fe3cd-076e7ef7,0,0,0,0.25,0.25,0.25
b39fe3cd-12217985,0,0,0,0.25,0.25,0.25
b39fe3cd-183566f9,1,1,1,0.5,0.5,0.5
b39fe3cd-1eb875fa,1,1,1,0.5,0.5,0.5
b39fe3cd-227ff7a8,2,2,2,1.0,1.0,1.0
b39fe3cd-29b2a728,0,0,0,0.25,0.25,0.25
b39fe3cd-2a77c651,0,0,0,0.25,0.25,0.25
b39fe3cd-2b89090a,2,2,2,1.0,1.0,1.0
b39fe3cd-34b1611e,1,1,1,0.5,0.5,0.5
b39fe3cd-398678c5,0,0,0,0.25,0.25,0.25
b39fe3cd-553d15a3,1,1,1,0.5,0.5,0.5
b39fe3cd-65f6ed9d,0,0,0,0.25,0.25,0.25
b39fe3cd-d295442e,2,2,2,1.0,1.0,1.0
b39fe3cd-d5fb9508,0,0,0,0.25,0.25,0.25
b39fe3cd-f0d534c0,0,0,0,0.25,0.25,0.25
b39ffdda-b9a4ad33,0,0,0,0.25,0.25,0.25
b39ffdda-eec0cc38,0,0,0,0.25,0.25,0.25
b3a087a4-9d116610,0,0,0,0.25,0.25,0.25
b3a102ed-6ef54f5e,0,0,0,0.25,0.25,0.25
b3a1e72b-1f4b129d,0,0,0,0.25,0.25,0.25
b3a1e72b-f46924ca,0,0,0,0.25,0.25,0.25
b3a1e72b-f9a8ed50,0,0,0,0.25,0.25,0.25
b3a238e3-de6b8b86,0,0,0,0.25,0.25,0.25
b3a238e3-ede6d45d,1,1,1,0.5,0.5,0.5
b3a3d166-3a6a258d,1,1,1,0.5,0.5,0.5
b3a4cbbb-73f71148,0,0,0,0.25,0.25,0.25
b3a4cbbb-b67444d7,0,0,0,0.25,0.25,0.25
b3a58c04-e89d17a2,0,0,0,0.25,0.25,0.25
b3a6f586-21d97cce,2,2,2,1.0,1.0,1.0
b3a6f586-23d13c49,1,1,1,0.5,0.5,0.5
b3a6f586-3ea7e1ad,0,0,0,0.25,0.25,0.25
b3a72605-98b37492,0,0,0,0.25,0.25,0.25
b3a76bd5-4e7a1ce2,0,0,0,0.25,0.25,0.25
b3a7b21a-48bcf2b8,0,0,0,0.25,0.25,0.25
b3a84a0f-0fb529e1,0,0,0,0.25,0.25,0.25
b3a84a0f-61844c69,1,1,1,0.5,0.5,0.5
b3a87019-ba714074,2,2,2,1.0,1.0,1.0
b3a9281a-74ae5b60,2,2,2,1.0,1.0,1.0
b3a9281a-75473a1b,0,0,0,0.25,0.25,0.25
b3a9281a-8b4f26f1,2,2,2,1.0,1.0,1.0
b3a9281a-e8ba5d66,0,0,0,0.25,0.25,0.25
b3a94ee5-68ed7d65,0,0,0,0.25,0.25,0.25
b3a969fe-5181b89f,2,2,2,1.0,1.0,1.0
b3aacff1-967c15c1,0,0,0,0.25,0.25,0.25
b3acb0a1-f459ea19,0,0,0,0.25,0.25,0.25
b3ae380d-76bac333,2,2,2,1.0,1.0,1.0
b3ae7668-c78f47c8,2,2,2,1.0,1.0,1.0
b3b06694-627742e3,0,0,0,0.25,0.25,0.25
b3b0f7f7-c97288ca,1,1,1,0.5,0.5,0.5
b3b2ffbe-cd80cda8,0,0,0,0.25,0.25,0.25
b3b44b49-3af119e3,2,2,2,1.0,1.0,1.0
b3b44b49-7336e3ee,1,1,1,0.5,0.5,0.5
b3b4c0fe-2683b31e,0,0,0,0.25,0.25,0.25
b3b64b42-403091d9,1,1,1,0.5,0.5,0.5
b3b64b42-dab3c506,1,1,1,0.5,0.5,0.5
b3b8fce6-c67646a7,1,1,1,0.5,0.5,0.5
b3b94eea-b06bca81,0,0,0,0.25,0.25,0.25
b3b9ee6e-6d2617d1,2,2,2,1.0,1.0,1.0
b3bbc110-3ef16a61,0,0,0,0.25,0.25,0.25
b3bc36c8-03cb07d2,0,0,0,0.25,0.25,0.25
b3be4113-1fb56ec4,1,1,1,0.5,0.5,0.5
b3be4113-a7c6d89b,1,1,1,0.5,0.5,0.5
b3c0357a-10fef986,0,0,0,0.25,0.25,0.25
b3c0460d-33d7256d,0,0,0,0.25,0.25,0.25
b3c094d3-75cda540,0,0,0,0.25,0.25,0.25
b3c21bae-260d0b00,2,2,2,1.0,1.0,1.0
b3c26aff-417063a0,2,2,2,1.0,1.0,1.0
b3c26aff-63a0d7d6,2,2,2,1.0,1.0,1.0
b3c2f984-a6fb75a4,0,0,0,0.25,0.25,0.25
b3c39081-34b43a1c,0,0,0,0.25,0.25,0.25
b3c3f8ef-8f40dc74,0,0,0,0.25,0.25,0.25
b3c4e98b-0c191966,0,0,0,0.25,0.25,0.25
b3c4e98b-2788a3e8,1,1,1,0.5,0.5,0.5
b3c4e98b-8469f497,1,1,1,0.5,0.5,0.5
b3c4e98b-da58e181,1,1,1,0.5,0.5,0.5
b3c672a8-b7b886ae,0,0,0,0.25,0.25,0.25
b3c939e3-370d8f4a,2,2,2,1.0,1.0,1.0
b3c939e3-3fb7622a,1,1,1,0.5,0.5,0.5
b3c939e3-61fb6427,0,0,0,0.25,0.25,0.25
b3c9eef1-dcb3d0e7,0,0,0,0.25,0.25,0.25
b3cc736f-03134262,0,0,0,0.25,0.25,0.25
b3cc736f-7a7794c0,1,1,1,0.5,0.5,0.5
b3cc736f-b7a66149,0,0,0,0.25,0.25,0.25
b3cd4bfe-93377084,0,0,0,0.25,0.25,0.25
b3ce9f98-2b3d06d6,2,2,2,1.0,1.0,1.0
b3ce9f98-2dc52573,0,0,0,0.25,0.25,0.25
b3ce9f98-97451163,1,1,1,0.5,0.5,0.5
b3d0ccae-26380ab5,0,0,0,0.25,0.25,0.25
b3d0d68d-cc5961d6,1,1,1,0.5,0.5,0.5
b3d264b3-fbaef5ac,1,1,1,0.5,0.5,0.5
b3d4554c-86182e6e,1,1,1,0.5,0.5,0.5
b3d46fca-a69e8189,1,1,1,0.5,0.5,0.5
b3d46fca-a8bd9b5c,1,1,1,0.5,0.5,0.5
b3d46fca-dbf2af72,0,0,0,0.25,0.25,0.25
b3d54db3-9ac260a3,0,0,0,0.25,0.25,0.25
b3d67c06-57b140bf,0,0,0,0.25,0.25,0.25
b3d6c39a-07f81865,2,2,2,1.0,1.0,1.0
b3d6c39a-0a14df0d,0,0,0,0.25,0.25,0.25
b3d6c39a-7bb39a3a,1,1,1,0.5,0.5,0.5
b3d6c39a-a396c692,2,2,2,1.0,1.0,1.0
b3d6c39a-ecf305b3,0,0,0,0.25,0.25,0.25
b3da33d5-a64e7657,1,1,1,0.5,0.5,0.5
b3db60f1-533170c9,0,0,0,0.25,0.25,0.25
b3dc64cd-37f9c22d,0,0,0,0.25,0.25,0.25
b3dc64cd-705e7567,0,0,0,0.25,0.25,0.25
b3dd5345-15bbf8ed,1,1,1,0.5,0.5,0.5
b3dfa1f5-9f4eded2,0,0,0,0.25,0.25,0.25
b3e0345b-20d013f8,1,1,1,0.5,0.5,0.5
b3e0345b-69069f01,0,0,0,0.25,0.25,0.25
b3e0345b-ae566cbd,2,2,2,1.0,1.0,1.0
b3e08585-1fcf0877,0,0,0,0.25,0.25,0.25
b3e08585-3f5e6565,0,0,0,0.25,0.25,0.25
b3e08585-5cf240fb,1,1,1,0.5,0.5,0.5
b3e08585-cb03a2fb,1,1,1,0.5,0.5,0.5
b3e137e5-fe7ef981,1,1,1,0.5,0.5,0.5
b3e18480-118f9e2f,1,1,1,0.5,0.5,0.5
b3e18480-6c84e030,0,0,0,0.25,0.25,0.25
b3e2086f-4db03957,0,0,0,0.25,0.25,0.25
b3e2086f-d41fbd4d,0,0,0,0.25,0.25,0.25
b3e32b36-0ca66c00,0,0,0,0.25,0.25,0.25
b3e51564-d2ac524c,0,0,0,0.25,0.25,0.25
b3e65789-dfe0bc9e,0,0,0,0.25,0.25,0.25
b3e70fdd-e1df8660,0,0,0,0.25,0.25,0.25
b3e72283-34ebe4f5,1,1,1,0.5,0.5,0.5
b3e72283-584093dc,0,0,0,0.25,0.25,0.25
b3e72283-595c3576,0,0,0,0.25,0.25,0.25
b3e72283-d1f9593d,0,0,0,0.25,0.25,0.25
b3e72283-d9fc39b0,0,0,0,0.25,0.25,0.25
b3e74777-122e3878,0,0,0,0.25,0.25,0.25
b3e7bfdb-0ce50151,1,1,1,0.5,0.5,0.5
b3e83de5-c5e9dcca,1,1,1,0.5,0.5,0.5
b3e921ad-1fc43094,2,2,2,1.0,1.0,1.0
b3ea5e17-c67b7a7a,0,0,0,0.25,0.25,0.25
b3ea802a-8830eb32,0,0,0,0.25,0.25,0.25
b3ea802a-c689de9a,0,0,0,0.25,0.25,0.25
b3eafc22-1064ce9e,0,0,0,0.25,0.25,0.25
b3eb8895-e5b1e6df,1,1,1,0.5,0.5,0.5
b3ec8e38-41c64395,0,0,0,0.25,0.25,0.25
b3ee5ba2-6cc0565d,2,2,2,1.0,1.0,1.0
b3eede0e-f4585509,2,2,2,1.0,1.0,1.0
b3ef316c-2906f850,1,1,1,0.5,0.5,0.5
b3ef6557-e6709cd9,1,1,1,0.5,0.5,0.5
b3f0cdab-6712e58f,0,0,0,0.25,0.25,0.25
b3f0cdab-d5954c9a,1,1,1,0.5,0.5,0.5
b3f17367-d730de0b,1,1,1,0.5,0.5,0.5
b3f2fee7-1482dee6,0,0,0,0.25,0.25,0.25
b3f3c908-0ab1d376,0,0,0,0.25,0.25,0.25
b3f3c908-48568eda,1,1,1,0.5,0.5,0.5
b3f3c908-baffb699,0,0,0,0.25,0.25,0.25
b3f479a1-b85845b3,0,0,0,0.25,0.25,0.25
b3f59b98-e7f870e2,0,0,0,0.25,0.25,0.25
b3f603f2-4a80d188,2,2,2,1.0,1.0,1.0
b3f7c502-d89499e0,0,0,0,0.25,0.25,0.25
b3fbc6ad-4ee78a0d,1,1,1,0.5,0.5,0.5
b3fbc6ad-746053d9,0,0,0,0.25,0.25,0.25
b400b7f4-9c93e226,1,1,1,0.5,0.5,0.5
b401b6fa-a9a7f11d,0,0,0,0.25,0.25,0.25
b403b27c-37cac4b8,1,1,1,0.5,0.5,0.5
b40476bc-1397121a,1,1,1,0.5,0.5,0.5
b4065fc4-ede06556,0,0,0,0.25,0.25,0.25
b40669bb-19958f9a,0,0,0,0.25,0.25,0.25
b406dc5a-44d22755,0,0,0,0.25,0.25,0.25
b406dc5a-7a946e61,0,0,0,0.25,0.25,0.25
b407aa58-02233e09,0,0,0,0.25,0.25,0.25
b4082905-e694720e,2,2,2,1.0,1.0,1.0
b409ed8a-da6926db,1,1,1,0.5,0.5,0.5
b409ed8a-e7d46dce,0,0,0,0.25,0.25,0.25
b40b0ea3-b242efc9,0,0,0,0.25,0.25,0.25
b40cd5b3-ebe11d7a,0,0,0,0.25,0.25,0.25
b40ce2eb-ac2ffa01,1,1,1,0.5,0.5,0.5
b40ce2eb-c53a5e8e,0,0,0,0.25,0.25,0.25
b40e08ea-f2d97c95,0,0,0,0.25,0.25,0.25
b4110365-9ae12ee1,1,1,1,0.5,0.5,0.5
b4115405-2f28f75a,0,0,0,0.25,0.25,0.25
b413b23f-7c897b06,2,2,2,1.0,1.0,1.0
b415973a-b39bd6de,0,0,0,0.25,0.25,0.25
b415cc29-7371aa85,0,0,0,0.25,0.25,0.25
b4174c37-1f3b4b77,0,0,0,0.25,0.25,0.25
b417ddcd-b1a6dfc8,0,0,0,0.25,0.25,0.25
b41ace08-830c808c,1,1,1,0.5,0.5,0.5
b41ace08-88fb022d,1,1,1,0.5,0.5,0.5
b41ace08-8b937256,1,1,1,0.5,0.5,0.5
b41ace08-c8468690,1,1,1,0.5,0.5,0.5
b41b3454-e034bb74,0,0,0,0.25,0.25,0.25
b41cc383-337e708b,0,0,0,0.25,0.25,0.25
b41d0744-6cabc495,0,0,0,0.25,0.25,0.25
b41d35f8-6cf85033,2,2,2,1.0,1.0,1.0
b41d71c1-47e43030,2,2,2,1.0,1.0,1.0
b41e6d87-872385f8,0,0,0,0.25,0.25,0.25
b4201bd2-75c1998d,1,1,1,0.5,0.5,0.5
b421c89a-c7cdebb4,2,2,2,1.0,1.0,1.0
b422ec08-236606a0,0,0,0,0.25,0.25,0.25
b422ec08-d42660b6,0,0,0,0.25,0.25,0.25
b4235ab3-6f3f972f,0,0,0,0.25,0.25,0.25
b4235ab3-a1c929ae,0,0,0,0.25,0.25,0.25
b4235ab3-b305d3e9,1,1,1,0.5,0.5,0.5
b4253085-22b9e610,1,1,1,0.5,0.5,0.5
b4253085-3de357a1,0,0,0,0.25,0.25,0.25
b4253085-85838593,2,2,2,1.0,1.0,1.0
b4253085-9f907156,0,0,0,0.25,0.25,0.25
b4253085-ce679d21,0,0,0,0.25,0.25,0.25
b4253085-d5fcbadc,1,1,1,0.5,0.5,0.5
b4253988-26b49c14,1,1,1,0.5,0.5,0.5
b4259d0f-137ad720,0,0,0,0.25,0.25,0.25
b4259d0f-8b672078,0,0,0,0.25,0.25,0.25
b4259d0f-d93d7a19,1,1,1,0.5,0.5,0.5
b426ea12-4e58141a,0,0,0,0.25,0.25,0.25
b4278d1f-3a128041,2,2,2,1.0,1.0,1.0
b4278d1f-dbd0295c,0,0,0,0.25,0.25,0.25
b4284bbe-1905abe0,1,1,1,0.5,0.5,0.5
b42913b9-49092dfe,1,1,1,0.5,0.5,0.5
b42acb4c-ac2e0180,0,0,0,0.25,0.25,0.25
b42b0859-0e5601ac,2,2,2,1.0,1.0,1.0
b42cd355-1ce051b1,2,2,2,1.0,1.0,1.0
b42df626-243bcce8,1,1,1,0.5,0.5,0.5
b42df626-3c4d9bfd,1,1,1,0.5,0.5,0.5
b42df626-73f78ba9,1,1,1,0.5,0.5,0.5
b42df626-bee4420b,0,0,0,0.25,0.25,0.25
b42df626-e358ca4a,1,1,1,0.5,0.5,0.5
b42e1548-6b544378,0,0,0,0.25,0.25,0.25
b42e6271-4bce300c,0,0,0,0.25,0.25,0.25
b42fdaf1-0925c561,2,2,2,1.0,1.0,1.0
b4301c7b-735da0d0,0,0,0,0.25,0.25,0.25
b4301c7b-da5261f0,2,2,2,1.0,1.0,1.0
b4304e43-89ba0daa,0,0,0,0.25,0.25,0.25
b4333743-072dae1e,1,1,1,0.5,0.5,0.5
b433534e-ff3646aa,2,2,2,1.0,1.0,1.0
b4340944-5f7048d1,0,0,0,0.25,0.25,0.25
b439c4fe-5064fe59,0,0,0,0.25,0.25,0.25
b439d51b-5d88ba11,1,1,1,0.5,0.5,0.5
b43bcc83-c97d569e,0,0,0,0.25,0.25,0.25
b43de6e1-f20e4351,1,1,1,0.5,0.5,0.5
b43eb946-92f9152d,1,1,1,0.5,0.5,0.5
b43eb946-b8bc931c,0,0,0,0.25,0.25,0.25
b43eb946-c0cad251,1,1,1,0.5,0.5,0.5
b440d54c-2aff7bf8,2,2,2,1.0,1.0,1.0
b440d54c-5f5ff777,0,0,0,0.25,0.25,0.25
b442c34a-6fe5cbba,1,1,1,0.5,0.5,0.5
b4448a1d-e9c03bb5,0,0,0,0.25,0.25,0.25
b4466011-05cbc315,0,0,0,0.25,0.25,0.25
b446d26a-9717e68c,1,1,1,0.5,0.5,0.5
b4475526-2f0bca11,2,2,2,1.0,1.0,1.0
b4475526-4a48bfe5,1,1,1,0.5,0.5,0.5
b4475e22-27ceb162,0,0,0,0.25,0.25,0.25
b4478c66-0103c647,2,2,2,1.0,1.0,1.0
b447a3cf-10656b18,0,0,0,0.25,0.25,0.25
b449af64-1cfd83f9,0,0,0,0.25,0.25,0.25
b44a71bf-4d366798,0,0,0,0.25,0.25,0.25
b44a71bf-712b4538,2,2,2,1.0,1.0,1.0
b44a7e5f-1db66cfe,0,0,0,0.25,0.25,0.25
b44a7e5f-30a49487,0,0,0,0.25,0.25,0.25
b44a7e5f-37c27ba5,0,0,0,0.25,0.25,0.25
b44a7e5f-89b66e95,0,0,0,0.25,0.25,0.25
b44b6eff-dda9780d,2,2,2,1.0,1.0,1.0
b44bcbbe-e980e271,1,1,1,0.5,0.5,0.5
b44cb319-fb4c4b4f,1,1,1,0.5,0.5,0.5
b44d57fb-e85243b2,2,2,2,1.0,1.0,1.0
b44ee0ec-a0786e4c,0,0,0,0.25,0.25,0.25
b44f2475-c80a51b7,0,0,0,0.25,0.25,0.25
b44f7365-beb4d3e7,0,0,0,0.25,0.25,0.25
b44fd543-87f493ee,0,0,0,0.25,0.25,0.25
b44fd543-a15ceadf,1,1,1,0.5,0.5,0.5
b451b495-bb458d47,2,2,2,1.0,1.0,1.0
b4536117-bc85ba28,0,0,0,0.25,0.25,0.25
b454034b-d84dae74,0,0,0,0.25,0.25,0.25
b4542860-0b880bb4,2,2,2,1.0,1.0,1.0
b4542860-40cc6d5a,2,2,2,1.0,1.0,1.0
b4542860-e818b412,2,2,2,1.0,1.0,1.0
b4543c78-696f5be4,2,2,2,1.0,1.0,1.0
b4543c78-db967acc,0,0,0,0.25,0.25,0.25
b4543c78-ee2e75f3,0,0,0,0.25,0.25,0.25
b4561bec-26a99096,0,0,0,0.25,0.25,0.25
b4581cf1-8515d725,0,0,0,0.25,0.25,0.25
b4581cf1-fa4a5f32,1,1,1,0.5,0.5,0.5
b45928e6-f07ac4c9,0,0,0,0.25,0.25,0.25
b4599849-8379f0de,0,0,0,0.25,0.25,0.25
b4599acc-dd9c9177,1,1,1,0.5,0.5,0.5
b459e707-2d208c56,2,2,2,1.0,1.0,1.0
b45a63ea-fb379a2d,0,0,0,0.25,0.25,0.25
b45d3222-6a6544e2,1,1,1,0.5,0.5,0.5
b45ddf05-e4775ab6,1,1,1,0.5,0.5,0.5
b45f01c5-85bc12e8,2,2,2,1.0,1.0,1.0
b45f2c17-2cae6d9f,0,0,0,0.25,0.25,0.25
b45f2c17-e27031fb,0,0,0,0.25,0.25,0.25
b46009c2-72be5f8b,1,1,1,0.5,0.5,0.5
b46009c2-9334336d,1,1,1,0.5,0.5,0.5
b46009c2-f64f79ff,0,0,0,0.25,0.25,0.25
b46009c2-f92ccaa1,1,1,1,0.5,0.5,0.5
b4607812-225d9a01,0,0,0,0.25,0.25,0.25
b4607812-48ed5dcb,2,2,2,1.0,1.0,1.0
b4607812-9259ade8,2,2,2,1.0,1.0,1.0
b4607812-d0ab0af7,0,0,0,0.25,0.25,0.25
b4620633-1c10abdb,1,1,1,0.5,0.5,0.5
b4626a3d-9361e0fd,1,1,1,0.5,0.5,0.5
b462d8a3-a32ccc75,0,0,0,0.25,0.25,0.25
b4632db3-9724d92c,2,2,2,1.0,1.0,1.0
b46478b0-167fe009,0,0,0,0.25,0.25,0.25
b46478b0-1eb55806,2,2,2,1.0,1.0,1.0
b464d209-9e91f389,0,0,0,0.25,0.25,0.25
b4654b11-c935938c,1,1,1,0.5,0.5,0.5
b4654b11-fc1af85a,0,0,0,0.25,0.25,0.25
b4672385-6ea18d27,1,1,1,0.5,0.5,0.5
b4672385-70ffa818,2,2,2,1.0,1.0,1.0
b4688d0b-3e2bda23,0,0,0,0.25,0.25,0.25
b46a845f-8867c137,0,0,0,0.25,0.25,0.25
b46d2f57-0fb71a0d,0,0,0,0.25,0.25,0.25
b46d2f57-82953e7a,1,1,1,0.5,0.5,0.5
b46ee89c-5d054327,2,2,2,1.0,1.0,1.0
b46ee89c-76b16eec,0,0,0,0.25,0.25,0.25
b46efeed-4e09d4a1,0,0,0,0.25,0.25,0.25
b46efeed-a398b08d,0,0,0,0.25,0.25,0.25
b46efeed-d21567e0,2,2,2,1.0,1.0,1.0
b470a84a-fcde9033,0,0,0,0.25,0.25,0.25
b4712ebe-91e430b2,0,0,0,0.25,0.25,0.25
b4712ebe-9ecac024,0,0,0,0.25,0.25,0.25
b4715825-7c265849,0,0,0,0.25,0.25,0.25
b4715825-e1fbf174,0,0,0,0.25,0.25,0.25
b47262a4-3c664e48,1,1,1,0.5,0.5,0.5
b47262a4-aa7a5ad9,0,0,0,0.25,0.25,0.25
b47262a4-b17e0871,1,1,1,0.5,0.5,0.5
b472aeb8-f6353af9,2,2,2,1.0,1.0,1.0
b4735a56-3315b8d6,1,1,1,0.5,0.5,0.5
b473c236-79848d60,0,0,0,0.25,0.25,0.25
b473c3c3-f52b760e,0,0,0,0.25,0.25,0.25
b477c2e7-6590a089,0,0,0,0.25,0.25,0.25
b478cdd5-9cf96449,0,0,0,0.25,0.25,0.25
b479f06d-2cc86910,0,0,0,0.25,0.25,0.25
b479f06d-83153737,0,0,0,0.25,0.25,0.25
b47cbe8c-411ffa20,0,0,0,0.25,0.25,0.25
b47cbe8c-f90cd4ec,1,1,1,0.5,0.5,0.5
b47f85d4-6cc172b6,2,2,2,1.0,1.0,1.0
b47f85d4-c6562257,0,0,0,0.25,0.25,0.25
b48012c1-619fc3eb,1,1,1,0.5,0.5,0.5
b48012c1-fbcf8e5c,1,1,1,0.5,0.5,0.5
b4823e33-8cabe78b,0,0,0,0.25,0.25,0.25
b483a180-56a9db7c,0,0,0,0.25,0.25,0.25
b484aa24-d70cf6e5,2,2,2,1.0,1.0,1.0
b484aa6b-23bfffa8,0,0,0,0.25,0.25,0.25
b4860efe-0056999a,0,0,0,0.25,0.25,0.25
b4860efe-127bd880,0,0,0,0.25,0.25,0.25
b4860efe-4647e771,0,0,0,0.25,0.25,0.25
b4860efe-c0a45030,0,0,0,0.25,0.25,0.25
b4860efe-c78e84fa,0,0,0,0.25,0.25,0.25
b4863201-63b08472,1,1,1,0.5,0.5,0.5
b4863201-6521c146,1,1,1,0.5,0.5,0.5
b486e8ba-a96e55e5,2,2,2,1.0,1.0,1.0
b487a2fa-001bf8be,1,1,1,0.5,0.5,0.5
b487a2fa-0821d7a6,0,0,0,0.25,0.25,0.25
b487a2fa-53094db8,0,0,0,0.25,0.25,0.25
b487a2fa-b74b81bc,0,0,0,0.25,0.25,0.25
b4888487-83bb5db4,0,0,0,0.25,0.25,0.25
b48a6dea-df402aaa,1,1,1,0.5,0.5,0.5
b48b4ae2-cd8800d8,1,1,1,0.5,0.5,0.5
b48c7b5f-0beee565,0,0,0,0.25,0.25,0.25
b48c7b5f-49fec7f1,0,0,0,0.25,0.25,0.25
b48c7b5f-76b4418e,0,0,0,0.25,0.25,0.25
b48c7b5f-800d31b4,1,1,1,0.5,0.5,0.5
b48c7b5f-ae58463a,1,1,1,0.5,0.5,0.5
b48c7b5f-cec3fed8,0,0,0,0.25,0.25,0.25
b48c7b5f-d1d94eaf,1,1,1,0.5,0.5,0.5
b48ca7aa-40d54a99,1,1,1,0.5,0.5,0.5
b48dd7b4-6462b6f7,0,0,0,0.25,0.25,0.25
b48dd7b4-950fc1b4,1,1,1,0.5,0.5,0.5
b48dd7b4-9cc0d29a,0,0,0,0.25,0.25,0.25
b48eb8a9-6e9beea8,0,0,0,0.25,0.25,0.25
b48ef806-82544a56,0,0,0,0.25,0.25,0.25
b48f3f71-eec18320,0,0,0,0.25,0.25,0.25
b48fabad-9ef198f0,0,0,0,0.25,0.25,0.25
b48fc70b-2ca6ed01,1,1,1,0.5,0.5,0.5
b48fc70b-34dc3139,1,1,1,0.5,0.5,0.5
b48fc70b-72a49533,0,0,0,0.25,0.25,0.25
b48fc70b-9d91e215,0,0,0,0.25,0.25,0.25
b48fc70b-b1a801f2,1,1,1,0.5,0.5,0.5
b4901f32-1ede5a35,0,0,0,0.25,0.25,0.25
b4901f32-5e356f74,0,0,0,0.25,0.25,0.25
b4927f8e-fb16ed87,0,0,0,0.25,0.25,0.25
b4946e87-165efbb5,0,0,0,0.25,0.25,0.25
b4946e87-e2fe2819,1,1,1,0.5,0.5,0.5
b4946e87-f31e29b1,2,2,2,1.0,1.0,1.0
b4946e87-fe31271f,1,1,1,0.5,0.5,0.5
b495e3ab-90180a0e,0,0,0,0.25,0.25,0.25
b496906c-86644814,0,0,0,0.25,0.25,0.25
b49698d7-1999d598,0,0,0,0.25,0.25,0.25
b4982ab8-780c40a0,1,1,1,0.5,0.5,0.5
b49944e9-57ac98be,0,0,0,0.25,0.25,0.25
b4998daa-2074f0c8,1,1,1,0.5,0.5,0.5
b499ff48-31afe322,1,1,1,0.5,0.5,0.5
b499ff48-6a0b212e,0,0,0,0.25,0.25,0.25
b49a1b50-186fb520,0,0,0,0.25,0.25,0.25
b49a1b50-aad00d19,0,0,0,0.25,0.25,0.25
b49a272b-c52895c3,0,0,0,0.25,0.25,0.25
b49d2384-af5fd985,1,1,1,0.5,0.5,0.5
b49d6c0d-457e13b3,0,0,0,0.25,0.25,0.25
b49d6c0d-bb90cc08,2,2,2,1.0,1.0,1.0
b49f5a46-b38ad0c6,2,2,2,1.0,1.0,1.0
b4a08ee2-5cac9543,0,0,0,0.25,0.25,0.25
b4a23106-80491109,0,0,0,0.25,0.25,0.25
b4a23106-f7270c1c,0,0,0,0.25,0.25,0.25
b4a240e1-6e3cd8b8,1,1,1,0.5,0.5,0.5
b4a2565f-3fc0ab61,0,0,0,0.25,0.25,0.25
b4a2cbc5-fc978a94,1,1,1,0.5,0.5,0.5
b4a4d2a8-450f54f5,0,0,0,0.25,0.25,0.25
b4a63a7e-429587ed,0,0,0,0.25,0.25,0.25
b4a63a7e-74155969,1,1,1,0.5,0.5,0.5
b4a8e0fd-7ca55075,1,1,1,0.5,0.5,0.5
b4a8ec73-0c39599d,0,0,0,0.25,0.25,0.25
b4a8ec73-1c6196a0,2,2,2,1.0,1.0,1.0
b4a8ec73-22166ba3,1,1,1,0.5,0.5,0.5
b4a8ec73-4a6c61c7,0,0,0,0.25,0.25,0.25
b4a8ec73-70456cee,1,1,1,0.5,0.5,0.5
b4a8ec73-7e0ae9b4,0,0,0,0.25,0.25,0.25
b4a8ec73-893c4da4,1,1,1,0.5,0.5,0.5
b4a99fcc-7870a48b,0,0,0,0.25,0.25,0.25
b4a99fcc-8552240d,2,2,2,1.0,1.0,1.0
b4a99fcc-a81c5051,1,1,1,0.5,0.5,0.5
b4a99fcc-cc3d571d,1,1,1,0.5,0.5,0.5
b4a99fcc-d849eaf4,1,1,1,0.5,0.5,0.5
b4a99fcc-e26717df,0,0,0,0.25,0.25,0.25
b4a9b6ca-010d823b,1,1,1,0.5,0.5,0.5
b4a9b6ca-b621ed11,1,1,1,0.5,0.5,0.5
b4aa2f44-023fb7df,2,2,2,1.0,1.0,1.0
b4aa2f44-0c91b13d,2,2,2,1.0,1.0,1.0
b4aa7fc1-2c1fdd4c,0,0,0,0.25,0.25,0.25
b4aabd48-38c15aba,0,0,0,0.25,0.25,0.25
b4aabd48-612afbae,0,0,0,0.25,0.25,0.25
b4aabd48-89db54e4,2,2,2,1.0,1.0,1.0
b4ad4365-c1607665,0,0,0,0.25,0.25,0.25
b4ad971b-6ca3cd79,2,2,2,1.0,1.0,1.0
b4ae70d9-a8099055,1,1,1,0.5,0.5,0.5
b4aefa17-2444bcc7,0,0,0,0.25,0.25,0.25
b4aefa17-93a7efac,1,1,1,0.5,0.5,0.5
b4aefa17-a90ffac2,1,1,1,0.5,0.5,0.5
b4b07c88-3e6d65a0,0,0,0,0.25,0.25,0.25
b4b07c88-e71768f1,0,0,0,0.25,0.25,0.25
b4b083a0-820bc2c4,1,1,1,0.5,0.5,0.5
b4b09f5b-11633a17,2,2,2,1.0,1.0,1.0
b4b09f5b-c3870eca,0,0,0,0.25,0.25,0.25
b4b15ff2-16c70581,1,1,1,0.5,0.5,0.5
b4b1aa64-e3cbad0f,1,1,1,0.5,0.5,0.5
b4b2f8e1-18accb75,0,0,0,0.25,0.25,0.25
b4b2f8e1-75b238e1,2,2,2,1.0,1.0,1.0
b4b2f8e1-99a5df57,1,1,1,0.5,0.5,0.5
b4b394c2-148397ab,0,0,0,0.25,0.25,0.25
b4b394c2-e2f83664,0,0,0,0.25,0.25,0.25
b4b47b81-90c3dbae,0,0,0,0.25,0.25,0.25
b4b4b979-a64f258c,1,1,1,0.5,0.5,0.5
b4b581ea-93722c60,1,1,1,0.5,0.5,0.5
b4b68779-1c75351a,0,0,0,0.25,0.25,0.25
b4b6fd78-9b7cfe0c,2,2,2,1.0,1.0,1.0
b4b6fd78-b1f488c2,1,1,1,0.5,0.5,0.5
b4b6fd78-e96e5ab8,0,0,0,0.25,0.25,0.25
b4b7133e-5672ca28,1,1,1,0.5,0.5,0.5
b4b7133e-94c56651,1,1,1,0.5,0.5,0.5
b4b7133e-f6650d64,0,0,0,0.25,0.25,0.25
b4b7133e-fdf86606,0,0,0,0.25,0.25,0.25
b4b98434-f30f1d1e,1,1,1,0.5,0.5,0.5
b4b99a3e-21dfc344,0,0,0,0.25,0.25,0.25
b4b99a3e-76e632f3,1,1,1,0.5,0.5,0.5
b4b99a3e-e90cbb5a,2,2,2,1.0,1.0,1.0
b4b9c39d-6409d1fd,2,2,2,1.0,1.0,1.0
b4ba0552-53249a02,1,1,1,0.5,0.5,0.5
b4bd3c3c-71724e6f,0,0,0,0.25,0.25,0.25
b4be0173-249b5f2f,1,1,1,0.5,0.5,0.5
b4c0a877-66fc6239,1,1,1,0.5,0.5,0.5
b4c0a877-7bdedc86,0,0,0,0.25,0.25,0.25
b4c0a877-dff9f7bb,1,1,1,0.5,0.5,0.5
b4c195ae-4dfb18d9,0,0,0,0.25,0.25,0.25
b4c29ddd-808b41d7,2,2,2,1.0,1.0,1.0
b4c29ddd-b9e5cb5e,2,2,2,1.0,1.0,1.0
b4c5ea2e-1a3ea72a,1,1,1,0.5,0.5,0.5
b4c62929-8d5e3448,0,0,0,0.25,0.25,0.25
b4c733a8-46d78670,2,2,2,1.0,1.0,1.0
b4c755fa-1ce17fa3,1,1,1,0.5,0.5,0.5
b4c86653-08648e05,0,0,0,0.25,0.25,0.25
b4c86653-3594c3a4,0,0,0,0.25,0.25,0.25
b4c86653-580097b3,0,0,0,0.25,0.25,0.25
b4c86653-91c24c62,0,0,0,0.25,0.25,0.25
b4c86653-a1c9c48e,2,2,2,1.0,1.0,1.0
b4c86653-a5abaf4e,0,0,0,0.25,0.25,0.25
b4c86653-aafa1676,0,0,0,0.25,0.25,0.25
b4c86653-d9ba99f4,0,0,0,0.25,0.25,0.25
b4c89ab1-5c72cd7d,0,0,0,0.25,0.25,0.25
b4c8a6c7-56206227,0,0,0,0.25,0.25,0.25
b4ca8154-1d0ea164,1,1,1,0.5,0.5,0.5
b4ca8154-8453f431,2,2,2,1.0,1.0,1.0
b4ca8154-fd2ddd24,0,0,0,0.25,0.25,0.25
b4ccb561-d750f8fc,1,1,1,0.5,0.5,0.5
b4ccfe4f-6585fb74,0,0,0,0.25,0.25,0.25
b4cf12d5-61fc3b07,1,1,1,0.5,0.5,0.5
b4d0e72d-3b208072,0,0,0,0.25,0.25,0.25
b4d18d1a-030f0601,1,1,1,0.5,0.5,0.5
b4d18d1a-193e24a1,2,2,2,1.0,1.0,1.0
b4d18d1a-44ae201b,0,0,0,0.25,0.25,0.25
b4d18d1a-6007c930,0,0,0,0.25,0.25,0.25
b4d18d1a-b72bb7eb,2,2,2,1.0,1.0,1.0
b4d18d1a-e9faf80a,1,1,1,0.5,0.5,0.5
b4d18d1a-fca70785,0,0,0,0.25,0.25,0.25
b4d2dede-0f9169f5,1,1,1,0.5,0.5,0.5
b4d2dede-18dc0cd0,1,1,1,0.5,0.5,0.5
b4d2dede-9b67d0bd,2,2,2,1.0,1.0,1.0
b4d35abd-b35897b3,0,0,0,0.25,0.25,0.25
b4d65110-23299ece,2,2,2,1.0,1.0,1.0
b4d65110-ac665389,0,0,0,0.25,0.25,0.25
b4d72ad8-ae73962e,2,2,2,1.0,1.0,1.0
b4d73ce8-d5b360f5,1,1,1,0.5,0.5,0.5
b4d9b889-6662ff4a,0,0,0,0.25,0.25,0.25
b4dd1c23-355940ff,1,1,1,0.5,0.5,0.5
b4dff9f4-bcac8fae,0,0,0,0.25,0.25,0.25
b4e3816e-2319f39e,0,0,0,0.25,0.25,0.25
b4e3816e-6cd8a1fe,0,0,0,0.25,0.25,0.25
b4e3e68f-3aa63f29,2,2,2,1.0,1.0,1.0
b4e58e8f-dff21e6a,2,2,2,1.0,1.0,1.0
b4e6cf20-6f6762ab,0,0,0,0.25,0.25,0.25
b4e7cde5-3ae908a3,1,1,1,0.5,0.5,0.5
b4e7cde5-bc961dfe,0,0,0,0.25,0.25,0.25
b4e84636-fd3e7810,2,2,2,1.0,1.0,1.0
b4e86b41-b15ff7cb,1,1,1,0.5,0.5,0.5
b4e927af-828f4a9b,0,0,0,0.25,0.25,0.25
b4e97132-0dbc3f9f,1,1,1,0.5,0.5,0.5
b4e97132-88561223,1,1,1,0.5,0.5,0.5
b4ea9ae8-35554080,0,0,0,0.25,0.25,0.25
b4eac100-0eaffca3,0,0,0,0.25,0.25,0.25
b4eac100-53651d93,0,0,0,0.25,0.25,0.25
b4eac100-c2a05392,1,1,1,0.5,0.5,0.5
b4eb79bd-288f1507,1,1,1,0.5,0.5,0.5
b4eb79bd-6ab32eb7,2,2,2,1.0,1.0,1.0
b4ec8b36-e81e510a,1,1,1,0.5,0.5,0.5
b4ecb933-08326feb,0,0,0,0.25,0.25,0.25
b4ed5563-12753b3c,1,1,1,0.5,0.5,0.5
b4ed5563-e22cb18a,0,0,0,0.25,0.25,0.25
b4ee5320-cb16ec42,0,0,0,0.25,0.25,0.25
b4eee282-a7157230,0,0,0,0.25,0.25,0.25
b4ef573f-199846ab,2,2,2,1.0,1.0,1.0
b4ef573f-5122732a,2,2,2,1.0,1.0,1.0
b4ef573f-8a8e0ea3,0,0,0,0.25,0.25,0.25
b4ef573f-a98f72d3,0,0,0,0.25,0.25,0.25
b4ef573f-c11cbaee,0,0,0,0.25,0.25,0.25
b4f1500e-901fb4e6,1,1,1,0.5,0.5,0.5
b4f2a76c-3ce3d91e,1,1,1,0.5,0.5,0.5
b4f2a76c-6b0c22e6,0,0,0,0.25,0.25,0.25
b4f360ca-78e0a64c,1,1,1,0.5,0.5,0.5
b4f49565-abd6b20b,0,0,0,0.25,0.25,0.25
b4f49565-ccd350b6,0,0,0,0.25,0.25,0.25
b4f4bd95-70f45b0f,0,0,0,0.25,0.25,0.25
b4f4bd95-a097514a,1,1,1,0.5,0.5,0.5
b4f4e648-58e39e89,0,0,0,0.25,0.25,0.25
b4f542b3-534c29f9,0,0,0,0.25,0.25,0.25
b4f59eb4-2992dd6d,1,1,1,0.5,0.5,0.5
b4f65b32-ff644e07,0,0,0,0.25,0.25,0.25
b4f85748-11ae5a20,1,1,1,0.5,0.5,0.5
b4f85748-94942db6,1,1,1,0.5,0.5,0.5
b4f85748-c4be0117,2,2,2,1.0,1.0,1.0
b4f9084d-207afc6e,0,0,0,0.25,0.25,0.25
b4f9084d-22f60127,0,0,0,0.25,0.25,0.25
b4f9084d-7cc2f042,0,0,0,0.25,0.25,0.25
b4f9084d-86d982ab,0,0,0,0.25,0.25,0.25
b4f9f50c-35823e7c,1,1,1,0.5,0.5,0.5
b4fa53bd-ca8d0317,1,1,1,0.5,0.5,0.5
b4fb7979-16f87335,0,0,0,0.25,0.25,0.25
b4fca1a4-f7e84f0b,2,2,2,1.0,1.0,1.0
b4fce2f5-d8eee5bb,2,2,2,1.0,1.0,1.0
b4fce2f5-ffc1247f,0,0,0,0.25,0.25,0.25
b4fcf852-0d288dba,0,0,0,0.25,0.25,0.25
b4fd3ecf-25548ea4,1,1,1,0.5,0.5,0.5
b4fe0b47-77c4f249,0,0,0,0.25,0.25,0.25
b4fe0b47-a7819060,2,2,2,1.0,1.0,1.0
b4fe8907-23618458,1,1,1,0.5,0.5,0.5
b4fe9ed3-7e469f87,0,0,0,0.25,0.25,0.25
b4ff6bda-27a63ee8,1,1,1,0.5,0.5,0.5
b5004c9e-d21fdd6e,0,0,0,0.25,0.25,0.25
b501bb52-7282ae0d,2,2,2,1.0,1.0,1.0
b501bb52-aab37014,2,2,2,1.0,1.0,1.0
b5022e95-a691dc1c,1,1,1,0.5,0.5,0.5
b5032e1d-d2f24352,0,0,0,0.25,0.25,0.25
b5032e1d-dad95b60,2,2,2,1.0,1.0,1.0
b5042634-1034573c,0,0,0,0.25,0.25,0.25
b5042634-4b1e927b,0,0,0,0.25,0.25,0.25
b5042634-d0148524,0,0,0,0.25,0.25,0.25
b5042634-edf42094,1,1,1,0.5,0.5,0.5
b5046f1e-0674657f,1,1,1,0.5,0.5,0.5
b5046f1e-340a743a,1,1,1,0.5,0.5,0.5
b5046f1e-7b9d98d0,2,2,2,1.0,1.0,1.0
b5046f1e-97a3a2e5,0,0,0,0.25,0.25,0.25
b5046f1e-99be1b00,0,0,0,0.25,0.25,0.25
b5046f1e-b1ef44b9,1,1,1,0.5,0.5,0.5
b5046f1e-fa3ac127,0,0,0,0.25,0.25,0.25
b5047c50-e1facff6,1,1,1,0.5,0.5,0.5
b5058691-1fb39daf,2,2,2,1.0,1.0,1.0
b509067e-188e1123,1,1,1,0.5,0.5,0.5
b50cb586-d808d404,0,0,0,0.25,0.25,0.25
b50e6154-4aace8a1,1,1,1,0.5,0.5,0.5
b50fa05b-602f124c,0,0,0,0.25,0.25,0.25
b50ff9e2-ebb775d4,2,2,2,1.0,1.0,1.0
b510fa10-390f3d97,0,0,0,0.25,0.25,0.25
b5110041-5e70bd90,0,0,0,0.25,0.25,0.25
b5115080-37a89b9c,1,1,1,0.5,0.5,0.5
b5172858-da5e71cc,1,1,1,0.5,0.5,0.5
b517726f-0cd9b6ae,0,0,0,0.25,0.25,0.25
b5183558-782ad31c,0,0,0,0.25,0.25,0.25
b5188a0e-89f2392d,0,0,0,0.25,0.25,0.25
b518f838-62048659,0,0,0,0.25,0.25,0.25
b5191523-6c028236,0,0,0,0.25,0.25,0.25
b5191523-949f83bd,0,0,0,0.25,0.25,0.25
b5191523-9c2c4c83,2,2,2,1.0,1.0,1.0
b5191523-af1c9a30,2,2,2,1.0,1.0,1.0
b5191523-cc623777,0,0,0,0.25,0.25,0.25
b5191523-f5721cd1,2,2,2,1.0,1.0,1.0
b5191523-f7e4f533,0,0,0,0.25,0.25,0.25
b519a9a4-6dd5b989,1,1,1,0.5,0.5,0.5
b51aa35f-0b962e5d,0,0,0,0.25,0.25,0.25
b51aa35f-672053a6,0,0,0,0.25,0.25,0.25
b51aa35f-90f3f3f8,1,1,1,0.5,0.5,0.5
b51d0756-8c5120da,0,0,0,0.25,0.25,0.25
b51daa04-f4e62d2f,2,2,2,1.0,1.0,1.0
b51dfd71-9599e952,1,1,1,0.5,0.5,0.5
b51eb969-25bb6a5d,0,0,0,0.25,0.25,0.25
b51fc067-22ddb158,0,0,0,0.25,0.25,0.25
b520b60a-e31c352d,0,0,0,0.25,0.25,0.25
b5238f1c-f5d779fc,0,0,0,0.25,0.25,0.25
b5261cec-aac2f91a,1,1,1,0.5,0.5,0.5
b52640e9-d1fa335f,1,1,1,0.5,0.5,0.5
b5264a14-892dc259,0,0,0,0.25,0.25,0.25
b52793ed-49faf8b6,2,2,2,1.0,1.0,1.0
b52949cd-2439cac6,0,0,0,0.25,0.25,0.25
b5296e2a-25ab57d6,0,0,0,0.25,0.25,0.25
b5296e2a-37df633f,0,0,0,0.25,0.25,0.25
b5296e2a-fde16219,0,0,0,0.25,0.25,0.25
b52c65b9-31ad0690,0,0,0,0.25,0.25,0.25
b52e3ad8-aebd0e55,0,0,0,0.25,0.25,0.25
b52e49e5-d1e36124,1,1,1,0.5,0.5,0.5
b52e7443-1a4b1fbc,0,0,0,0.25,0.25,0.25
b52f1b58-e49099e8,0,0,0,0.25,0.25,0.25
b53215a2-d9aa49d8,1,1,1,0.5,0.5,0.5
b533db8e-4abfcb54,0,0,0,0.25,0.25,0.25
b533db8e-7e5a6abb,0,0,0,0.25,0.25,0.25
b533db8e-afb2e60c,2,2,2,1.0,1.0,1.0
b533db8e-f41851e8,1,1,1,0.5,0.5,0.5
b5345bb2-a1424882,1,1,1,0.5,0.5,0.5
b534864a-d2eb867c,0,0,0,0.25,0.25,0.25
b535fb0a-845db498,0,0,0,0.25,0.25,0.25
b5362410-762b4521,0,0,0,0.25,0.25,0.25
b536decd-ecd4653e,2,2,2,1.0,1.0,1.0
b5380a66-b76d418a,1,1,1,0.5,0.5,0.5
b5380a66-f8c670ed,1,1,1,0.5,0.5,0.5
b539383c-a697cb3b,0,0,0,0.25,0.25,0.25
b539383c-b57307bc,2,2,2,1.0,1.0,1.0
b539383c-e6e6528d,2,2,2,1.0,1.0,1.0
b53a0e33-2c56289b,1,1,1,0.5,0.5,0.5
b53a1501-29d2e507,0,0,0,0.25,0.25,0.25
b53a1501-745a59ef,0,0,0,0.25,0.25,0.25
b53a1501-92a39535,0,0,0,0.25,0.25,0.25
b53a1501-eaa0de18,1,1,1,0.5,0.5,0.5
b53a1501-f21dfab8,1,1,1,0.5,0.5,0.5
b53a1501-fa79fefc,2,2,2,1.0,1.0,1.0
b53cb17b-4df01599,0,0,0,0.25,0.25,0.25
b53cb17b-e5d64f59,1,1,1,0.5,0.5,0.5
b53e1aa8-c49fd7ef,0,0,0,0.25,0.25,0.25
b53f23c3-3d2cea8b,0,0,0,0.25,0.25,0.25
b5402d64-6759c697,0,0,0,0.25,0.25,0.25
b541e2e6-f5256160,0,0,0,0.25,0.25,0.25
b543836f-add08be6,2,2,2,1.0,1.0,1.0
b5450d0c-ccc3fb86,1,1,1,0.5,0.5,0.5
b54578dc-10332bd1,0,0,0,0.25,0.25,0.25
b54578dc-5120800c,1,1,1,0.5,0.5,0.5
b54578dc-5a2c0b63,2,2,2,1.0,1.0,1.0
b54578dc-807f5298,0,0,0,0.25,0.25,0.25
b54578dc-95b41097,0,0,0,0.25,0.25,0.25
b54578dc-ad675a62,0,0,0,0.25,0.25,0.25
b5460637-3b501a2e,0,0,0,0.25,0.25,0.25
b5465c6e-0aad0ec3,0,0,0,0.25,0.25,0.25
b5465c6e-0c78bf95,0,0,0,0.25,0.25,0.25
b5465c6e-42759087,2,2,2,1.0,1.0,1.0
b5465c6e-45c537f7,0,0,0,0.25,0.25,0.25
b5465c6e-5b162b85,1,1,1,0.5,0.5,0.5
b5465c6e-5bed4504,0,0,0,0.25,0.25,0.25
b5465c6e-63fb651f,0,0,0,0.25,0.25,0.25
b5465c6e-7858e23d,0,0,0,0.25,0.25,0.25
b5465c6e-b2fb645f,0,0,0,0.25,0.25,0.25
b5465c6e-c4d582f4,1,1,1,0.5,0.5,0.5
b5465c6e-d7ccca91,0,0,0,0.25,0.25,0.25
b5465c6e-dd8af9d0,1,1,1,0.5,0.5,0.5
b5465c6e-ec871ec7,0,0,0,0.25,0.25,0.25
b5465c6e-fe04d577,0,0,0,0.25,0.25,0.25
b54735e3-4c968f67,0,0,0,0.25,0.25,0.25
b54735e3-65f77c99,1,1,1,0.5,0.5,0.5
b54735e3-b251b872,0,0,0,0.25,0.25,0.25
b5478d5c-290f5e15,1,1,1,0.5,0.5,0.5
b5478d5c-e846649e,0,0,0,0.25,0.25,0.25
b5479087-1e95039f,0,0,0,0.25,0.25,0.25
b5479087-2d452243,0,0,0,0.25,0.25,0.25
b5479087-2e92b8f5,1,1,1,0.5,0.5,0.5
b5479087-69c9f292,0,0,0,0.25,0.25,0.25
b5479087-b68aa812,0,0,0,0.25,0.25,0.25
b5479087-b94125dc,0,0,0,0.25,0.25,0.25
b5479087-faffcc28,2,2,2,1.0,1.0,1.0
b54793ac-3770583a,0,0,0,0.25,0.25,0.25
b54793ac-9f413e5e,0,0,0,0.25,0.25,0.25
b54a8089-aa62f142,0,0,0,0.25,0.25,0.25
b54a8089-d1989d8f,1,1,1,0.5,0.5,0.5
b54c065e-8b13cfe7,1,1,1,0.5,0.5,0.5
b54c48fe-0633723b,0,0,0,0.25,0.25,0.25
b54d9c61-18c33e21,0,0,0,0.25,0.25,0.25
b54d9c61-9647a82e,0,0,0,0.25,0.25,0.25
b54eb6de-06e04487,2,2,2,1.0,1.0,1.0
b54fd2cd-829309c7,1,1,1,0.5,0.5,0.5
b552a0b7-0472099a,1,1,1,0.5,0.5,0.5
b552a4cb-fbd465af,1,1,1,0.5,0.5,0.5
b55305bd-f66ad8fb,0,0,0,0.25,0.25,0.25
b5548481-6ffc0c74,0,0,0,0.25,0.25,0.25
b554e4c9-dd8f7f1f,1,1,1,0.5,0.5,0.5
b55569e8-282a99fe,1,1,1,0.5,0.5,0.5
b555790d-111bb9b8,2,2,2,1.0,1.0,1.0
b555790d-59bad5ab,2,2,2,1.0,1.0,1.0
b555790d-628dc96b,0,0,0,0.25,0.25,0.25
b555790d-cfb88988,0,0,0,0.25,0.25,0.25
b555790d-d715196b,0,0,0,0.25,0.25,0.25
b555790d-e81a454b,2,2,2,1.0,1.0,1.0
b555790d-ef09fa96,2,2,2,1.0,1.0,1.0
b555a636-270a146b,0,0,0,0.25,0.25,0.25
b557283b-51959094,1,1,1,0.5,0.5,0.5
b557283b-523d9a0c,2,2,2,1.0,1.0,1.0
b557283b-705f9d96,0,0,0,0.25,0.25,0.25
b557283b-dee9d9ed,0,0,0,0.25,0.25,0.25
b557d9d0-bff2bed2,0,0,0,0.25,0.25,0.25
b559d3b0-dd72ed94,1,1,1,0.5,0.5,0.5
b55bd14f-50306d5f,1,1,1,0.5,0.5,0.5
b55c17aa-3a1df47a,0,0,0,0.25,0.25,0.25
b55c17aa-b31ce64a,2,2,2,1.0,1.0,1.0
b55e257d-9db57de1,0,0,0,0.25,0.25,0.25
b5614611-ae322079,0,0,0,0.25,0.25,0.25
b561705d-e341bae9,2,2,2,1.0,1.0,1.0
b563b270-0fe8e937,0,0,0,0.25,0.25,0.25
b563b270-1a5c6c73,1,1,1,0.5,0.5,0.5
b563b270-47d67962,1,1,1,0.5,0.5,0.5
b563b270-63d4d8fc,1,1,1,0.5,0.5,0.5
b563b270-8df1c342,0,0,0,0.25,0.25,0.25
b563b270-d18e77f6,2,2,2,1.0,1.0,1.0
b565c328-1e663060,2,2,2,1.0,1.0,1.0
b565d4cc-2e6cb390,2,2,2,1.0,1.0,1.0
b565d4cc-3605a023,0,0,0,0.25,0.25,0.25
b5661732-20179325,1,1,1,0.5,0.5,0.5
b5661732-3684230b,1,1,1,0.5,0.5,0.5
b566fee4-453e3805,1,1,1,0.5,0.5,0.5
b568371d-1a142858,0,0,0,0.25,0.25,0.25
b568371d-1ea8d400,0,0,0,0.25,0.25,0.25
b568371d-a596d2d4,0,0,0,0.25,0.25,0.25
b568371d-db4fb582,2,2,2,1.0,1.0,1.0
b569029a-37e190cc,1,1,1,0.5,0.5,0.5
b569a737-a960c153,2,2,2,1.0,1.0,1.0
b569f76a-33d451fe,2,2,2,1.0,1.0,1.0
b56a0885-1c282ea8,0,0,0,0.25,0.25,0.25
b56a8196-9b3b361b,0,0,0,0.25,0.25,0.25
b56c225e-83596ac0,1,1,1,0.5,0.5,0.5
b56c225e-a71598cd,1,1,1,0.5,0.5,0.5
b56c225e-a7a78ad7,1,1,1,0.5,0.5,0.5
b56edcfa-49d5dd9e,2,2,2,1.0,1.0,1.0
b56edcfa-cf47f5af,0,0,0,0.25,0.25,0.25
b56f1366-4819fdc4,0,0,0,0.25,0.25,0.25
b56f50cd-07390326,0,0,0,0.25,0.25,0.25
b57077d8-ae0b13ca,0,0,0,0.25,0.25,0.25
b570f833-3bd87d01,0,0,0,0.25,0.25,0.25
b570f833-dd98c0f2,0,0,0,0.25,0.25,0.25
b57417a0-5c16cbfc,0,0,0,0.25,0.25,0.25
b5753b26-33163d42,0,0,0,0.25,0.25,0.25
b5762ed7-cad32ee3,2,2,2,1.0,1.0,1.0
b5764fb7-2bc5ec36,1,1,1,0.5,0.5,0.5
b5764fb7-c47fa3ec,1,1,1,0.5,0.5,0.5
b5767ace-b5db9504,0,0,0,0.25,0.25,0.25
b576be97-6a52f4bb,0,0,0,0.25,0.25,0.25
b5770084-83b143c9,1,1,1,0.5,0.5,0.5
b5770084-9b15155d,0,0,0,0.25,0.25,0.25
b5771e6f-97a285f4,1,1,1,0.5,0.5,0.5
b577827c-006a84cc,1,1,1,0.5,0.5,0.5
b577827c-28fc9b0d,0,0,0,0.25,0.25,0.25
b5780de7-94313c5f,0,0,0,0.25,0.25,0.25
b578f3d3-40453bfb,2,2,2,1.0,1.0,1.0
b57a2edf-402297bc,0,0,0,0.25,0.25,0.25
b57a2edf-60fd75be,0,0,0,0.25,0.25,0.25
b57a2edf-71efe713,2,2,2,1.0,1.0,1.0
b57a2edf-b0c2ff52,2,2,2,1.0,1.0,1.0
b57a2edf-c3e81131,1,1,1,0.5,0.5,0.5
b57a6b0c-531adc6d,0,0,0,0.25,0.25,0.25
b57a6b0c-86b6e489,0,0,0,0.25,0.25,0.25
b57b533b-58103d3d,2,2,2,1.0,1.0,1.0
b57b533b-cabdbef5,1,1,1,0.5,0.5,0.5
b57b9ee8-3e089c95,2,2,2,1.0,1.0,1.0
b57b9ee8-e2a6d34d,0,0,0,0.25,0.25,0.25
b57bf234-f74a8d43,2,2,2,1.0,1.0,1.0
b57bfcbd-60692014,0,0,0,0.25,0.25,0.25
b57c8f5a-86e42ab4,0,0,0,0.25,0.25,0.25
b57c8f5a-b427a4b7,0,0,0,0.25,0.25,0.25
b57cc50e-b947b833,0,0,0,0.25,0.25,0.25
b57dee9d-959d4057,0,0,0,0.25,0.25,0.25
b57dee9d-e5bd3142,1,1,1,0.5,0.5,0.5
b581255d-1c6658b4,2,2,2,1.0,1.0,1.0
b582c0e7-5f9f8860,2,2,2,1.0,1.0,1.0
b583e115-1ba9114c,0,0,0,0.25,0.25,0.25
b583e4f4-00c17995,1,1,1,0.5,0.5,0.5
b58436bb-213f1b3d,1,1,1,0.5,0.5,0.5
b58436bb-5790dfd3,0,0,0,0.25,0.25,0.25
b5859b97-9d5532a9,1,1,1,0.5,0.5,0.5
b585f637-93030b36,1,1,1,0.5,0.5,0.5
b5868878-8faf33a2,0,0,0,0.25,0.25,0.25
b586b979-c563c3e2,2,2,2,1.0,1.0,1.0
b5872c48-7dc6d18e,0,0,0,0.25,0.25,0.25
b588c233-8a21f0be,2,2,2,1.0,1.0,1.0
b58aff80-4fd89ca0,0,0,0,0.25,0.25,0.25
b58aff80-a12e3de6,0,0,0,0.25,0.25,0.25
b58aff80-bea21173,1,1,1,0.5,0.5,0.5
b58be279-fe1ea9be,1,1,1,0.5,0.5,0.5
b58d74f7-ba3a38d3,2,2,2,1.0,1.0,1.0
b58f8128-3d42f144,0,0,0,0.25,0.25,0.25
b58f8128-5be35778,0,0,0,0.25,0.25,0.25
b590ba79-1c95c8d9,0,0,0,0.25,0.25,0.25
b59413ff-4e4f3109,1,1,1,0.5,0.5,0.5
b59413ff-5885b827,1,1,1,0.5,0.5,0.5
b59413ff-9094612f,0,0,0,0.25,0.25,0.25
b59413ff-c3bc3d25,1,1,1,0.5,0.5,0.5
b5948795-913b4fee,2,2,2,1.0,1.0,1.0
b5961057-5e258e5e,0,0,0,0.25,0.25,0.25
b5969c96-c9135ccb,0,0,0,0.25,0.25,0.25
b596ea23-44b2e05a,0,0,0,0.25,0.25,0.25
b59d9baf-5fe6c3c0,1,1,1,0.5,0.5,0.5
b59d9baf-e6b58cf2,0,0,0,0.25,0.25,0.25
b59dd81f-45c8300a,2,2,2,1.0,1.0,1.0
b59dd81f-b8ebeb56,2,2,2,1.0,1.0,1.0
b59e50fa-ca034dd0,2,2,2,1.0,1.0,1.0
b59f0750-f228a9a2,0,0,0,0.25,0.25,0.25
b59f6555-89b070c8,1,1,1,0.5,0.5,0.5
b59f6555-a562f4f9,0,0,0,0.25,0.25,0.25
b59fa0de-b520450e,0,0,0,0.25,0.25,0.25
b5a0301b-517db15b,0,0,0,0.25,0.25,0.25
b5a09124-0c5ec091,0,0,0,0.25,0.25,0.25
b5a09124-8d4e6518,1,1,1,0.5,0.5,0.5
b5a09604-13bc9a70,0,0,0,0.25,0.25,0.25
b5a09604-1a28e788,2,2,2,1.0,1.0,1.0
b5a09604-3178a653,0,0,0,0.25,0.25,0.25
b5a09604-33ffdc75,0,0,0,0.25,0.25,0.25
b5a09604-34f155de,2,2,2,1.0,1.0,1.0
b5a09604-44ade539,0,0,0,0.25,0.25,0.25
b5a09604-48e9ac41,0,0,0,0.25,0.25,0.25
b5a09604-555079c9,0,0,0,0.25,0.25,0.25
b5a09604-69dd5d9f,2,2,2,1.0,1.0,1.0
b5a09604-86af51ad,0,0,0,0.25,0.25,0.25
b5a09604-b79f0f6e,0,0,0,0.25,0.25,0.25
b5a09604-c93a9d5d,1,1,1,0.5,0.5,0.5
b5a09604-d9d9aaa9,2,2,2,1.0,1.0,1.0
b5a407d5-c2abd312,1,1,1,0.5,0.5,0.5
b5a4b486-1e78745e,0,0,0,0.25,0.25,0.25
b5a4b486-35c3edb4,2,2,2,1.0,1.0,1.0
b5a4b486-dde596cb,0,0,0,0.25,0.25,0.25
b5a4db41-1b4f91b0,0,0,0,0.25,0.25,0.25
b5a50c2d-0c1d06e0,0,0,0,0.25,0.25,0.25
b5a50c2d-113da15f,2,2,2,1.0,1.0,1.0
b5a50c2d-a18ba669,1,1,1,0.5,0.5,0.5
b5a50c2d-ccafe43a,2,2,2,1.0,1.0,1.0
b5a52ea9-2e1f4066,0,0,0,0.25,0.25,0.25
b5a72f23-5cb9552b,1,1,1,0.5,0.5,0.5
b5a72f23-72643897,0,0,0,0.25,0.25,0.25
b5a72f23-dfdc4b86,0,0,0,0.25,0.25,0.25
b5a8594c-049fa1ef,2,2,2,1.0,1.0,1.0
b5aa55af-b01f8749,1,1,1,0.5,0.5,0.5
b5aa77fa-b1916843,0,0,0,0.25,0.25,0.25
b5ab0e46-19655ca4,0,0,0,0.25,0.25,0.25
b5ab0e46-8eab4733,1,1,1,0.5,0.5,0.5
b5ac257d-5a34b3fa,0,0,0,0.25,0.25,0.25
b5afd0ea-222fae7e,1,1,1,0.5,0.5,0.5
b5b023a6-de26d2b2,0,0,0,0.25,0.25,0.25
b5b02b31-283dcc5c,0,0,0,0.25,0.25,0.25
b5b02b31-753a8a4a,0,0,0,0.25,0.25,0.25
b5b02b31-f19988fb,2,2,2,1.0,1.0,1.0
b5b17442-2f6d4b97,1,1,1,0.5,0.5,0.5
b5b17442-48053f00,0,0,0,0.25,0.25,0.25
b5b17442-ad1dc2ea,1,1,1,0.5,0.5,0.5
b5b17442-df28704b,0,0,0,0.25,0.25,0.25
b5b2267c-d3a26985,2,2,2,1.0,1.0,1.0
b5b256fd-0c2be0a6,1,1,1,0.5,0.5,0.5
b5b2f593-25b7b157,0,0,0,0.25,0.25,0.25
b5b2f593-63606879,0,0,0,0.25,0.25,0.25
b5b40b5f-da80498b,1,1,1,0.5,0.5,0.5
b5b44d2d-60f87448,0,0,0,0.25,0.25,0.25
b5b63915-697fb8c1,1,1,1,0.5,0.5,0.5
b5b71e8e-96a024a9,1,1,1,0.5,0.5,0.5
b5b78553-b7c03da2,1,1,1,0.5,0.5,0.5
b5b78553-f3a480a1,0,0,0,0.25,0.25,0.25
b5b79bf9-36cbce30,0,0,0,0.25,0.25,0.25
b5b7d0a6-e63e539f,2,2,2,1.0,1.0,1.0
b5b8e198-730252e5,2,2,2,1.0,1.0,1.0
b5b8e198-9f61fa4b,1,1,1,0.5,0.5,0.5
b5b8e198-b661f016,1,1,1,0.5,0.5,0.5
b5b94ff0-26c04398,1,1,1,0.5,0.5,0.5
b5b94ff0-c8b06edc,2,2,2,1.0,1.0,1.0
b5b9915f-71ed958e,1,1,1,0.5,0.5,0.5
b5baa2a5-1fe22e65,1,1,1,0.5,0.5,0.5
b5bb11f2-227b8c25,0,0,0,0.25,0.25,0.25
b5bd48b6-0d0d597f,0,0,0,0.25,0.25,0.25
b5bd48b6-14ea233a,1,1,1,0.5,0.5,0.5
b5bd48b6-57b53578,2,2,2,1.0,1.0,1.0
b5bd48b6-c1f01e7a,2,2,2,1.0,1.0,1.0
b5bd628c-d1f3b854,2,2,2,1.0,1.0,1.0
b5be6006-83d630d5,0,0,0,0.25,0.25,0.25
b5be77ad-b861ba83,2,2,2,1.0,1.0,1.0
b5bf322d-0a139ab3,2,2,2,1.0,1.0,1.0
b5bf322d-9e707096,0,0,0,0.25,0.25,0.25
b5bfa85b-d0700971,0,0,0,0.25,0.25,0.25
b5bfa85b-f1387252,1,1,1,0.5,0.5,0.5
b5c12993-1b9c5f96,0,0,0,0.25,0.25,0.25
b5c12993-4c3d9135,2,2,2,1.0,1.0,1.0
b5c12993-8cba5224,1,1,1,0.5,0.5,0.5
b5c204e0-17acc044,1,1,1,0.5,0.5,0.5
b5c259f3-b10eeca5,1,1,1,0.5,0.5,0.5
b5c30297-f0b3279b,1,1,1,0.5,0.5,0.5
b5c324dc-68f1aa1d,0,0,0,0.25,0.25,0.25
b5c351d3-b02bda28,0,0,0,0.25,0.25,0.25
b5c6d506-d687e2ab,0,0,0,0.25,0.25,0.25
b5ca1339-b9f4a4e0,0,0,0,0.25,0.25,0.25
b5cb11ce-46ac0ae7,1,1,1,0.5,0.5,0.5
b5cb8753-b8a2ddb5,0,0,0,0.25,0.25,0.25
b5cc7455-d2f5900f,0,0,0,0.25,0.25,0.25
b5cd3939-44dd0c20,0,0,0,0.25,0.25,0.25
b5cd3939-4a911068,0,0,0,0.25,0.25,0.25
b5cd3939-a7dffd2d,2,2,2,1.0,1.0,1.0
b5cd5f72-32232751,0,0,0,0.25,0.25,0.25
b5cf8afa-b54535d2,1,1,1,0.5,0.5,0.5
b5d06d78-e4ecfa0c,0,0,0,0.25,0.25,0.25
b5d4dc8d-99e1e150,0,0,0,0.25,0.25,0.25
b5d4dc8d-f867ef92,1,1,1,0.5,0.5,0.5
b5d5d39c-73e4471c,0,0,0,0.25,0.25,0.25
b5d63e8d-061c1a6f,0,0,0,0.25,0.25,0.25
b5d63e8d-be6df898,2,2,2,1.0,1.0,1.0
b5d6e647-0bf0a7e9,0,0,0,0.25,0.25,0.25
b5d6e647-12d214ab,0,0,0,0.25,0.25,0.25
b5d6e647-3760c7b9,1,1,1,0.5,0.5,0.5
b5d6e647-38b01d56,1,1,1,0.5,0.5,0.5
b5d6e647-44af4f17,1,1,1,0.5,0.5,0.5
b5d7832a-63caf5b3,1,1,1,0.5,0.5,0.5
b5d7f73a-ec61468b,1,1,1,0.5,0.5,0.5
b5d8894a-d99dbb00,0,0,0,0.25,0.25,0.25
b5d9531f-48222cf3,0,0,0,0.25,0.25,0.25
b5dc7a6d-8ef7e8b8,0,0,0,0.25,0.25,0.25
b5dd20c5-250725fa,0,0,0,0.25,0.25,0.25
b5dd20c5-4e1112c7,1,1,1,0.5,0.5,0.5
b5dd20c5-4f784dcf,0,0,0,0.25,0.25,0.25
b5dd20c5-544163f6,2,2,2,1.0,1.0,1.0
b5dd20c5-ac20e15b,1,1,1,0.5,0.5,0.5
b5dd20c5-ed2da652,1,1,1,0.5,0.5,0.5
b5dd8a5f-431c4fc2,2,2,2,1.0,1.0,1.0
b5dd8a5f-9e1a2077,0,0,0,0.25,0.25,0.25
b5dd8a5f-ef468c83,0,0,0,0.25,0.25,0.25
b5ddbb54-248e17be,2,2,2,1.0,1.0,1.0
b5ddd07f-ef2cf011,2,2,2,1.0,1.0,1.0
b5dec5e7-065a0bb3,1,1,1,0.5,0.5,0.5
b5dec5e7-58274881,0,0,0,0.25,0.25,0.25
b5dec5e7-5d59cc3b,1,1,1,0.5,0.5,0.5
b5dec5e7-8066e35c,1,1,1,0.5,0.5,0.5
b5df49b8-73e68ecb,0,0,0,0.25,0.25,0.25
b5e0b513-da3b4402,0,0,0,0.25,0.25,0.25
b5e1a441-3bc3277c,2,2,2,1.0,1.0,1.0
b5e247fe-c9599f82,1,1,1,0.5,0.5,0.5
b5e387a7-6a010e5e,0,0,0,0.25,0.25,0.25
b5e387a7-9c4a9214,1,1,1,0.5,0.5,0.5
b5e387a7-e3a60891,1,1,1,0.5,0.5,0.5
b5e3b8c6-cdc3804c,0,0,0,0.25,0.25,0.25
b5e3b8c6-e50a2999,0,0,0,0.25,0.25,0.25
b5e3d0f7-4ed391cd,1,1,1,0.5,0.5,0.5
b5e52b21-46c57b31,0,0,0,0.25,0.25,0.25
b5e6efc0-345b365d,0,0,0,0.25,0.25,0.25
b5e6efc0-ac69d492,0,0,0,0.25,0.25,0.25
b5e6efc0-d83e76ab,0,0,0,0.25,0.25,0.25
b5e9c2d4-cc0c1c73,0,0,0,0.25,0.25,0.25
b5eaada1-27688041,0,0,0,0.25,0.25,0.25
b5ece4bd-17087c46,1,1,1,0.5,0.5,0.5
b5ecfd7e-fcdaceb0,0,0,0,0.25,0.25,0.25
b5ed8eaa-03e27c26,0,0,0,0.25,0.25,0.25
b5ed8eaa-3fb2802d,1,1,1,0.5,0.5,0.5
b5f057ab-791ac474,0,0,0,0.25,0.25,0.25
b5f14913-d70897d9,0,0,0,0.25,0.25,0.25
b5f2f881-edaf9a01,2,2,2,1.0,1.0,1.0
b5f5d0e1-200575fc,2,2,2,1.0,1.0,1.0
b5f6f399-ca14804c,1,1,1,0.5,0.5,0.5
b5f7a789-10124031,0,0,0,0.25,0.25,0.25
b5f7a789-6a9ed4ef,1,1,1,0.5,0.5,0.5
b5f7a789-c02a194e,2,2,2,1.0,1.0,1.0
b5f84825-4e6d3b68,1,1,1,0.5,0.5,0.5
b5f84825-956ae1a6,0,0,0,0.25,0.25,0.25
b5f84825-c97df380,1,1,1,0.5,0.5,0.5
b5f9cb1e-c84e2ce9,0,0,0,0.25,0.25,0.25
b5fa32f1-4e9c7d32,0,0,0,0.25,0.25,0.25
b5fac784-638336fd,1,1,1,0.5,0.5,0.5
b5fc0f1e-882a7cce,1,1,1,0.5,0.5,0.5
b5fc1373-94aaab40,1,1,1,0.5,0.5,0.5
b5fca52d-b459be9c,0,0,0,0.25,0.25,0.25
b5fcec51-bb59c567,0,0,0,0.25,0.25,0.25
b5fd8bf6-fa9be3ca,0,0,0,0.25,0.25,0.25
b5fe17dd-52352131,0,0,0,0.25,0.25,0.25
b5fe17dd-84fab99d,2,2,2,1.0,1.0,1.0
b5fe17dd-b6648364,1,1,1,0.5,0.5,0.5
b5ff07b5-3411352a,0,0,0,0.25,0.25,0.25
b5ff07b5-b983e1a5,0,0,0,0.25,0.25,0.25
b5ff07b5-c8fe49f4,1,1,1,0.5,0.5,0.5
b60011a3-6490e0d9,2,2,2,1.0,1.0,1.0
b60011a3-7449f997,1,1,1,0.5,0.5,0.5
b60011a3-fff85077,1,1,1,0.5,0.5,0.5
b6018b92-f949cae0,0,0,0,0.25,0.25,0.25
b6036b55-6bc2eeef,1,1,1,0.5,0.5,0.5
b603f785-b94d2adc,1,1,1,0.5,0.5,0.5
b603f785-de5db004,1,1,1,0.5,0.5,0.5
b605d5d8-7d6ea5cc,2,2,2,1.0,1.0,1.0
b605d5d8-a398208d,0,0,0,0.25,0.25,0.25
b605d5d8-aec799ca,0,0,0,0.25,0.25,0.25
b605d5d8-d9310a5c,1,1,1,0.5,0.5,0.5
b605d5d8-ec6fab2b,0,0,0,0.25,0.25,0.25
b605ed2a-06f43bb3,2,2,2,1.0,1.0,1.0
b6061c91-ebddb67e,0,0,0,0.25,0.25,0.25
b607dd6a-1d8f33b9,0,0,0,0.25,0.25,0.25
b60a5583-0fe24e80,0,0,0,0.25,0.25,0.25
b60a623a-4df2b0c0,0,0,0,0.25,0.25,0.25
b60da546-ee383124,0,0,0,0.25,0.25,0.25
b60db8b3-7cb88369,0,0,0,0.25,0.25,0.25
b60ea3fe-609eecca,0,0,0,0.25,0.25,0.25
b60f1db0-5032d338,1,1,1,0.5,0.5,0.5
b60f1db0-b9889ec7,1,1,1,0.5,0.5,0.5
b60f1db0-cded4772,1,1,1,0.5,0.5,0.5
b610204c-e3c8c65f,0,0,0,0.25,0.25,0.25
b610c819-6f782f77,0,0,0,0.25,0.25,0.25
b61212a0-3ddd6209,1,1,1,0.5,0.5,0.5
b61212a0-44b799c0,1,1,1,0.5,0.5,0.5
b61212a0-78ccafee,1,1,1,0.5,0.5,0.5
b61212a0-ca782534,1,1,1,0.5,0.5,0.5
b6123103-45edd1d3,0,0,0,0.25,0.25,0.25
b612e792-38b302a3,0,0,0,0.25,0.25,0.25
b612e792-38fc9d6d,2,2,2,1.0,1.0,1.0
b61456bb-5bfb50ee,0,0,0,0.25,0.25,0.25
b61459f8-ae92ce64,1,1,1,0.5,0.5,0.5
b6149edb-63dcde71,2,2,2,1.0,1.0,1.0
b61527e7-207eccc6,0,0,0,0.25,0.25,0.25
b61527e7-ed487cc5,1,1,1,0.5,0.5,0.5
b61659ca-b9aded69,0,0,0,0.25,0.25,0.25
b6174277-7c80aaa7,0,0,0,0.25,0.25,0.25
b61a8404-29009d48,2,2,2,1.0,1.0,1.0
b61aec41-121a3d3a,0,0,0,0.25,0.25,0.25
b61aec41-15e06558,1,1,1,0.5,0.5,0.5
b61aec41-7b16e55c,0,0,0,0.25,0.25,0.25
b61aec41-95a44c1c,0,0,0,0.25,0.25,0.25
b61aec41-fe792c56,1,1,1,0.5,0.5,0.5
b61d661f-2d7bac86,0,0,0,0.25,0.25,0.25
b61f162d-b6e10f56,0,0,0,0.25,0.25,0.25
b61f19ba-2f34ba9f,1,1,1,0.5,0.5,0.5
b61f19ba-48885e8c,0,0,0,0.25,0.25,0.25
b61f19ba-ae781838,0,0,0,0.25,0.25,0.25
b61f7b3d-1e5fa9ff,0,0,0,0.25,0.25,0.25
b61fda8b-dbcf61c1,1,1,1,0.5,0.5,0.5
b61fda8b-fc0a3fe7,0,0,0,0.25,0.25,0.25
b6200832-fe3e43b0,1,1,1,0.5,0.5,0.5
b620b595-74b20761,0,0,0,0.25,0.25,0.25
b620fed9-6d88be73,2,2,2,1.0,1.0,1.0
b621872c-51db2c14,1,1,1,0.5,0.5,0.5
b6219281-0695c9fd,0,0,0,0.25,0.25,0.25
b6219281-2b4b9493,0,0,0,0.25,0.25,0.25
b6219281-861a5ba7,0,0,0,0.25,0.25,0.25
b6219281-9780cb21,0,0,0,0.25,0.25,0.25
b62279e2-0a5adb4c,1,1,1,0.5,0.5,0.5
b62279e2-257b5cc0,0,0,0,0.25,0.25,0.25
b6227ecd-ecc44823,1,1,1,0.5,0.5,0.5
b6228f2b-42996a33,1,1,1,0.5,0.5,0.5
b6230fb4-02138607,0,0,0,0.25,0.25,0.25
b624162c-dd74b4df,0,0,0,0.25,0.25,0.25
b6241b17-301c2e2e,0,0,0,0.25,0.25,0.25
b6241b17-840feb5b,1,1,1,0.5,0.5,0.5
b6241b17-b82f1b25,1,1,1,0.5,0.5,0.5
b6250d40-d51c7992,0,0,0,0.25,0.25,0.25
b6270d75-6999f310,0,0,0,0.25,0.25,0.25
b629c466-a0893075,0,0,0,0.25,0.25,0.25
b62b4989-3b60bb9c,2,2,2,1.0,1.0,1.0
b62bef56-29a2dde5,0,0,0,0.25,0.25,0.25
b62bef56-3f15e2c9,0,0,0,0.25,0.25,0.25
b62bef56-b08de744,0,0,0,0.25,0.25,0.25
b62c825e-75f4cc31,0,0,0,0.25,0.25,0.25
b62e6504-1be1ddd7,1,1,1,0.5,0.5,0.5
b62e6504-687ea24f,1,1,1,0.5,0.5,0.5
b63368bc-17582ebd,1,1,1,0.5,0.5,0.5
b63368bc-37bc42c5,0,0,0,0.25,0.25,0.25
b633ed08-08a8b4ce,1,1,1,0.5,0.5,0.5
b634ca9d-c0211c64,1,1,1,0.5,0.5,0.5
b6359092-fc2faab6,0,0,0,0.25,0.25,0.25
b6375e65-94027fd8,0,0,0,0.25,0.25,0.25
b6375e65-d6e0692e,2,2,2,1.0,1.0,1.0
b6377978-3fa655d3,0,0,0,0.25,0.25,0.25
b63a501b-90039f36,2,2,2,1.0,1.0,1.0
b63ae329-24084d65,2,2,2,1.0,1.0,1.0
b63b1c14-f01a2f6b,2,2,2,1.0,1.0,1.0
b63f0379-f0b444b5,0,0,0,0.25,0.25,0.25
b63fe296-4c1819fe,2,2,2,1.0,1.0,1.0
b641595b-a1ea9ccc,2,2,2,1.0,1.0,1.0
b641595b-ab8e24d2,0,0,0,0.25,0.25,0.25
b643ea5a-af37c824,2,2,2,1.0,1.0,1.0
b643ed1d-7fbdd446,0,0,0,0.25,0.25,0.25
b643ed1d-e4a05157,0,0,0,0.25,0.25,0.25
b645271a-42c7ec52,2,2,2,1.0,1.0,1.0
b645271a-cd9ec256,0,0,0,0.25,0.25,0.25
b645e381-3d9a5456,1,1,1,0.5,0.5,0.5
b6478560-1d584e43,2,2,2,1.0,1.0,1.0
b6487a3e-0761a2ae,0,0,0,0.25,0.25,0.25
b6487a3e-2ddb32e0,0,0,0,0.25,0.25,0.25
b64e5796-3aa7adc0,1,1,1,0.5,0.5,0.5
b64e5796-be9c7667,0,0,0,0.25,0.25,0.25
b64e7cbc-d7dba7f9,0,0,0,0.25,0.25,0.25
b65081c3-7ace0408,1,1,1,0.5,0.5,0.5
b65081c3-9fb008e3,2,2,2,1.0,1.0,1.0
b65081c3-a3dde936,0,0,0,0.25,0.25,0.25
b651ca9e-a11f85d6,2,2,2,1.0,1.0,1.0
b6530006-b43698a3,2,2,2,1.0,1.0,1.0
b6541edc-7408a6a4,0,0,0,0.25,0.25,0.25
b6541edc-ecc17d4b,2,2,2,1.0,1.0,1.0
b65688be-a25d3375,2,2,2,1.0,1.0,1.0
b6579e76-1d48651a,0,0,0,0.25,0.25,0.25
b6579e76-4fee87d1,0,0,0,0.25,0.25,0.25
b6579e76-7415d4ba,1,1,1,0.5,0.5,0.5
b6579e76-9da25188,0,0,0,0.25,0.25,0.25
b6579e76-e438da36,1,1,1,0.5,0.5,0.5
b6579e76-e88b3d6d,1,1,1,0.5,0.5,0.5
b6579e76-f2a13f71,0,0,0,0.25,0.25,0.25
b657d595-3f1fa3ca,0,0,0,0.25,0.25,0.25
b657d595-af4a9aee,0,0,0,0.25,0.25,0.25
b657d595-e1026272,0,0,0,0.25,0.25,0.25
b6592e95-0eaf85a5,0,0,0,0.25,0.25,0.25
b6592e95-6e497868,1,1,1,0.5,0.5,0.5
b65db570-815a9c9a,2,2,2,1.0,1.0,1.0
b65fadaa-c6abbbaa,0,0,0,0.25,0.25,0.25
b65fd3df-39bd79aa,0,0,0,0.25,0.25,0.25
b65fd3df-87ed965a,0,0,0,0.25,0.25,0.25
b65ff14a-fc05765f,2,2,2,1.0,1.0,1.0
b6606454-86d77cb2,2,2,2,1.0,1.0,1.0
b6606454-a4fca360,1,1,1,0.5,0.5,0.5
b6630cba-4950a75a,1,1,1,0.5,0.5,0.5
b6642e30-6d6af891,0,0,0,0.25,0.25,0.25
b6642e30-93accfbe,0,0,0,0.25,0.25,0.25
b6642e30-d87afdb2,0,0,0,0.25,0.25,0.25
b66462a4-ce0558e1,0,0,0,0.25,0.25,0.25
b6658d33-6dbf3405,1,1,1,0.5,0.5,0.5
b6658d33-adfea9cf,1,1,1,0.5,0.5,0.5
b6658d33-e6bc8c60,2,2,2,1.0,1.0,1.0
b6658d33-fe2d18f8,1,1,1,0.5,0.5,0.5
b6663f36-805c1a0e,0,0,0,0.25,0.25,0.25
b666b95d-c38366c7,1,1,1,0.5,0.5,0.5
b6673f98-1e13354a,2,2,2,1.0,1.0,1.0
b6673f98-662b331b,0,0,0,0.25,0.25,0.25
b6673f98-d6661115,0,0,0,0.25,0.25,0.25
b668a2f1-71cdf31d,2,2,2,1.0,1.0,1.0
b6695a33-42d20aa3,0,0,0,0.25,0.25,0.25
b66c8021-7cb6d587,1,1,1,0.5,0.5,0.5
b66c89a6-0e3787ab,1,1,1,0.5,0.5,0.5
b66ecd35-8de7da84,0,0,0,0.25,0.25,0.25
b66f7339-b14741dc,0,0,0,0.25,0.25,0.25
b670cde3-068b52ad,0,0,0,0.25,0.25,0.25
b67206f2-c8c9f269,1,1,1,0.5,0.5,0.5
b6741a2c-5a933eb6,1,1,1,0.5,0.5,0.5
b6741a2c-5fd7704c,2,2,2,1.0,1.0,1.0
b674bc13-24a7836b,1,1,1,0.5,0.5,0.5
b674bc13-27dd7ecf,0,0,0,0.25,0.25,0.25
b674bc13-2b4cdef3,1,1,1,0.5,0.5,0.5
b674bc13-3e309d54,0,0,0,0.25,0.25,0.25
b674bc13-41fca4db,0,0,0,0.25,0.25,0.25
b674bc13-8a296606,1,1,1,0.5,0.5,0.5
b674bc13-dceb1013,2,2,2,1.0,1.0,1.0
b674bc13-f5f68ca6,1,1,1,0.5,0.5,0.5
b6763bf3-348c7b94,0,0,0,0.25,0.25,0.25
b6769965-61689289,2,2,2,1.0,1.0,1.0
b6770025-04eaf87d,1,1,1,0.5,0.5,0.5
b6770025-c81ef5ed,2,2,2,1.0,1.0,1.0
b6770a65-4fe52fcb,2,2,2,1.0,1.0,1.0
b677a46e-fb00fe82,2,2,2,1.0,1.0,1.0
b678cf28-16eac9dc,0,0,0,0.25,0.25,0.25
b6795a21-1fab0f9e,2,2,2,1.0,1.0,1.0
b67a1d26-573dee1f,1,1,1,0.5,0.5,0.5
b67cbe89-ef413620,1,1,1,0.5,0.5,0.5
b67d5d14-90c181ab,1,1,1,0.5,0.5,0.5
b67d5d14-ecdff820,0,0,0,0.25,0.25,0.25
b67d5d14-fbc8866e,0,0,0,0.25,0.25,0.25
b6804637-851a6e28,0,0,0,0.25,0.25,0.25
b680f9ff-3edc5eee,2,2,2,1.0,1.0,1.0
b680f9ff-c3577e59,0,0,0,0.25,0.25,0.25
b6818d65-6cfd37c8,0,0,0,0.25,0.25,0.25
b683b494-0b21b850,1,1,1,0.5,0.5,0.5
b683c5c9-94747d74,1,1,1,0.5,0.5,0.5
b68445f5-cf8714b0,1,1,1,0.5,0.5,0.5
b68445f5-fcfc98f7,2,2,2,1.0,1.0,1.0
b685046c-a16279b4,0,0,0,0.25,0.25,0.25
b685cf4e-30eb4efa,0,0,0,0.25,0.25,0.25
b685cf4e-e1378204,2,2,2,1.0,1.0,1.0
b685eb37-dc649de0,0,0,0,0.25,0.25,0.25
b6876a74-8532d216,1,1,1,0.5,0.5,0.5
b68913f1-029e9d1a,1,1,1,0.5,0.5,0.5
b689c867-5a0ac45a,2,2,2,1.0,1.0,1.0
b68a000f-9a8091f9,1,1,1,0.5,0.5,0.5
b68a0153-2c58a0e3,0,0,0,0.25,0.25,0.25
b68e35b5-0881c831,1,1,1,0.5,0.5,0.5
b68e35b5-865cf5ee,0,0,0,0.25,0.25,0.25
b68e35b5-a135e64a,1,1,1,0.5,0.5,0.5
b68fe1ec-4c1094e2,1,1,1,0.5,0.5,0.5
b690989d-07e39c92,0,0,0,0.25,0.25,0.25
b690989d-919a2775,0,0,0,0.25,0.25,0.25
b690e7dd-1a1d38d1,0,0,0,0.25,0.25,0.25
b69173a4-d0c92583,0,0,0,0.25,0.25,0.25
b69191ad-9c9cfe44,0,0,0,0.25,0.25,0.25
b69603b2-8a99f37d,1,1,1,0.5,0.5,0.5
b69656bc-cd6901d3,0,0,0,0.25,0.25,0.25
b696cc35-68871f2a,0,0,0,0.25,0.25,0.25
b696ed52-a487c213,2,2,2,1.0,1.0,1.0
b6976dce-0810ee45,0,0,0,0.25,0.25,0.25
b6976dce-3c045c22,0,0,0,0.25,0.25,0.25
b69876fe-79c5a97a,1,1,1,0.5,0.5,0.5
b699a1df-6e9e269d,0,0,0,0.25,0.25,0.25
b699c424-44ce61e2,1,1,1,0.5,0.5,0.5
b69a7e04-1dea4bd1,0,0,0,0.25,0.25,0.25
b69a7e04-226ce8c3,0,0,0,0.25,0.25,0.25
b69a7e04-794b786c,0,0,0,0.25,0.25,0.25
b69b040b-15424e43,2,2,2,1.0,1.0,1.0
b69b7d13-a9c704af,0,0,0,0.25,0.25,0.25
b69d5b1d-03bd6daa,2,2,2,1.0,1.0,1.0
b69d5b1d-99133316,0,0,0,0.25,0.25,0.25
b69d81dd-35fbc1cf,0,0,0,0.25,0.25,0.25
b69e6a5d-a9cb966f,0,0,0,0.25,0.25,0.25
b69fc2ae-156d58aa,1,1,1,0.5,0.5,0.5
b6a0a684-b46f896b,0,0,0,0.25,0.25,0.25
b6a0a684-e1ce5607,0,0,0,0.25,0.25,0.25
b6a146ff-7491aafb,1,1,1,0.5,0.5,0.5
b6a1d94c-6e3fcf27,1,1,1,0.5,0.5,0.5
b6a5e5f0-73e9525b,2,2,2,1.0,1.0,1.0
b6a6df2d-3911b7c3,0,0,0,0.25,0.25,0.25
b6a6df2d-435493e8,0,0,0,0.25,0.25,0.25
b6a6df2d-743bf863,0,0,0,0.25,0.25,0.25
b6a6df2d-8f9cc4cf,2,2,2,1.0,1.0,1.0
b6a6df2d-cc93b4c6,1,1,1,0.5,0.5,0.5
b6a7a3ef-1151ebda,2,2,2,1.0,1.0,1.0
b6a8503c-4991b168,1,1,1,0.5,0.5,0.5
b6a8503c-52e3490b,0,0,0,0.25,0.25,0.25
b6a8503c-5e7375a8,1,1,1,0.5,0.5,0.5
b6a8503c-a797867c,0,0,0,0.25,0.25,0.25
b6a8503c-b04e247c,0,0,0,0.25,0.25,0.25
b6a936f4-483e5144,0,0,0,0.25,0.25,0.25
b6a936f4-f54cef7f,2,2,2,1.0,1.0,1.0
b6aa41ba-04780705,1,1,1,0.5,0.5,0.5
b6aa41ba-08564ca8,0,0,0,0.25,0.25,0.25
b6aa41ba-6ac62da0,1,1,1,0.5,0.5,0.5
b6aa41ba-736c9da7,1,1,1,0.5,0.5,0.5
b6aa41ba-768fdf21,1,1,1,0.5,0.5,0.5
b6accff3-eb28ad4f,0,0,0,0.25,0.25,0.25
b6aeb288-6615a6dc,1,1,1,0.5,0.5,0.5
b6aeb288-c860c9a2,1,1,1,0.5,0.5,0.5
b6af8c92-ba98fb91,0,0,0,0.25,0.25,0.25
b6afe56b-ec85d002,0,0,0,0.25,0.25,0.25
b6b01f9f-5ed424ca,1,1,1,0.5,0.5,0.5
b6b01f9f-f6aa5d75,0,0,0,0.25,0.25,0.25
b6b047b4-3fccc761,0,0,0,0.25,0.25,0.25
b6b047b4-7bdf1e93,0,0,0,0.25,0.25,0.25
b6b047b4-ca577730,0,0,0,0.25,0.25,0.25
b6b047b4-e61f09a7,0,0,0,0.25,0.25,0.25
b6b0d831-7abd7933,1,1,1,0.5,0.5,0.5
b6b536f4-c90f357e,2,2,2,1.0,1.0,1.0
b6b616b3-979e75c3,0,0,0,0.25,0.25,0.25
b6b6fd86-ab4d10f6,0,0,0,0.25,0.25,0.25
b6b7800d-bdecc6bc,0,0,0,0.25,0.25,0.25
b6b871e8-e0718c93,2,2,2,1.0,1.0,1.0
b6b8d59f-e8059575,2,2,2,1.0,1.0,1.0
b6b9069a-4908df6a,0,0,0,0.25,0.25,0.25
b6b9069a-5417277d,0,0,0,0.25,0.25,0.25
b6b9d3c1-d683dfce,0,0,0,0.25,0.25,0.25
b6ba23a1-4d9e1f20,0,0,0,0.25,0.25,0.25
b6ba23a1-98fd0d6b,0,0,0,0.25,0.25,0.25
b6bac30c-216dc02e,0,0,0,0.25,0.25,0.25
b6bb7bc8-795f455a,0,0,0,0.25,0.25,0.25
b6bd79c8-c94f5c10,0,0,0,0.25,0.25,0.25
b6bdb46e-2c60ecc3,2,2,2,1.0,1.0,1.0
b6bdb46e-3709d206,0,0,0,0.25,0.25,0.25
b6bec9b9-3ceaf9b6,0,0,0,0.25,0.25,0.25
b6bec9b9-a964c43a,2,2,2,1.0,1.0,1.0
b6c0964a-87b5d540,0,0,0,0.25,0.25,0.25
b6c22033-a2105050,0,0,0,0.25,0.25,0.25
b6c2a409-b0dacc13,1,1,1,0.5,0.5,0.5
b6c2d715-ba5d6ecc,0,0,0,0.25,0.25,0.25
b6c3cbb0-1c4e006c,2,2,2,1.0,1.0,1.0
b6c6e6fe-1c5ab635,0,0,0,0.25,0.25,0.25
b6c6e6fe-f325bc62,1,1,1,0.5,0.5,0.5
b6c771db-9c243cab,0,0,0,0.25,0.25,0.25
b6c771db-a92c32e3,0,0,0,0.25,0.25,0.25
b6c771db-f15d8a40,0,0,0,0.25,0.25,0.25
b6c89a7e-23a41125,1,1,1,0.5,0.5,0.5
b6c938b0-7bc5d2b8,0,0,0,0.25,0.25,0.25
b6c938b0-a748acc1,0,0,0,0.25,0.25,0.25
b6c938b0-c1d453f8,0,0,0,0.25,0.25,0.25
b6ca7400-0ed0dc64,1,1,1,0.5,0.5,0.5
b6cad0b4-56d2e2d9,2,2,2,1.0,1.0,1.0
b6cbfcf4-ce2bfe3b,1,1,1,0.5,0.5,0.5
b6cbfcf4-cfa37f13,2,2,2,1.0,1.0,1.0
b6ceb8b8-0aeb8a64,1,1,1,0.5,0.5,0.5
b6cebd5a-5ca64f5f,0,0,0,0.25,0.25,0.25
b6d0b46a-ec482777,1,1,1,0.5,0.5,0.5
b6d0b9d1-3460a220,0,0,0,0.25,0.25,0.25
b6d0b9d1-97b198c7,0,0,0,0.25,0.25,0.25
b6d0b9d1-9e750bae,1,1,1,0.5,0.5,0.5
b6d0b9d1-a2c6c924,2,2,2,1.0,1.0,1.0
b6d0b9d1-bfbc7861,1,1,1,0.5,0.5,0.5
b6d0b9d1-d643d86a,1,1,1,0.5,0.5,0.5
b6d0b9d1-f5531bf3,0,0,0,0.25,0.25,0.25
b6d1c1f6-998f36f3,2,2,2,1.0,1.0,1.0
b6d2717a-6e17bbb1,1,1,1,0.5,0.5,0.5
b6d2717a-a24fc378,1,1,1,0.5,0.5,0.5
b6d2717a-d8d1bc0c,1,1,1,0.5,0.5,0.5
b6d5b39b-710032ac,1,1,1,0.5,0.5,0.5
b6d6e4f6-cc416656,2,2,2,1.0,1.0,1.0
b6d82c09-389f4f78,1,1,1,0.5,0.5,0.5
b6d82c09-e7005951,1,1,1,0.5,0.5,0.5
b6d855a5-38d55a26,1,1,1,0.5,0.5,0.5
b6d855a5-c1d5a996,0,0,0,0.25,0.25,0.25
b6d9b0ba-a0a7525e,1,1,1,0.5,0.5,0.5
b6db090c-2b1971cf,1,1,1,0.5,0.5,0.5
b6db6674-29fd8e88,1,1,1,0.5,0.5,0.5
b6db6674-74fe17d1,0,0,0,0.25,0.25,0.25
b6db6674-bd255464,0,0,0,0.25,0.25,0.25
b6ddc104-54cc00e3,0,0,0,0.25,0.25,0.25
b6ddc104-b6089ee2,0,0,0,0.25,0.25,0.25
b6ddc104-dd647db8,2,2,2,1.0,1.0,1.0
b6de6d24-bfcf2de4,0,0,0,0.25,0.25,0.25
b6decb24-0de96f8c,1,1,1,0.5,0.5,0.5
b6decb24-390c9ae7,1,1,1,0.5,0.5,0.5
b6decb24-3f0404d4,2,2,2,1.0,1.0,1.0
b6decb24-75789742,1,1,1,0.5,0.5,0.5
b6decb24-7fbd99e8,0,0,0,0.25,0.25,0.25
b6decb24-82234e11,0,0,0,0.25,0.25,0.25
b6decb24-fffc40f7,0,0,0,0.25,0.25,0.25
b6df605f-34527b5f,2,2,2,1.0,1.0,1.0
b6df605f-51c158b8,2,2,2,1.0,1.0,1.0
b6df605f-5f035267,0,0,0,0.25,0.25,0.25
b6df605f-acdccf67,0,0,0,0.25,0.25,0.25
b6e264cf-d2600371,0,0,0,0.25,0.25,0.25
b6e2a815-20a3637b,1,1,1,0.5,0.5,0.5
b6e2a815-6106646d,0,0,0,0.25,0.25,0.25
b6e49a81-ca7f9e9d,0,0,0,0.25,0.25,0.25
b6e4a55e-0684fdec,0,0,0,0.25,0.25,0.25
b6e4a55e-2e6228cc,2,2,2,1.0,1.0,1.0
b6e4a55e-4a7068f1,0,0,0,0.25,0.25,0.25
b6e591bd-d509b54b,0,0,0,0.25,0.25,0.25
b6e5b2fd-1e596798,0,0,0,0.25,0.25,0.25
b6e602b3-50bfb157,2,2,2,1.0,1.0,1.0
b6e683d2-84d2dfbf,1,1,1,0.5,0.5,0.5
b6e683d2-bd7cdcbb,0,0,0,0.25,0.25,0.25
b6e90f9b-3f3431d4,2,2,2,1.0,1.0,1.0
b6ea0cd9-aa1cbdf5,1,1,1,0.5,0.5,0.5
b6ea0cd9-b9cec75f,2,2,2,1.0,1.0,1.0
b6ea1520-1bd7b870,1,1,1,0.5,0.5,0.5
b6ea1520-1c9df539,1,1,1,0.5,0.5,0.5
b6eda03e-50c604c1,0,0,0,0.25,0.25,0.25
b6f2176b-20c2f527,1,1,1,0.5,0.5,0.5
b6f2176b-fcca7545,0,0,0,0.25,0.25,0.25
b6f40904-693d5d3d,1,1,1,0.5,0.5,0.5
b6f4b139-527d7e55,0,0,0,0.25,0.25,0.25
b6f4b139-744f76c0,0,0,0,0.25,0.25,0.25
b6f4b139-d7311df5,2,2,2,1.0,1.0,1.0
b6f77fda-02b6e75b,0,0,0,0.25,0.25,0.25
b6f77fda-2531c3a3,0,0,0,0.25,0.25,0.25
b6f77fda-33d2260f,0,0,0,0.25,0.25,0.25
b6f77fda-46184a8c,1,1,1,0.5,0.5,0.5
b6f81988-1083f3fa,1,1,1,0.5,0.5,0.5
b6f85287-cde20f1d,2,2,2,1.0,1.0,1.0
b6f8a510-6f70445f,1,1,1,0.5,0.5,0.5
b6f95b33-d54400d9,1,1,1,0.5,0.5,0.5
b6f9afd4-63573be9,0,0,0,0.25,0.25,0.25
b6fae313-657598b1,0,0,0,0.25,0.25,0.25
b6ff1331-f6d3fba8,1,1,1,0.5,0.5,0.5
b6ffd606-322ba017,0,0,0,0.25,0.25,0.25
b6ffe7bd-017de39c,0,0,0,0.25,0.25,0.25
b6ffe7bd-1e0d5145,0,0,0,0.25,0.25,0.25
b6ffe7bd-35e5adfb,1,1,1,0.5,0.5,0.5
b6ffe7bd-735e0b0a,2,2,2,1.0,1.0,1.0
b6ffe7bd-7c91eac9,1,1,1,0.5,0.5,0.5
b6ffe7bd-a0d0cd8d,1,1,1,0.5,0.5,0.5
b6ffe7bd-a462948c,0,0,0,0.25,0.25,0.25
b6ffe7bd-ca9d4b5b,1,1,1,0.5,0.5,0.5
b6ffe7bd-d13595c6,0,0,0,0.25,0.25,0.25
b6ffe7bd-d7a0f83e,0,0,0,0.25,0.25,0.25
b6ffe7bd-d8f2c88e,0,0,0,0.25,0.25,0.25
b6ffe7bd-f7d2cdce,1,1,1,0.5,0.5,0.5
b6ffe7bd-fd52b51e,0,0,0,0.25,0.25,0.25
b7007510-f6b3b182,1,1,1,0.5,0.5,0.5
b700e409-b6515113,0,0,0,0.25,0.25,0.25
b701e0ad-0179d536,0,0,0,0.25,0.25,0.25
b701e0ad-899d1610,0,0,0,0.25,0.25,0.25
b701e0ad-f824d54b,0,0,0,0.25,0.25,0.25
b7041acc-6de39959,2,2,2,1.0,1.0,1.0
b7041acc-a64aa9d2,0,0,0,0.25,0.25,0.25
b7049e6e-fa515af6,0,0,0,0.25,0.25,0.25
b705004b-c5606783,0,0,0,0.25,0.25,0.25
b7064abc-24deedb3,0,0,0,0.25,0.25,0.25
b7064abc-4ed592fe,1,1,1,0.5,0.5,0.5
b7064abc-878a912c,0,0,0,0.25,0.25,0.25
b70692e1-fcb7203c,2,2,2,1.0,1.0,1.0
b7072ec0-3a3b64a5,2,2,2,1.0,1.0,1.0
b709801c-c2f5bc24,1,1,1,0.5,0.5,0.5
b70b64da-024e0355,0,0,0,0.25,0.25,0.25
b70b64da-2a532ff1,1,1,1,0.5,0.5,0.5
b70b64da-396bfbd3,1,1,1,0.5,0.5,0.5
b70b64da-73d75639,1,1,1,0.5,0.5,0.5
b70b7cdc-c4dcd88b,0,0,0,0.25,0.25,0.25
b70c8fba-827bc9c7,1,1,1,0.5,0.5,0.5
b70d1e4a-467d8c58,0,0,0,0.25,0.25,0.25
b70f200b-ad49ec36,1,1,1,0.5,0.5,0.5
b710d831-df5ce01b,0,0,0,0.25,0.25,0.25
b710d831-faa2aa67,0,0,0,0.25,0.25,0.25
b7147430-2a111946,2,2,2,1.0,1.0,1.0
b714a088-861a043b,1,1,1,0.5,0.5,0.5
b714a088-e91ac24f,1,1,1,0.5,0.5,0.5
b715a46a-32d2d7eb,0,0,0,0.25,0.25,0.25
b71bb4df-b9837e9c,0,0,0,0.25,0.25,0.25
b71bf87d-528e531c,0,0,0,0.25,0.25,0.25
b71bf87d-894c1a21,2,2,2,1.0,1.0,1.0
b71cef92-3492a923,2,2,2,1.0,1.0,1.0
b71d7574-015d9d5d,0,0,0,0.25,0.25,0.25
b71d7574-2af6ba2d,1,1,1,0.5,0.5,0.5
b71d7574-92c4aeba,2,2,2,1.0,1.0,1.0
b71d7574-c6113b75,1,1,1,0.5,0.5,0.5
b71d7574-e6bc43e9,0,0,0,0.25,0.25,0.25
b71e2cab-7a7494cf,1,1,1,0.5,0.5,0.5
b71e9235-4012ac22,0,0,0,0.25,0.25,0.25
b71ecc5a-7a837d0a,1,1,1,0.5,0.5,0.5
b71f13d6-b07faf5f,2,2,2,1.0,1.0,1.0
b71f7e68-578dfb43,0,0,0,0.25,0.25,0.25
b7205754-4faa3862,1,1,1,0.5,0.5,0.5
b720f8cf-eb23da16,2,2,2,1.0,1.0,1.0
b721bf1b-be4e2e12,1,1,1,0.5,0.5,0.5
b721f994-43356f34,0,0,0,0.25,0.25,0.25
b7226661-1ba4dc1a,1,1,1,0.5,0.5,0.5
b7226661-33b4c4ff,0,0,0,0.25,0.25,0.25
b7226661-aff64877,2,2,2,1.0,1.0,1.0
b7234188-8102b743,0,0,0,0.25,0.25,0.25
b72393ac-a136bc1e,0,0,0,0.25,0.25,0.25
b72393ac-b071c025,2,2,2,1.0,1.0,1.0
b724e1f0-cffecdc5,0,0,0,0.25,0.25,0.25
b726242a-53eb7489,1,1,1,0.5,0.5,0.5
b726c429-11f5acde,0,0,0,0.25,0.25,0.25
b726c429-299fdd6b,1,1,1,0.5,0.5,0.5
b726c429-726588e2,0,0,0,0.25,0.25,0.25
b726c429-8f45fe47,1,1,1,0.5,0.5,0.5
b726c429-9789a231,0,0,0,0.25,0.25,0.25
b726c429-b84a63c2,1,1,1,0.5,0.5,0.5
b726c429-c334aa54,1,1,1,0.5,0.5,0.5
b7279e9d-fcd59829,0,0,0,0.25,0.25,0.25
b72812e8-c636249b,0,0,0,0.25,0.25,0.25
b728b79a-14e09f31,1,1,1,0.5,0.5,0.5
b728b79a-15b4e229,1,1,1,0.5,0.5,0.5
b728b79a-b1757497,2,2,2,1.0,1.0,1.0
b7298f0f-00fb851b,1,1,1,0.5,0.5,0.5
b729d050-af382d96,0,0,0,0.25,0.25,0.25
b729d9e2-1a443f51,2,2,2,1.0,1.0,1.0
b729d9e2-a4d95e09,0,0,0,0.25,0.25,0.25
b72b3974-07848804,0,0,0,0.25,0.25,0.25
b72b3974-552bb7d7,2,2,2,1.0,1.0,1.0
b72b3974-9667b29a,2,2,2,1.0,1.0,1.0
b72f72e4-02ac60a7,0,0,0,0.25,0.25,0.25
b7301a4a-b25a846a,0,0,0,0.25,0.25,0.25
b730ab01-492b4489,0,0,0,0.25,0.25,0.25
b73282b1-7bc49185,0,0,0,0.25,0.25,0.25
b733092e-68a5b8e9,1,1,1,0.5,0.5,0.5
b733b13d-e5dccc44,0,0,0,0.25,0.25,0.25
b7341ecf-4be3bdcb,1,1,1,0.5,0.5,0.5
b7348a27-496f5f92,2,2,2,1.0,1.0,1.0
b735df0d-e7bf4c09,0,0,0,0.25,0.25,0.25
b736a729-8e235005,1,1,1,0.5,0.5,0.5
b736c477-ce5093ac,1,1,1,0.5,0.5,0.5
b736c477-fb345fa9,2,2,2,1.0,1.0,1.0
b73737dc-0fac3a01,0,0,0,0.25,0.25,0.25
b737b268-3e81c0e9,2,2,2,1.0,1.0,1.0
b738d22a-6ac5e1d6,2,2,2,1.0,1.0,1.0
b7390768-06a6a4a0,0,0,0,0.25,0.25,0.25
b7394616-aff8fb86,2,2,2,1.0,1.0,1.0
b73a59ee-a81b5085,1,1,1,0.5,0.5,0.5
b73a793e-ebf5917d,0,0,0,0.25,0.25,0.25
b73dd344-03413fbf,1,1,1,0.5,0.5,0.5
b73de6c1-1eb67050,0,0,0,0.25,0.25,0.25
b73de6c1-907ea814,0,0,0,0.25,0.25,0.25
b73f18e7-6341f45b,0,0,0,0.25,0.25,0.25
b7404583-645b7fd7,0,0,0,0.25,0.25,0.25
b7404583-b504d500,0,0,0,0.25,0.25,0.25
b740e2ac-c01ee78f,0,0,0,0.25,0.25,0.25
b74111eb-27276099,2,2,2,1.0,1.0,1.0
b74111eb-d21a119b,0,0,0,0.25,0.25,0.25
b7416b8c-5b0fcd5e,2,2,2,1.0,1.0,1.0
b741c25b-5d56239a,2,2,2,1.0,1.0,1.0
b742a9e3-7fbcedaa,1,1,1,0.5,0.5,0.5
b743317c-44e297ee,0,0,0,0.25,0.25,0.25
b743b808-c7c4e44d,1,1,1,0.5,0.5,0.5
b7446774-29ac1db2,0,0,0,0.25,0.25,0.25
b7446774-2faa796d,0,0,0,0.25,0.25,0.25
b7446774-60e761ec,0,0,0,0.25,0.25,0.25
b744c27e-b87d6875,0,0,0,0.25,0.25,0.25
b7457987-06803d89,0,0,0,0.25,0.25,0.25
b7457987-4f89d5e8,1,1,1,0.5,0.5,0.5
b7457987-72d06293,0,0,0,0.25,0.25,0.25
b7457987-9bccf8c4,0,0,0,0.25,0.25,0.25
b747a85e-79f375a1,0,0,0,0.25,0.25,0.25
b747a85e-9e012bdf,0,0,0,0.25,0.25,0.25
b747a85e-d46dde6a,2,2,2,1.0,1.0,1.0
b747b30e-991436c7,1,1,1,0.5,0.5,0.5
b7480124-540c4b41,0,0,0,0.25,0.25,0.25
b7497244-1b64c54d,0,0,0,0.25,0.25,0.25
b74bedfc-036616d8,0,0,0,0.25,0.25,0.25
b74bedfc-6187ffd8,2,2,2,1.0,1.0,1.0
b74bedfc-9adcb4ef,0,0,0,0.25,0.25,0.25
b74ca6c1-38f5c3c8,0,0,0,0.25,0.25,0.25
b74d1efd-b4b4590f,0,0,0,0.25,0.25,0.25
b74e7806-60077058,1,1,1,0.5,0.5,0.5
b74f9c57-2a44aec1,0,0,0,0.25,0.25,0.25
b74f9c57-420c7d6e,0,0,0,0.25,0.25,0.25
b74f9c57-90451f20,0,0,0,0.25,0.25,0.25
b74f9c57-f542adef,1,1,1,0.5,0.5,0.5
b74fa71d-b72c24a3,1,1,1,0.5,0.5,0.5
b750dfba-288937b9,1,1,1,0.5,0.5,0.5
b7537b2b-acc8384f,2,2,2,1.0,1.0,1.0
b7548e7c-9b143316,0,0,0,0.25,0.25,0.25
b754a2e4-8785a25d,0,0,0,0.25,0.25,0.25
b7559b8d-1ca5f88f,0,0,0,0.25,0.25,0.25
b7559b8d-8c71431d,2,2,2,1.0,1.0,1.0
b75781e5-27729a7d,1,1,1,0.5,0.5,0.5
b75781e5-a44bc5af,0,0,0,0.25,0.25,0.25
b757ae91-a9093726,2,2,2,1.0,1.0,1.0
b757ae91-c4ae9ab1,1,1,1,0.5,0.5,0.5
b757f147-6a20b38f,2,2,2,1.0,1.0,1.0
b7586523-724c2502,2,2,2,1.0,1.0,1.0
b75bda07-d83a04eb,1,1,1,0.5,0.5,0.5
b75cb43c-159062d9,2,2,2,1.0,1.0,1.0
b75da19e-2d5038ce,0,0,0,0.25,0.25,0.25
b75da19e-78c2c800,0,0,0,0.25,0.25,0.25
b75da19e-a1d997ec,0,0,0,0.25,0.25,0.25
b75da19e-a29454b7,0,0,0,0.25,0.25,0.25
b75da19e-c1bea5b4,2,2,2,1.0,1.0,1.0
b75da19e-ce52c274,0,0,0,0.25,0.25,0.25
b75ed92c-c9116263,0,0,0,0.25,0.25,0.25
b75f355e-32bd06af,0,0,0,0.25,0.25,0.25
b75f355e-837e1a01,0,0,0,0.25,0.25,0.25
b75f355e-b3f098b9,0,0,0,0.25,0.25,0.25
b75f355e-b8ecbd7e,0,0,0,0.25,0.25,0.25
b75f814e-4b7257ae,1,1,1,0.5,0.5,0.5
b75f814e-9861df41,1,1,1,0.5,0.5,0.5
b75f814e-f533da40,2,2,2,1.0,1.0,1.0
b760329b-611024b4,0,0,0,0.25,0.25,0.25
b7610ba3-9eabe8e3,0,0,0,0.25,0.25,0.25
b761b4a6-ba62a4ae,0,0,0,0.25,0.25,0.25
b761cf92-05ed0ba2,0,0,0,0.25,0.25,0.25
b761cf92-0ec720b9,2,2,2,1.0,1.0,1.0
b761cf92-3127cc34,2,2,2,1.0,1.0,1.0
b762e497-59b064e0,0,0,0,0.25,0.25,0.25
b7636303-2036ba2d,0,0,0,0.25,0.25,0.25
b764f1b2-7ce1c79f,0,0,0,0.25,0.25,0.25
b766079c-62ff02f3,1,1,1,0.5,0.5,0.5
b7668116-0f00b768,1,1,1,0.5,0.5,0.5
b7668116-71da4033,0,0,0,0.25,0.25,0.25
b7676214-60e4d9eb,0,0,0,0.25,0.25,0.25
b7676214-b10e4e0e,0,0,0,0.25,0.25,0.25
b76792cb-0b0d99c9,1,1,1,0.5,0.5,0.5
b76792cb-2998adba,1,1,1,0.5,0.5,0.5
b768b26a-f90ad09d,1,1,1,0.5,0.5,0.5
b768ec39-d32827c2,0,0,0,0.25,0.25,0.25
b769f2fa-026548da,1,1,1,0.5,0.5,0.5
b769f2fa-12edf532,2,2,2,1.0,1.0,1.0
b769f2fa-317151bf,1,1,1,0.5,0.5,0.5
b769f2fa-867bf3b3,2,2,2,1.0,1.0,1.0
b769f2fa-902d2ff3,0,0,0,0.25,0.25,0.25
b769f2fa-9473432d,1,1,1,0.5,0.5,0.5
b769f2fa-9be9a666,0,0,0,0.25,0.25,0.25
b769f2fa-ac5f60c7,2,2,2,1.0,1.0,1.0
b769f2fa-adedab4b,1,1,1,0.5,0.5,0.5
b76fff5c-46f35d4c,1,1,1,0.5,0.5,0.5
b770f56a-3e8cba7a,0,0,0,0.25,0.25,0.25
b7711ddf-0f0035a8,0,0,0,0.25,0.25,0.25
b7719f1d-8245d9ce,0,0,0,0.25,0.25,0.25
b7719f1d-e6e580dd,0,0,0,0.25,0.25,0.25
b77405dc-08d4db28,0,0,0,0.25,0.25,0.25
b775af1c-b71a7f85,1,1,1,0.5,0.5,0.5
b775af1c-bb5afbe3,1,1,1,0.5,0.5,0.5
b77826c3-b22372a9,2,2,2,1.0,1.0,1.0
b7789d1a-353aa20d,1,1,1,0.5,0.5,0.5
b7789d1a-92fe7627,0,0,0,0.25,0.25,0.25
b7799f64-736f7f7e,0,0,0,0.25,0.25,0.25
b77a6ed6-5661f543,1,1,1,0.5,0.5,0.5
b77c4440-56fe6db9,1,1,1,0.5,0.5,0.5
b77d1f5b-db4b275d,0,0,0,0.25,0.25,0.25
b77d2f48-007d3dbd,2,2,2,1.0,1.0,1.0
b77d2f48-020ecd39,0,0,0,0.25,0.25,0.25
b77d2f48-a010995e,2,2,2,1.0,1.0,1.0
b77dc345-6d549a1b,0,0,0,0.25,0.25,0.25
b77dc345-d1f9b91c,0,0,0,0.25,0.25,0.25
b77df2a1-b2c5d1bb,0,0,0,0.25,0.25,0.25
b77e197d-572d6c7b,0,0,0,0.25,0.25,0.25
b77f3729-fcbf9b93,2,2,2,1.0,1.0,1.0
b780088d-0bf9e946,0,0,0,0.25,0.25,0.25
b780088d-b85f1b00,0,0,0,0.25,0.25,0.25
b78032b6-f85e30bb,0,0,0,0.25,0.25,0.25
b782a90c-b8670a3c,0,0,0,0.25,0.25,0.25
b782f9ad-6bc1d4ee,2,2,2,1.0,1.0,1.0
b7831880-0327e785,1,1,1,0.5,0.5,0.5
b783536b-93708b03,0,0,0,0.25,0.25,0.25
b7841cd5-1fe9c108,0,0,0,0.25,0.25,0.25
b784ff27-14060d57,0,0,0,0.25,0.25,0.25
b784ff27-58c39a23,0,0,0,0.25,0.25,0.25
b784ff27-a05a848e,0,0,0,0.25,0.25,0.25
b784ff27-baf00daa,0,0,0,0.25,0.25,0.25
b7872bf3-ddf64f77,0,0,0,0.25,0.25,0.25
b788c509-56f6a40a,1,1,1,0.5,0.5,0.5
b788c509-9ba17da1,0,0,0,0.25,0.25,0.25
b788c509-9d3284e8,0,0,0,0.25,0.25,0.25
b78a38de-5b7a6b2f,0,0,0,0.25,0.25,0.25
b78cb53c-14d14771,2,2,2,1.0,1.0,1.0
b78cb53c-65159143,0,0,0,0.25,0.25,0.25
b78dd814-86a01e2e,2,2,2,1.0,1.0,1.0
b78dd814-b57822af,2,2,2,1.0,1.0,1.0
b7910b55-a1ab1901,0,0,0,0.25,0.25,0.25
b792daf1-52513869,0,0,0,0.25,0.25,0.25
b792daf1-e95167d2,1,1,1,0.5,0.5,0.5
b79307e6-6cfc1c5b,1,1,1,0.5,0.5,0.5
b7935597-0fb3bad7,0,0,0,0.25,0.25,0.25
b7935597-13c4b9dd,2,2,2,1.0,1.0,1.0
b797647c-5f2154db,0,0,0,0.25,0.25,0.25
b797647c-674197dc,0,0,0,0.25,0.25,0.25
b7979b09-89a5a8ea,2,2,2,1.0,1.0,1.0
b797d23a-a415ce55,0,0,0,0.25,0.25,0.25
b7984475-0a28901d,1,1,1,0.5,0.5,0.5
b7993af5-b544c0da,2,2,2,1.0,1.0,1.0
b79c1f8d-235c1229,0,0,0,0.25,0.25,0.25
b79c1f8d-33e358e0,0,0,0,0.25,0.25,0.25
b79c1f8d-8409e845,1,1,1,0.5,0.5,0.5
b79c1f8d-87a1881a,2,2,2,1.0,1.0,1.0
b79c1f8d-f34cbff5,1,1,1,0.5,0.5,0.5
b79d2bd8-b3eb6fa9,0,0,0,0.25,0.25,0.25
b79d7247-1b5a4f2c,0,0,0,0.25,0.25,0.25
b79d7247-6750fc90,1,1,1,0.5,0.5,0.5
b7a16331-0c817de1,0,0,0,0.25,0.25,0.25
b7a16331-728c61ea,2,2,2,1.0,1.0,1.0
b7a175e0-52e0bbc9,1,1,1,0.5,0.5,0.5
b7a175e0-ea597801,0,0,0,0.25,0.25,0.25
b7a3fc87-1c0a396b,2,2,2,1.0,1.0,1.0
b7a43d54-9a0a14f5,0,0,0,0.25,0.25,0.25
b7a8e795-056b3c79,0,0,0,0.25,0.25,0.25
b7a8e795-06d17ead,2,2,2,1.0,1.0,1.0
b7a8e795-06dce576,1,1,1,0.5,0.5,0.5
b7a8e795-0ff55db2,0,0,0,0.25,0.25,0.25
b7a8e795-1e7e5390,2,2,2,1.0,1.0,1.0
b7a8e795-36cc1230,0,0,0,0.25,0.25,0.25
b7a8e795-779e8c02,0,0,0,0.25,0.25,0.25
b7a8e795-ff80fddf,0,0,0,0.25,0.25,0.25
b7a97cb6-1d099495,1,1,1,0.5,0.5,0.5
b7a97cb6-a10ac1b2,2,2,2,1.0,1.0,1.0
b7a9b166-01d09e6b,1,1,1,0.5,0.5,0.5
b7a9b166-176e18ae,2,2,2,1.0,1.0,1.0
b7a9b166-341c551a,2,2,2,1.0,1.0,1.0
b7a9b166-52309c81,1,1,1,0.5,0.5,0.5
b7a9b166-5c58b563,1,1,1,0.5,0.5,0.5
b7a9b166-7d9db10e,0,0,0,0.25,0.25,0.25
b7a9b166-a7b6abec,0,0,0,0.25,0.25,0.25
b7a9b166-fd70d717,0,0,0,0.25,0.25,0.25
b7aa329e-25d68dec,0,0,0,0.25,0.25,0.25
b7ab6225-743ee003,0,0,0,0.25,0.25,0.25
b7ab6225-7a1edecd,0,0,0,0.25,0.25,0.25
b7abfbea-3067ba7b,1,1,1,0.5,0.5,0.5
b7ad4512-145bbccb,0,0,0,0.25,0.25,0.25
b7ad4512-5b2510d8,1,1,1,0.5,0.5,0.5
b7ad4512-be6f5823,0,0,0,0.25,0.25,0.25
b7ad967b-5ffacb53,1,1,1,0.5,0.5,0.5
b7ada391-dd104c12,1,1,1,0.5,0.5,0.5
b7b07700-7dd6ec37,1,1,1,0.5,0.5,0.5
b7b07700-ba279921,1,1,1,0.5,0.5,0.5
b7b09a19-d9ce1598,1,1,1,0.5,0.5,0.5
b7b110ca-fac51d5b,0,0,0,0.25,0.25,0.25
b7b1242b-3c255af6,1,1,1,0.5,0.5,0.5
b7b132fc-12fe1b49,0,0,0,0.25,0.25,0.25
b7b132fc-72617f81,2,2,2,1.0,1.0,1.0
b7b132fc-ba819254,0,0,0,0.25,0.25,0.25
b7b1f657-c3290194,1,1,1,0.5,0.5,0.5
b7b32a5f-87311a3a,0,0,0,0.25,0.25,0.25
b7b32a5f-90bce6e1,0,0,0,0.25,0.25,0.25
b7b3a558-45775f2e,1,1,1,0.5,0.5,0.5
b7b3a558-82db42a5,0,0,0,0.25,0.25,0.25
b7b3a558-cacc0e78,0,0,0,0.25,0.25,0.25
b7b3a558-f047b273,0,0,0,0.25,0.25,0.25
b7b554e4-753c2c08,1,1,1,0.5,0.5,0.5
b7b58fcc-1ac3ea04,1,1,1,0.5,0.5,0.5
b7b7c088-13945e4c,2,2,2,1.0,1.0,1.0
b7b7c088-2fda29df,0,0,0,0.25,0.25,0.25
b7b89e71-e92f6983,0,0,0,0.25,0.25,0.25
b7ba2ed7-7f381040,0,0,0,0.25,0.25,0.25
b7ba8fee-e6a5e940,0,0,0,0.25,0.25,0.25
b7ba8fee-fcbd00e5,1,1,1,0.5,0.5,0.5
b7ba9ad7-f89df072,0,0,0,0.25,0.25,0.25
b7bb0d6e-0fa5f5ae,0,0,0,0.25,0.25,0.25
b7bb0d6e-1922b34d,1,1,1,0.5,0.5,0.5
b7bb0d6e-19d84993,0,0,0,0.25,0.25,0.25
b7bb0d6e-552b4dd9,2,2,2,1.0,1.0,1.0
b7bb0d6e-87e194fd,1,1,1,0.5,0.5,0.5
b7bb0d6e-b018e560,1,1,1,0.5,0.5,0.5
b7bb37d8-95dcf32f,0,0,0,0.25,0.25,0.25
b7bb37d8-c413361a,0,0,0,0.25,0.25,0.25
b7bb37d8-da8a74d7,2,2,2,1.0,1.0,1.0
b7bb64a4-885f7346,0,0,0,0.25,0.25,0.25
b7bbb1fe-1cec6316,0,0,0,0.25,0.25,0.25
b7bcc17a-17f66377,0,0,0,0.25,0.25,0.25
b7bcc17a-3d51ea5e,1,1,1,0.5,0.5,0.5
b7bcc17a-6d53c833,0,0,0,0.25,0.25,0.25
b7bcc17a-72df68f9,2,2,2,1.0,1.0,1.0
b7bcc17a-7feae7dd,2,2,2,1.0,1.0,1.0
b7bcc17a-8838a45e,1,1,1,0.5,0.5,0.5
b7bcc17a-c3da43c8,0,0,0,0.25,0.25,0.25
b7bcc17a-cb639c92,0,0,0,0.25,0.25,0.25
b7bcc17a-cd0f0f68,1,1,1,0.5,0.5,0.5
b7bd8b85-9f43d43e,0,0,0,0.25,0.25,0.25
b7becb56-e97b2d91,1,1,1,0.5,0.5,0.5
b7bf181d-8a32731e,0,0,0,0.25,0.25,0.25
b7bfad97-89e3ef28,1,1,1,0.5,0.5,0.5
b7bfad97-abd8ddef,2,2,2,1.0,1.0,1.0
b7bfad97-d095e272,0,0,0,0.25,0.25,0.25
b7c448a7-d2d6ae03,0,0,0,0.25,0.25,0.25
b7c48676-355433ae,2,2,2,1.0,1.0,1.0
b7c48676-79eba8a1,2,2,2,1.0,1.0,1.0
b7c48676-d61a6e81,0,0,0,0.25,0.25,0.25
b7c5b8ef-5c9960a8,0,0,0,0.25,0.25,0.25
b7c5b8ef-b233d513,2,2,2,1.0,1.0,1.0
b7c8c7f6-54290bbc,2,2,2,1.0,1.0,1.0
b7c8c7f6-899b3996,0,0,0,0.25,0.25,0.25
b7c91476-fe3e68ec,0,0,0,0.25,0.25,0.25
b7cf9504-dfc7bd99,0,0,0,0.25,0.25,0.25
b7d13f97-0aec1868,0,0,0,0.25,0.25,0.25
b7d13f97-221ebf7b,0,0,0,0.25,0.25,0.25
b7d13f97-2952d459,2,2,2,1.0,1.0,1.0
b7d13f97-3df013fa,0,0,0,0.25,0.25,0.25
b7d13f97-55885a3b,1,1,1,0.5,0.5,0.5
b7d13f97-74ae37ed,1,1,1,0.5,0.5,0.5
b7d13f97-9f4fcb90,0,0,0,0.25,0.25,0.25
b7d277b3-26d83b90,0,0,0,0.25,0.25,0.25
b7d277b3-a6f32171,1,1,1,0.5,0.5,0.5
b7d277b3-fc03ae80,1,1,1,0.5,0.5,0.5
b7d34a28-7404150e,0,0,0,0.25,0.25,0.25
b7d3916f-ab5b5296,2,2,2,1.0,1.0,1.0
b7d46034-88afd89c,1,1,1,0.5,0.5,0.5
b7d46034-cd47154f,1,1,1,0.5,0.5,0.5
b7d7713a-0ce4c8f1,0,0,0,0.25,0.25,0.25
b7d7713a-a58eef67,0,0,0,0.25,0.25,0.25
b7d7b438-7e499016,0,0,0,0.25,0.25,0.25
b7d875e8-35d6222a,2,2,2,1.0,1.0,1.0
b7d8cd90-a01c6422,0,0,0,0.25,0.25,0.25
b7d9a95e-f9901594,0,0,0,0.25,0.25,0.25
b7da46cc-c6b02c40,0,0,0,0.25,0.25,0.25
b7db31d1-06d2afc1,0,0,0,0.25,0.25,0.25
b7db31d1-188d4a34,0,0,0,0.25,0.25,0.25
b7db31d1-7ccff061,0,0,0,0.25,0.25,0.25
b7db31d1-fa13a84a,1,1,1,0.5,0.5,0.5
b7dbc526-68892204,1,1,1,0.5,0.5,0.5
b7dbe50a-3738a448,1,1,1,0.5,0.5,0.5
b7dc9921-4c58cd1b,0,0,0,0.25,0.25,0.25
b7dc9921-8ae7e873,0,0,0,0.25,0.25,0.25
b7dc9921-b99688d2,1,1,1,0.5,0.5,0.5
b7dc9921-fcfe3332,1,1,1,0.5,0.5,0.5
b7de4b01-2a16dfe7,0,0,0,0.25,0.25,0.25
b7def2fa-8283e208,1,1,1,0.5,0.5,0.5
b7df0c5f-293b7be6,1,1,1,0.5,0.5,0.5
b7df0c5f-654d495d,1,1,1,0.5,0.5,0.5
b7e1237b-25dec3f7,0,0,0,0.25,0.25,0.25
b7e1237b-876a427c,2,2,2,1.0,1.0,1.0
b7e1237b-f08b7c08,1,1,1,0.5,0.5,0.5
b7e17f40-859096c9,0,0,0,0.25,0.25,0.25
b7e347d4-8ab9f4b5,2,2,2,1.0,1.0,1.0
b7e68039-9ea5f87c,1,1,1,0.5,0.5,0.5
b7e8932c-3f90dbfc,2,2,2,1.0,1.0,1.0
b7e98aaf-df117cd8,1,1,1,0.5,0.5,0.5
b7ea55c1-8385ec70,0,0,0,0.25,0.25,0.25
b7eb6c3d-e1598570,0,0,0,0.25,0.25,0.25
b7eb7b11-2ba05f4f,2,2,2,1.0,1.0,1.0
b7ec8e2f-b673fc33,1,1,1,0.5,0.5,0.5
b7ec9c7e-816b5937,2,2,2,1.0,1.0,1.0
b7ec9c7e-cfdf4a45,0,0,0,0.25,0.25,0.25
b7edcfdc-f018989f,1,1,1,0.5,0.5,0.5
b7f1241e-05749fee,2,2,2,1.0,1.0,1.0
b7f1241e-1f691c01,0,0,0,0.25,0.25,0.25
b7f1241e-de8783e8,0,0,0,0.25,0.25,0.25
b7f136f3-1a77da25,1,1,1,0.5,0.5,0.5
b7f43f41-b1354d92,1,1,1,0.5,0.5,0.5
b7f452e4-1e5669ab,1,1,1,0.5,0.5,0.5
b7f452e4-1e8b6f3a,0,0,0,0.25,0.25,0.25
b7f75fad-1c1c419b,0,0,0,0.25,0.25,0.25
b7fbffdb-62f685ff,0,0,0,0.25,0.25,0.25
b7fbffdb-7dd0268d,1,1,1,0.5,0.5,0.5
b7fbffdb-e6bc2ef1,2,2,2,1.0,1.0,1.0
b7fc572c-6a4b1de5,2,2,2,1.0,1.0,1.0
b7fc572c-aff1b54d,0,0,0,0.25,0.25,0.25
b7fc572c-d84b9bc6,0,0,0,0.25,0.25,0.25
b7fc572c-f8a3e313,0,0,0,0.25,0.25,0.25
b7fc87bf-8ac3359e,2,2,2,1.0,1.0,1.0
b7fcda2b-05f3fc09,0,0,0,0.25,0.25,0.25
b7fcda2b-2e4d36ef,1,1,1,0.5,0.5,0.5
b7fd2970-d748193c,1,1,1,0.5,0.5,0.5
b7fd2970-e46faf78,0,0,0,0.25,0.25,0.25
b7fd2c7d-1c250dfc,2,2,2,1.0,1.0,1.0
b7fd3f86-2750b2d7,1,1,1,0.5,0.5,0.5
b7fd3f86-3536dfed,1,1,1,0.5,0.5,0.5
b7fd3f86-4716e687,0,0,0,0.25,0.25,0.25
b7fd3f86-5366a23c,1,1,1,0.5,0.5,0.5
b7fd3f86-ba8bf79c,0,0,0,0.25,0.25,0.25
b7fd3f86-c4f5da2e,0,0,0,0.25,0.25,0.25
b7fe6285-5f64b006,2,2,2,1.0,1.0,1.0
b7ff9d09-5bef519f,0,0,0,0.25,0.25,0.25
b80018ef-3a620af0,0,0,0,0.25,0.25,0.25
b8015ebc-0445a4e2,0,0,0,0.25,0.25,0.25
b8025b43-80a46fe5,2,2,2,1.0,1.0,1.0
b8025b43-db6cdd13,0,0,0,0.25,0.25,0.25
b8026c7f-d0cb54f3,0,0,0,0.25,0.25,0.25
b803d91d-10ed2f67,0,0,0,0.25,0.25,0.25
b803d91d-17b149ce,0,0,0,0.25,0.25,0.25
b803d91d-64200a2d,0,0,0,0.25,0.25,0.25
b803d91d-6687e7f0,2,2,2,1.0,1.0,1.0
b803d91d-671b8cff,1,1,1,0.5,0.5,0.5
b803d91d-e65a9c14,0,0,0,0.25,0.25,0.25
b803d91d-ff86709c,0,0,0,0.25,0.25,0.25
b804f988-233a12a1,2,2,2,1.0,1.0,1.0
b804f988-6eff91ef,0,0,0,0.25,0.25,0.25
b804f988-eb510a9a,2,2,2,1.0,1.0,1.0
b8086e12-1f7655aa,2,2,2,1.0,1.0,1.0
b8086e12-68a9bab2,1,1,1,0.5,0.5,0.5
b8086e12-c35af994,2,2,2,1.0,1.0,1.0
b8086e12-d6b50340,2,2,2,1.0,1.0,1.0
b80b91c9-527a346a,0,0,0,0.25,0.25,0.25
b80b91c9-9a644aba,1,1,1,0.5,0.5,0.5
b80ccebf-3de2a87d,2,2,2,1.0,1.0,1.0
b80fb9b6-b12f0c90,0,0,0,0.25,0.25,0.25
b8125aef-74d00aed,0,0,0,0.25,0.25,0.25
b8125aef-ae843995,1,1,1,0.5,0.5,0.5
b81771ca-32f6b949,0,0,0,0.25,0.25,0.25
b817df43-48a371e7,0,0,0,0.25,0.25,0.25
b818033e-1407617c,0,0,0,0.25,0.25,0.25
b818033e-482dae8c,0,0,0,0.25,0.25,0.25
b818033e-87034df2,2,2,2,1.0,1.0,1.0
b818033e-f4657ed3,0,0,0,0.25,0.25,0.25
b81b8523-024d30e0,1,1,1,0.5,0.5,0.5
b81b8523-57ccb331,0,0,0,0.25,0.25,0.25
b81b8523-9ca9cab9,2,2,2,1.0,1.0,1.0
b81c68cc-cdcfdff5,1,1,1,0.5,0.5,0.5
b81d060a-b2203c99,1,1,1,0.5,0.5,0.5
b81d060a-fddedd4f,0,0,0,0.25,0.25,0.25
b8201476-b9dba8dd,0,0,0,0.25,0.25,0.25
b821ab2e-089c3379,0,0,0,0.25,0.25,0.25
b8222542-d055faeb,1,1,1,0.5,0.5,0.5
b82366c4-3fb8da58,2,2,2,1.0,1.0,1.0
b825dfb7-442f3c75,0,0,0,0.25,0.25,0.25
b82609d8-eef37c99,1,1,1,0.5,0.5,0.5
b82ad485-481e148c,2,2,2,1.0,1.0,1.0
b82b19c9-17011ac5,0,0,0,0.25,0.25,0.25
b82b19c9-929701e6,1,1,1,0.5,0.5,0.5
b82cf799-a135768f,2,2,2,1.0,1.0,1.0
b82e22f1-40b5aa11,0,0,0,0.25,0.25,0.25
b82f7901-62715883,2,2,2,1.0,1.0,1.0
b82f7901-6d67cfe8,2,2,2,1.0,1.0,1.0
b82f91d7-7c84fdc5,0,0,0,0.25,0.25,0.25
b82f91d7-808670c6,2,2,2,1.0,1.0,1.0
b82f91d7-a21bb033,1,1,1,0.5,0.5,0.5
b82f91d7-bfddb3c7,0,0,0,0.25,0.25,0.25
b830e68f-29ab7518,0,0,0,0.25,0.25,0.25
b8322a8e-438f9ef0,0,0,0,0.25,0.25,0.25
b83235c2-32416553,1,1,1,0.5,0.5,0.5
b832508c-8f2be0ee,0,0,0,0.25,0.25,0.25
b832634b-1a0dc8b0,1,1,1,0.5,0.5,0.5
b832634b-be31b364,2,2,2,1.0,1.0,1.0
b834f9a4-5a72945a,0,0,0,0.25,0.25,0.25
b836b14a-fb13c905,0,0,0,0.25,0.25,0.25
b836ef61-1a8aa776,0,0,0,0.25,0.25,0.25
b83869a3-3023291d,1,1,1,0.5,0.5,0.5
b83869a3-7fc42be5,0,0,0,0.25,0.25,0.25
b839982e-68902593,2,2,2,1.0,1.0,1.0
b83a044e-2926e767,0,0,0,0.25,0.25,0.25
b83a044e-9b529b91,1,1,1,0.5,0.5,0.5
b83b8572-29d97c92,0,0,0,0.25,0.25,0.25
b83d28bd-a9ab3f1d,0,0,0,0.25,0.25,0.25
b83d7cf3-4e193818,1,1,1,0.5,0.5,0.5
b83e4275-fe67ecbd,1,1,1,0.5,0.5,0.5
b83e94b9-fc9ee1c7,0,0,0,0.25,0.25,0.25
b83ec6be-8147e6f9,2,2,2,1.0,1.0,1.0
b83ec6be-953a634b,1,1,1,0.5,0.5,0.5
b83ec6be-c9cddfb2,0,0,0,0.25,0.25,0.25
b83ec6be-edf04b3c,0,0,0,0.25,0.25,0.25
b8407cb8-71fdf808,0,0,0,0.25,0.25,0.25
b841106c-4b71146c,0,0,0,0.25,0.25,0.25
b841230d-fada32c4,0,0,0,0.25,0.25,0.25
b84146a1-a5f588ef,0,0,0,0.25,0.25,0.25
b842809b-8900f4f0,0,0,0,0.25,0.25,0.25
b842809b-9b11bab7,0,0,0,0.25,0.25,0.25
b842809b-ae95b9bc,0,0,0,0.25,0.25,0.25
b842809b-d8519a33,1,1,1,0.5,0.5,0.5
b842dbf5-4b5b09b7,1,1,1,0.5,0.5,0.5
b84371bc-170edf5a,0,0,0,0.25,0.25,0.25
b843ef1b-2756a85d,1,1,1,0.5,0.5,0.5
b843ef1b-f173bd21,2,2,2,1.0,1.0,1.0
b84507e4-4f69e97b,0,0,0,0.25,0.25,0.25
b84507e4-7ba43134,1,1,1,0.5,0.5,0.5
b84507e4-868d08d2,1,1,1,0.5,0.5,0.5
b84507e4-e4553a8d,1,1,1,0.5,0.5,0.5
b84a1117-338ddf33,1,1,1,0.5,0.5,0.5
b84a1117-3673ce8a,1,1,1,0.5,0.5,0.5
b84a1117-72c360e2,0,0,0,0.25,0.25,0.25
b84ba7d0-583269f1,0,0,0,0.25,0.25,0.25
b84d51df-7094c862,1,1,1,0.5,0.5,0.5
b84da41b-2d3fce12,2,2,2,1.0,1.0,1.0
b84da41b-fe80f694,0,0,0,0.25,0.25,0.25
b84dbc8e-94bbc315,1,1,1,0.5,0.5,0.5
b84eef86-eb4bb6e0,1,1,1,0.5,0.5,0.5
b84f4f83-30ec3e22,0,0,0,0.25,0.25,0.25
b84f4f83-c6842bd6,2,2,2,1.0,1.0,1.0
b851c0af-630d8381,1,1,1,0.5,0.5,0.5
b851c0af-7345afd1,1,1,1,0.5,0.5,0.5
b851f39f-b965b196,0,0,0,0.25,0.25,0.25
b851f39f-d8f42807,2,2,2,1.0,1.0,1.0
b85420e2-ea146a8a,1,1,1,0.5,0.5,0.5
b855a117-5b67fec3,2,2,2,1.0,1.0,1.0
b857eb06-2a0d9098,1,1,1,0.5,0.5,0.5
b857eb06-3c8b7034,1,1,1,0.5,0.5,0.5
b857eb06-434af6c0,1,1,1,0.5,0.5,0.5
b857eb06-4601a3a0,1,1,1,0.5,0.5,0.5
b857eb06-7ec70e8b,0,0,0,0.25,0.25,0.25
b857eb06-9698b02c,0,0,0,0.25,0.25,0.25
b857eb06-a85b37f5,0,0,0,0.25,0.25,0.25
b857eb06-ef3987ae,0,0,0,0.25,0.25,0.25
b8588ac6-afc0184a,1,1,1,0.5,0.5,0.5
b85a3ec7-4296bad6,0,0,0,0.25,0.25,0.25
b85b0853-e2b7537e,0,0,0,0.25,0.25,0.25
b85b0853-ea43f17c,1,1,1,0.5,0.5,0.5
b85ba05d-90605ae4,0,0,0,0.25,0.25,0.25
b85d7504-1eef8eea,0,0,0,0.25,0.25,0.25
b85eb331-920d81fe,0,0,0,0.25,0.25,0.25
b85f5cc9-44db10f1,2,2,2,1.0,1.0,1.0
b85fb98d-41e7213c,1,1,1,0.5,0.5,0.5
b86294f6-781fa55d,1,1,1,0.5,0.5,0.5
b863bd5e-d1ff4b7c,2,2,2,1.0,1.0,1.0
b86413b9-35499361,0,0,0,0.25,0.25,0.25
b86413b9-c5b79892,2,2,2,1.0,1.0,1.0
b8649bc8-519bbee6,0,0,0,0.25,0.25,0.25
b8677b56-9edba15a,0,0,0,0.25,0.25,0.25
b8685330-d275b328,0,0,0,0.25,0.25,0.25
b8697036-9589cddf,0,0,0,0.25,0.25,0.25
b869965a-5dbee4b1,2,2,2,1.0,1.0,1.0
b869965a-88ad8b77,1,1,1,0.5,0.5,0.5
b869965a-f5ff417c,0,0,0,0.25,0.25,0.25
b869965a-fa59f431,1,1,1,0.5,0.5,0.5
b86a2705-bf3761b9,0,0,0,0.25,0.25,0.25
b86aaaf8-2496c37d,1,1,1,0.5,0.5,0.5
b86ab068-8556a229,0,0,0,0.25,0.25,0.25
b86f9b95-e4651840,2,2,2,1.0,1.0,1.0
b86fc3d9-021f0bb5,2,2,2,1.0,1.0,1.0
b871e00c-825caf56,0,0,0,0.25,0.25,0.25
b87299bf-d30f284c,2,2,2,1.0,1.0,1.0
b87366af-3fb3389e,1,1,1,0.5,0.5,0.5
b873b095-4530040c,0,0,0,0.25,0.25,0.25
b873c993-1d508f5a,2,2,2,1.0,1.0,1.0
b873c993-69e9f8fb,0,0,0,0.25,0.25,0.25
b875ad93-deec14af,0,0,0,0.25,0.25,0.25
b875ad93-f21a6d0a,1,1,1,0.5,0.5,0.5
b877b18a-52e00f70,0,0,0,0.25,0.25,0.25
b8781f69-76c72b31,0,0,0,0.25,0.25,0.25
b8781f69-81bcdb6a,2,2,2,1.0,1.0,1.0
b87a03a9-1ddfba47,1,1,1,0.5,0.5,0.5
b87a03a9-c9da2b1a,0,0,0,0.25,0.25,0.25
b87a5067-734a1f45,1,1,1,0.5,0.5,0.5
b87b8504-1e1d6dcd,0,0,0,0.25,0.25,0.25
b87b8bce-987990d0,0,0,0,0.25,0.25,0.25
b87b8bce-d9f8e55e,2,2,2,1.0,1.0,1.0
b87bd38d-55fd58cd,0,0,0,0.25,0.25,0.25
b87bd38d-9f7f07c3,0,0,0,0.25,0.25,0.25
b87ca2c5-47ae44e3,0,0,0,0.25,0.25,0.25
b87ca2c5-c3c18e68,0,0,0,0.25,0.25,0.25
b87ca2c5-c3c6e7ce,0,0,0,0.25,0.25,0.25
b87d3733-161f6a8f,0,0,0,0.25,0.25,0.25
b87d3733-83cb66cc,1,1,1,0.5,0.5,0.5
b87e8d90-a0917f70,2,2,2,1.0,1.0,1.0
b87ee3bb-1242c008,0,0,0,0.25,0.25,0.25
b87ee3bb-be0b1bb6,2,2,2,1.0,1.0,1.0
b87ee3bb-c5b70e4f,0,0,0,0.25,0.25,0.25
b87fb508-f8374c1f,0,0,0,0.25,0.25,0.25
b87fe215-0f7b05e0,2,2,2,1.0,1.0,1.0
b88522ea-e38b4bec,0,0,0,0.25,0.25,0.25
b8854854-756c468f,2,2,2,1.0,1.0,1.0
b886a0b8-cb75e3a6,0,0,0,0.25,0.25,0.25
b888e048-8018b284,1,1,1,0.5,0.5,0.5
b888e048-80f768fc,1,1,1,0.5,0.5,0.5
b88a00df-65e5355b,2,2,2,1.0,1.0,1.0
b88a00df-b4d6d3d8,0,0,0,0.25,0.25,0.25
b88a00df-e8484d02,0,0,0,0.25,0.25,0.25
b88b6624-3b54ae18,0,0,0,0.25,0.25,0.25
b88b6624-e1aabf99,0,0,0,0.25,0.25,0.25
b892f130-8828257e,0,0,0,0.25,0.25,0.25
b892f130-90ed9d1f,0,0,0,0.25,0.25,0.25
b893983a-265a0b70,1,1,1,0.5,0.5,0.5
b893983a-c10ac3c6,0,0,0,0.25,0.25,0.25
b89581ec-5a14165f,0,0,0,0.25,0.25,0.25
b89581ec-e0ee3038,0,0,0,0.25,0.25,0.25
b896b680-ce014e4d,0,0,0,0.25,0.25,0.25
b89886bb-e171a804,0,0,0,0.25,0.25,0.25
b89886bb-f019c7eb,1,1,1,0.5,0.5,0.5
b898a22f-d6bcd9d3,1,1,1,0.5,0.5,0.5
b89981b7-bdacced7,0,0,0,0.25,0.25,0.25
b89aded3-23603d87,1,1,1,0.5,0.5,0.5
b89aded3-532a51a7,2,2,2,1.0,1.0,1.0
b89aded3-c4e4fb25,0,0,0,0.25,0.25,0.25
b89bf84d-04301b8b,0,0,0,0.25,0.25,0.25
b89bf84d-046670ed,0,0,0,0.25,0.25,0.25
b89bf84d-280b87dd,2,2,2,1.0,1.0,1.0
b89bf84d-75cc37b6,0,0,0,0.25,0.25,0.25
b89bf84d-d2c2e5a7,1,1,1,0.5,0.5,0.5
b8a135c9-3cbeb1c8,2,2,2,1.0,1.0,1.0
b8a135c9-434a126d,0,0,0,0.25,0.25,0.25
b8a135c9-8c38e7ba,0,0,0,0.25,0.25,0.25
b8a135c9-d4ff358a,1,1,1,0.5,0.5,0.5
b8a158fd-1e9c1bd7,1,1,1,0.5,0.5,0.5
b8a158fd-a1917370,0,0,0,0.25,0.25,0.25
b8a1bed9-da501372,1,1,1,0.5,0.5,0.5
b8a28c17-05487707,0,0,0,0.25,0.25,0.25
b8a28c17-3dcc2922,0,0,0,0.25,0.25,0.25
b8a28c17-5befd35a,1,1,1,0.5,0.5,0.5
b8a52657-426c14ae,0,0,0,0.25,0.25,0.25
b8a52657-64748163,1,1,1,0.5,0.5,0.5
b8a52657-f74f7fd0,0,0,0,0.25,0.25,0.25
b8a795ee-21cbb3d1,0,0,0,0.25,0.25,0.25
b8a795ee-b1680470,0,0,0,0.25,0.25,0.25
b8a795ee-c1ce7ac0,0,0,0,0.25,0.25,0.25
b8a835db-34608613,1,1,1,0.5,0.5,0.5
b8a835db-a66cff4d,1,1,1,0.5,0.5,0.5
b8a835db-b2b7aed0,0,0,0,0.25,0.25,0.25
b8a835db-c49dfee5,1,1,1,0.5,0.5,0.5
b8a9d382-3bd7d3e4,2,2,2,1.0,1.0,1.0
b8ab4367-297944fb,0,0,0,0.25,0.25,0.25
b8acc534-23eb2531,0,0,0,0.25,0.25,0.25
b8acc534-d5b64200,0,0,0,0.25,0.25,0.25
b8adc715-5a335a7e,0,0,0,0.25,0.25,0.25
b8ae99b0-c70e5800,2,2,2,1.0,1.0,1.0
b8af5bc3-97aa5976,0,0,0,0.25,0.25,0.25
b8afaffa-21f32286,0,0,0,0.25,0.25,0.25
b8afaffa-5ec67bbb,1,1,1,0.5,0.5,0.5
b8affcd1-29901d90,0,0,0,0.25,0.25,0.25
b8affcd1-b2781fa1,0,0,0,0.25,0.25,0.25
b8b03ee1-9444cbd8,0,0,0,0.25,0.25,0.25
b8b0554a-35795cdf,2,2,2,1.0,1.0,1.0
b8b0554a-ecca669e,0,0,0,0.25,0.25,0.25
b8b06f77-5b618032,2,2,2,1.0,1.0,1.0
b8b15e54-2ccd7fd0,0,0,0,0.25,0.25,0.25
b8b15e54-4c278512,0,0,0,0.25,0.25,0.25
b8b15e54-f8461121,0,0,0,0.25,0.25,0.25
b8b18469-00a140bf,1,1,1,0.5,0.5,0.5
b8b18469-55e564e3,0,0,0,0.25,0.25,0.25
b8b2be1e-3a26a65d,1,1,1,0.5,0.5,0.5
b8b2be1e-4c0bf0b9,2,2,2,1.0,1.0,1.0
b8b2be1e-e42d11d8,0,0,0,0.25,0.25,0.25
b8b3e840-06f018d3,1,1,1,0.5,0.5,0.5
b8b4115a-19b5976e,0,0,0,0.25,0.25,0.25
b8b4115a-ea1a60b6,1,1,1,0.5,0.5,0.5
b8b69c99-e0c0b8bb,1,1,1,0.5,0.5,0.5
b8b84774-309883b2,1,1,1,0.5,0.5,0.5
b8b84774-58b7527d,1,1,1,0.5,0.5,0.5
b8b84774-c0740817,0,0,0,0.25,0.25,0.25
b8b9ffae-042b50eb,0,0,0,0.25,0.25,0.25
b8b9ffae-d3cb2bbd,0,0,0,0.25,0.25,0.25
b8bb2022-164d8e4f,2,2,2,1.0,1.0,1.0
b8bb2022-6ef7291e,0,0,0,0.25,0.25,0.25
b8bb2022-f22d2908,0,0,0,0.25,0.25,0.25
b8bf322e-36122f48,0,0,0,0.25,0.25,0.25
b8c0457f-3c7b553c,0,0,0,0.25,0.25,0.25
b8c0457f-d7a1d2b7,1,1,1,0.5,0.5,0.5
b8c0457f-fa2eacb4,0,0,0,0.25,0.25,0.25
b8c0d4a5-0b8ec726,1,1,1,0.5,0.5,0.5
b8c0d4a5-63b97dfb,2,2,2,1.0,1.0,1.0
b8c0d4a5-e8d3393a,0,0,0,0.25,0.25,0.25
b8c1f257-22c2b2cc,0,0,0,0.25,0.25,0.25
b8c1f257-b16e7b78,1,1,1,0.5,0.5,0.5
b8c21306-2ef89045,0,0,0,0.25,0.25,0.25
b8c21917-b001727c,1,1,1,0.5,0.5,0.5
b8c2c8e8-bfe9cb41,1,1,1,0.5,0.5,0.5
b8c3f870-c6c86746,1,1,1,0.5,0.5,0.5
b8c3f870-d6a887c8,0,0,0,0.25,0.25,0.25
b8c3f870-db0f236f,0,0,0,0.25,0.25,0.25
b8c3f870-e1c1bd34,0,0,0,0.25,0.25,0.25
b8c60cba-d52cfc92,0,0,0,0.25,0.25,0.25
b8c66e31-37045eec,1,1,1,0.5,0.5,0.5
b8c7c957-84df8251,1,1,1,0.5,0.5,0.5
b8c7c957-b05e784c,0,0,0,0.25,0.25,0.25
b8c95e55-7cc3b9b1,1,1,1,0.5,0.5,0.5
b8ca6c5d-22de751a,0,0,0,0.25,0.25,0.25
b8cca913-a59e1a1b,1,1,1,0.5,0.5,0.5
b8cd6a1b-84ae1442,0,0,0,0.25,0.25,0.25
b8cd6a1b-8abed2d8,2,2,2,1.0,1.0,1.0
b8ce5e42-34aa3275,2,2,2,1.0,1.0,1.0
b8cf7112-d0f7365c,1,1,1,0.5,0.5,0.5
b8cff548-cc30b88a,2,2,2,1.0,1.0,1.0
b8d24edf-3349ee71,0,0,0,0.25,0.25,0.25
b8d24edf-51edf6f2,0,0,0,0.25,0.25,0.25
b8d24edf-70279ee0,0,0,0,0.25,0.25,0.25
b8d26b85-e5941e4b,0,0,0,0.25,0.25,0.25
b8d6eb5f-c1f21fe4,2,2,2,1.0,1.0,1.0
b8da2353-3f632c8a,1,1,1,0.5,0.5,0.5
b8da2353-61f13dfb,0,0,0,0.25,0.25,0.25
b8dce66a-004c2b9d,0,0,0,0.25,0.25,0.25
b8e06f7a-f11a9604,0,0,0,0.25,0.25,0.25
b8e2eae6-9b3f3a2f,2,2,2,1.0,1.0,1.0
b8e638c5-c29e3eba,0,0,0,0.25,0.25,0.25
b8e63e55-1b48cdef,2,2,2,1.0,1.0,1.0
b8e63e55-369d821c,2,2,2,1.0,1.0,1.0
b8e675b0-2345da2d,0,0,0,0.25,0.25,0.25
b8e675b0-b18c870f,1,1,1,0.5,0.5,0.5
b8e675b0-eeb01556,1,1,1,0.5,0.5,0.5
b8ecdc10-763b27b8,0,0,0,0.25,0.25,0.25
b8ecdc10-e0148c98,1,1,1,0.5,0.5,0.5
b8ee7220-99de1efc,0,0,0,0.25,0.25,0.25
b8ee7220-b9b59d51,0,0,0,0.25,0.25,0.25
b8ee7220-ee251c9a,0,0,0,0.25,0.25,0.25
b8ef1613-c936238e,0,0,0,0.25,0.25,0.25
b8ef1613-cabb90be,2,2,2,1.0,1.0,1.0
b8efe857-6eb8e35f,1,1,1,0.5,0.5,0.5
b8efe857-90dec33b,0,0,0,0.25,0.25,0.25
b8f0315c-0fb7602c,0,0,0,0.25,0.25,0.25
b8f0315c-2506aedf,0,0,0,0.25,0.25,0.25
b8f0315c-6d83432c,2,2,2,1.0,1.0,1.0
b8f0b141-c00fd8b4,0,0,0,0.25,0.25,0.25
b8f2d63d-22dbb72d,1,1,1,0.5,0.5,0.5
b8f2d63d-6a944fa4,2,2,2,1.0,1.0,1.0
b8f2d63d-6aac4195,0,0,0,0.25,0.25,0.25
b8f2d63d-9a3923f7,0,0,0,0.25,0.25,0.25
b8f44a4f-c3682a11,0,0,0,0.25,0.25,0.25
b8f5912b-5dd97fdd,1,1,1,0.5,0.5,0.5
b8f5cc6a-32756cda,1,1,1,0.5,0.5,0.5
b8f63f02-014464f6,0,0,0,0.25,0.25,0.25
b8f63f02-c999a811,0,0,0,0.25,0.25,0.25
b8f63f02-f3d4d3ef,0,0,0,0.25,0.25,0.25
b8f63f02-f5b555a9,1,1,1,0.5,0.5,0.5
b8f63f02-f78a7452,0,0,0,0.25,0.25,0.25
b8f65e48-10600b5e,0,0,0,0.25,0.25,0.25
b8f65e48-96ce1959,0,0,0,0.25,0.25,0.25
b8f781de-a5f9cdfa,0,0,0,0.25,0.25,0.25
b8fa884b-5cad0e15,0,0,0,0.25,0.25,0.25
b8fb5451-6c0e5ec6,0,0,0,0.25,0.25,0.25
b8fcdf93-4aac8105,1,1,1,0.5,0.5,0.5
b8fe1054-42625c45,0,0,0,0.25,0.25,0.25
b8fe9f2b-012851c9,1,1,1,0.5,0.5,0.5
b8fe9f2b-270e73a0,1,1,1,0.5,0.5,0.5
b8fe9f2b-d63131a3,0,0,0,0.25,0.25,0.25
b9012b42-ba320de2,1,1,1,0.5,0.5,0.5
b901a3e5-7ca95a7c,0,0,0,0.25,0.25,0.25
b90327ce-1fd6eed8,0,0,0,0.25,0.25,0.25
b90327ce-86c1d1f4,1,1,1,0.5,0.5,0.5
b90327ce-8bdda545,0,0,0,0.25,0.25,0.25
b9047aca-4064a447,0,0,0,0.25,0.25,0.25
b9047aca-41787983,1,1,1,0.5,0.5,0.5
b9054a76-5266134b,1,1,1,0.5,0.5,0.5
b9079f4e-13bafb7b,0,0,0,0.25,0.25,0.25
b907b620-74e79e9c,1,1,1,0.5,0.5,0.5
b9087534-f5d49005,0,0,0,0.25,0.25,0.25
b9094f83-df5b86f1,0,0,0,0.25,0.25,0.25
b9097b2d-0eb8ce24,1,1,1,0.5,0.5,0.5
b909a526-1971fba7,0,0,0,0.25,0.25,0.25
b909df8f-51c5470e,0,0,0,0.25,0.25,0.25
b90a1ed5-653861b3,2,2,2,1.0,1.0,1.0
b90b45ad-a54b1fbf,0,0,0,0.25,0.25,0.25
b90bcbaa-99b962db,0,0,0,0.25,0.25,0.25
b90bcbaa-d26f06dc,0,0,0,0.25,0.25,0.25
b90ca71f-3cf69251,1,1,1,0.5,0.5,0.5
b90cbc2c-4f9a1c58,1,1,1,0.5,0.5,0.5
b90d0148-081f5e0b,1,1,1,0.5,0.5,0.5
b90d0148-2d15443f,1,1,1,0.5,0.5,0.5
b90d0148-6d64cd06,2,2,2,1.0,1.0,1.0
b90d0148-bbecdb11,0,0,0,0.25,0.25,0.25
b90ed33f-2b527be4,2,2,2,1.0,1.0,1.0
b90f7487-17bb6cb9,1,1,1,0.5,0.5,0.5
b90f7487-7fb37cf4,0,0,0,0.25,0.25,0.25
b9102500-70bcb1c3,0,0,0,0.25,0.25,0.25
b9117002-548fd684,1,1,1,0.5,0.5,0.5
b9117002-f2ff0c31,0,0,0,0.25,0.25,0.25
b911a419-7bb3a8a4,0,0,0,0.25,0.25,0.25
b91383d9-1f2454a4,1,1,1,0.5,0.5,0.5
b9152ae2-21189b28,0,0,0,0.25,0.25,0.25
b915526f-f22f5cc4,1,1,1,0.5,0.5,0.5
b919f6f7-9c71d913,0,0,0,0.25,0.25,0.25
b91af789-f9098734,2,2,2,1.0,1.0,1.0
b91c609b-171a17e0,2,2,2,1.0,1.0,1.0
b91cdc5d-bce994ce,1,1,1,0.5,0.5,0.5
b91dd730-8e0a1a8f,1,1,1,0.5,0.5,0.5
b91ddba0-93eda7e1,2,2,2,1.0,1.0,1.0
b91ddba0-946e0059,2,2,2,1.0,1.0,1.0
b91df396-3a32db81,1,1,1,0.5,0.5,0.5
b91eae9e-c8fb98e5,0,0,0,0.25,0.25,0.25
b9206eb1-08915f67,2,2,2,1.0,1.0,1.0
b92246fc-03731d6b,0,0,0,0.25,0.25,0.25
b924005d-3e1ae14d,1,1,1,0.5,0.5,0.5
b9254d2f-df7dd6b1,0,0,0,0.25,0.25,0.25
b928271b-35145ad6,1,1,1,0.5,0.5,0.5
b928271b-fe5cc5d1,2,2,2,1.0,1.0,1.0
b928cd75-1fb70c18,0,0,0,0.25,0.25,0.25
b92a7fe6-0042ff16,1,1,1,0.5,0.5,0.5
b92a7fe6-01adecfd,0,0,0,0.25,0.25,0.25
b92a7fe6-714c37c2,2,2,2,1.0,1.0,1.0
b92c0cf0-2f0621ad,1,1,1,0.5,0.5,0.5
b92c4dd3-3a659a03,0,0,0,0.25,0.25,0.25
b92c4dd3-7ed54ec0,0,0,0,0.25,0.25,0.25
b92c4dd3-856ff7b7,1,1,1,0.5,0.5,0.5
b92c4dd3-91991711,1,1,1,0.5,0.5,0.5
b92c7b7c-af420847,1,1,1,0.5,0.5,0.5
b92caf7e-4fc447e8,0,0,0,0.25,0.25,0.25
b92d48c3-f7812f84,1,1,1,0.5,0.5,0.5
b92e15f8-bf91ff53,2,2,2,1.0,1.0,1.0
b92e5a9f-28900b6b,0,0,0,0.25,0.25,0.25
b93085e8-4dcee882,0,0,0,0.25,0.25,0.25
b931fe93-10ef5680,0,0,0,0.25,0.25,0.25
b931fe93-37b7cffb,0,0,0,0.25,0.25,0.25
b931fe93-5ee3a9ba,1,1,1,0.5,0.5,0.5
b931fe93-614568d3,1,1,1,0.5,0.5,0.5
b931fe93-db7bffaf,0,0,0,0.25,0.25,0.25
b931fe93-f0b441ba,1,1,1,0.5,0.5,0.5
b9332578-307665bc,2,2,2,1.0,1.0,1.0
b934dfc0-55ee2773,0,0,0,0.25,0.25,0.25
b93616ca-eaeb3f71,2,2,2,1.0,1.0,1.0
b936e35e-55e17398,0,0,0,0.25,0.25,0.25
b936e35e-e46a87e6,0,0,0,0.25,0.25,0.25
b936e35e-f493bf16,0,0,0,0.25,0.25,0.25
b938ff6a-6eeaa410,0,0,0,0.25,0.25,0.25
b93942f9-441a4817,1,1,1,0.5,0.5,0.5
b93942f9-65eda0a3,0,0,0,0.25,0.25,0.25
b93942f9-d722e1d0,0,0,0,0.25,0.25,0.25
b93942f9-ff411dce,0,0,0,0.25,0.25,0.25
b93a8e92-044ff223,0,0,0,0.25,0.25,0.25
b93a8e92-e5a0589d,0,0,0,0.25,0.25,0.25
b93bd867-726d338b,1,1,1,0.5,0.5,0.5
b93c2c35-3533f822,0,0,0,0.25,0.25,0.25
b93c2c35-9a03812d,2,2,2,1.0,1.0,1.0
b93d4555-02be04c1,0,0,0,0.25,0.25,0.25
b93db0b2-fd5012d5,2,2,2,1.0,1.0,1.0
b93e0d1b-5e1e35f8,2,2,2,1.0,1.0,1.0
b93e190c-5253eaff,2,2,2,1.0,1.0,1.0
b93e190c-b3e4728f,0,0,0,0.25,0.25,0.25
b93e2268-2106a029,0,0,0,0.25,0.25,0.25
b93e2268-394c7031,2,2,2,1.0,1.0,1.0
b93e2268-40e27a6d,0,0,0,0.25,0.25,0.25
b93e2268-4b277928,2,2,2,1.0,1.0,1.0
b93ecb20-598666a0,1,1,1,0.5,0.5,0.5
b93f2cee-48325ee0,0,0,0,0.25,0.25,0.25
b93f2cee-c44ef489,0,0,0,0.25,0.25,0.25
b94071ab-d4385c1a,1,1,1,0.5,0.5,0.5
b940ba87-26950497,1,1,1,0.5,0.5,0.5
b940ba87-435d34a8,2,2,2,1.0,1.0,1.0
b940c3b2-149d028e,0,0,0,0.25,0.25,0.25
b9429f07-33ae3ff1,1,1,1,0.5,0.5,0.5
b9429f07-a95e6db3,2,2,2,1.0,1.0,1.0
b9429f07-e59c4a8c,1,1,1,0.5,0.5,0.5
b94313c9-962b4c59,2,2,2,1.0,1.0,1.0
b944121b-910a65e5,0,0,0,0.25,0.25,0.25
b9443e30-c9275e4a,1,1,1,0.5,0.5,0.5
b946a4cf-ef1b308e,0,0,0,0.25,0.25,0.25
b9470f2d-aa9b22f2,1,1,1,0.5,0.5,0.5
b9471202-68f658bd,2,2,2,1.0,1.0,1.0
b94781aa-a48a3555,1,1,1,0.5,0.5,0.5
b947b09d-0221b791,0,0,0,0.25,0.25,0.25
b947b09d-ed9cc136,0,0,0,0.25,0.25,0.25
b94a9ed0-08112e6a,2,2,2,1.0,1.0,1.0
b94afe66-3fe18fd1,1,1,1,0.5,0.5,0.5
b94b1f35-b8e48adf,0,0,0,0.25,0.25,0.25
b94cd5b4-26c295e5,0,0,0,0.25,0.25,0.25
b94d2c84-bfed761a,1,1,1,0.5,0.5,0.5
b94daedc-7045933e,2,2,2,1.0,1.0,1.0
b94eb13b-6189d792,1,1,1,0.5,0.5,0.5
b94ef562-0e37552c,1,1,1,0.5,0.5,0.5
b94f6bc8-32f10d36,0,0,0,0.25,0.25,0.25
b9524a81-89273957,1,1,1,0.5,0.5,0.5
b953a340-049ea536,0,0,0,0.25,0.25,0.25
b953a340-298cb3fb,1,1,1,0.5,0.5,0.5
b953a340-d188ea90,0,0,0,0.25,0.25,0.25
b953a340-d936cbba,0,0,0,0.25,0.25,0.25
b953ef60-6c2cb9a1,0,0,0,0.25,0.25,0.25
b953efc6-455bdde1,1,1,1,0.5,0.5,0.5
b953efc6-f40d4290,1,1,1,0.5,0.5,0.5
b955232a-62397ff4,2,2,2,1.0,1.0,1.0
b95709b5-53705d83,1,1,1,0.5,0.5,0.5
b9586e5c-33b83562,1,1,1,0.5,0.5,0.5
b9597719-09a2458c,0,0,0,0.25,0.25,0.25
b9597719-4d141a98,0,0,0,0.25,0.25,0.25
b9597719-81050919,0,0,0,0.25,0.25,0.25
b9597719-cd9a176f,0,0,0,0.25,0.25,0.25
b959dc9b-1c7fc954,2,2,2,1.0,1.0,1.0
b95bc6e9-34c711c1,1,1,1,0.5,0.5,0.5
b95c97a9-48663434,1,1,1,0.5,0.5,0.5
b95dcb10-45d68fcc,0,0,0,0.25,0.25,0.25
b95dcb10-4ff5c14d,2,2,2,1.0,1.0,1.0
b95dcb10-5838c763,0,0,0,0.25,0.25,0.25
b95feaae-690faa76,1,1,1,0.5,0.5,0.5
b965ce1b-ad83b0ff,1,1,1,0.5,0.5,0.5
b967b2a7-2003bfd2,2,2,2,1.0,1.0,1.0
b96c88de-058de530,0,0,0,0.25,0.25,0.25
b96c88de-92c2d62b,2,2,2,1.0,1.0,1.0
b96c88de-bf71b865,1,1,1,0.5,0.5,0.5
b96d19af-4b6a5a63,2,2,2,1.0,1.0,1.0
b97124d9-bea19450,1,1,1,0.5,0.5,0.5
b9742173-21a140e8,0,0,0,0.25,0.25,0.25
b9742173-3b584111,2,2,2,1.0,1.0,1.0
b975a665-43da0ef1,0,0,0,0.25,0.25,0.25
b975a665-66f04c31,1,1,1,0.5,0.5,0.5
b975a665-7b202002,0,0,0,0.25,0.25,0.25
b975a665-aed15a8d,0,0,0,0.25,0.25,0.25
b976b144-844de03e,2,2,2,1.0,1.0,1.0
b9772de9-8fef5466,2,2,2,1.0,1.0,1.0
b9782b2a-681c4b4d,2,2,2,1.0,1.0,1.0
b979217b-015bcb98,2,2,2,1.0,1.0,1.0
b979217b-09ba51bd,1,1,1,0.5,0.5,0.5
b979217b-32f86fea,1,1,1,0.5,0.5,0.5
b979217b-53523d64,0,0,0,0.25,0.25,0.25
b979b89c-388674d4,0,0,0,0.25,0.25,0.25
b979b89c-b359ef70,0,0,0,0.25,0.25,0.25
b979b89c-d7e084b9,0,0,0,0.25,0.25,0.25
b97aa948-8ab1108f,2,2,2,1.0,1.0,1.0
b97aa948-d53ee60d,1,1,1,0.5,0.5,0.5
b97b9ee8-0dfbbe35,0,0,0,0.25,0.25,0.25
b97b9ee8-612c36ef,0,0,0,0.25,0.25,0.25
b97b9ee8-8fbf044e,2,2,2,1.0,1.0,1.0
b97b9ee8-ea15f29a,1,1,1,0.5,0.5,0.5
b97c553a-004a5913,0,0,0,0.25,0.25,0.25
b97e697f-1c37913f,1,1,1,0.5,0.5,0.5
b97f47c3-906ebdd5,0,0,0,0.25,0.25,0.25
b97f9acb-5c677268,0,0,0,0.25,0.25,0.25
b9800035-7c61cb6d,0,0,0,0.25,0.25,0.25
b980ce70-c9f24d8f,0,0,0,0.25,0.25,0.25
b981b2ec-9368ed56,0,0,0,0.25,0.25,0.25
b981c36d-a66bb611,0,0,0,0.25,0.25,0.25
b981e7e3-4ccaf6b5,1,1,1,0.5,0.5,0.5
b981e7e3-958b5ba2,1,1,1,0.5,0.5,0.5
b981e7e3-e965dc31,1,1,1,0.5,0.5,0.5
b981e7e3-f39b9a1b,2,2,2,1.0,1.0,1.0
b982723f-84848a7f,1,1,1,0.5,0.5,0.5
b98578b9-f52d7f86,0,0,0,0.25,0.25,0.25
b98682bb-a0142ac9,0,0,0,0.25,0.25,0.25
b988086f-1811f9d3,0,0,0,0.25,0.25,0.25
b988086f-caed8036,0,0,0,0.25,0.25,0.25
b989ad0d-a1513cc2,1,1,1,0.5,0.5,0.5
b989ad0d-b8f7d12a,0,0,0,0.25,0.25,0.25
b98bd627-8593fa24,2,2,2,1.0,1.0,1.0
b98bd627-ef76afa3,0,0,0,0.25,0.25,0.25
b98c2fe7-a1ba769e,1,1,1,0.5,0.5,0.5
b98e3a45-2af2c615,0,0,0,0.25,0.25,0.25
b98e3a45-608c1fb2,0,0,0,0.25,0.25,0.25
b98e3a45-c94a8f44,0,0,0,0.25,0.25,0.25
b98eabcc-573dccd2,0,0,0,0.25,0.25,0.25
b98f4bb1-100931bb,0,0,0,0.25,0.25,0.25
b99169cf-98e77225,2,2,2,1.0,1.0,1.0
b9947c32-6074d84c,1,1,1,0.5,0.5,0.5
b995794d-66208231,2,2,2,1.0,1.0,1.0
b995df4d-4bf935df,0,0,0,0.25,0.25,0.25
b995df4d-c889890c,0,0,0,0.25,0.25,0.25
b9966b34-d7579b48,0,0,0,0.25,0.25,0.25
b9966b34-db0fb6ba,0,0,0,0.25,0.25,0.25
b996d83b-2f6ef415,2,2,2,1.0,1.0,1.0
b997ec7a-20d90044,0,0,0,0.25,0.25,0.25
b997ec7a-af29d0ca,0,0,0,0.25,0.25,0.25
b9990002-f103f7d9,0,0,0,0.25,0.25,0.25
b999b5f5-38c7b100,0,0,0,0.25,0.25,0.25
b99aea27-68a2c988,2,2,2,1.0,1.0,1.0
b99b108b-4422b287,0,0,0,0.25,0.25,0.25
b99b66a0-308f25ed,1,1,1,0.5,0.5,0.5
b99c17a7-bc6ee752,2,2,2,1.0,1.0,1.0
b99c5931-2ded1a3c,1,1,1,0.5,0.5,0.5
b99c5931-4e76f057,1,1,1,0.5,0.5,0.5
b99c5931-81b850be,2,2,2,1.0,1.0,1.0
b99c5931-834bb88c,0,0,0,0.25,0.25,0.25
b99eeedd-f211870f,0,0,0,0.25,0.25,0.25
b99f250d-375965e8,2,2,2,1.0,1.0,1.0
b99f250d-81828357,0,0,0,0.25,0.25,0.25
b99f250d-886111c5,2,2,2,1.0,1.0,1.0
b99f250d-97172b16,0,0,0,0.25,0.25,0.25
b99f250d-c69113f1,1,1,1,0.5,0.5,0.5
b99f7c8d-b97ed7dc,0,0,0,0.25,0.25,0.25
b99fd3ff-95f75133,0,0,0,0.25,0.25,0.25
b9a0d48b-05b491ac,2,2,2,1.0,1.0,1.0
b9a0d48b-a89007f6,1,1,1,0.5,0.5,0.5
b9a0d48b-c9dfdd87,0,0,0,0.25,0.25,0.25
b9a2146e-1fcf3af6,2,2,2,1.0,1.0,1.0
b9a2146e-2f27d574,0,0,0,0.25,0.25,0.25
b9a6cd2a-0cea14f6,1,1,1,0.5,0.5,0.5
b9a8d20a-4c0028f7,1,1,1,0.5,0.5,0.5
b9aabdcf-d1433a19,2,2,2,1.0,1.0,1.0
b9aca3ce-181f2909,0,0,0,0.25,0.25,0.25
b9af5d7a-58dc5c98,0,0,0,0.25,0.25,0.25
b9b12c49-3f874f30,0,0,0,0.25,0.25,0.25
b9b16444-2929cf9e,0,0,0,0.25,0.25,0.25
b9b16444-feb0b3a5,0,0,0,0.25,0.25,0.25
b9b53753-91a5d5f8,0,0,0,0.25,0.25,0.25
b9baae14-474c5be2,0,0,0,0.25,0.25,0.25
b9bafa5a-051addc0,1,1,1,0.5,0.5,0.5
b9bafa5a-195389c9,2,2,2,1.0,1.0,1.0
b9bafa5a-20a70f87,0,0,0,0.25,0.25,0.25
b9bafa5a-27d8078f,0,0,0,0.25,0.25,0.25
b9bafa5a-4b999671,0,0,0,0.25,0.25,0.25
b9bafa5a-758fc13c,0,0,0,0.25,0.25,0.25
b9bafa5a-933c3c94,0,0,0,0.25,0.25,0.25
b9bafa5a-9d12fc05,0,0,0,0.25,0.25,0.25
b9bafa5a-f0d23559,2,2,2,1.0,1.0,1.0
b9bafa5a-f6a3f4da,0,0,0,0.25,0.25,0.25
b9bd0109-531e640f,1,1,1,0.5,0.5,0.5
b9bdeae4-ee607bbc,0,0,0,0.25,0.25,0.25
b9c067bf-9bc4ccd1,0,0,0,0.25,0.25,0.25
b9c11ffc-52766c9e,0,0,0,0.25,0.25,0.25
b9c11ffc-8c6c2eb0,0,0,0,0.25,0.25,0.25
b9c2521e-2db68bde,2,2,2,1.0,1.0,1.0
b9c30b68-2d208deb,0,0,0,0.25,0.25,0.25
b9c34a53-f1f42d75,2,2,2,1.0,1.0,1.0
b9c52ee6-7709a9c2,2,2,2,1.0,1.0,1.0
b9c5e7c2-5d214ecd,1,1,1,0.5,0.5,0.5
b9c66ce6-57fa7e69,1,1,1,0.5,0.5,0.5
b9c71d97-416ef91d,2,2,2,1.0,1.0,1.0
b9c71ec0-1a77e45e,0,0,0,0.25,0.25,0.25
b9c7f347-97b374b1,1,1,1,0.5,0.5,0.5
b9c7f347-fbc28cb2,1,1,1,0.5,0.5,0.5
b9c9d815-3f9d9a8a,0,0,0,0.25,0.25,0.25
b9ca8abd-dc5cd337,0,0,0,0.25,0.25,0.25
b9ca94a2-7f349303,0,0,0,0.25,0.25,0.25
b9ca94a2-df527b5a,0,0,0,0.25,0.25,0.25
b9ca94a2-f35ce63b,0,0,0,0.25,0.25,0.25
b9cabddd-e49dded9,0,0,0,0.25,0.25,0.25
b9cb54f8-a8ad3ed2,1,1,1,0.5,0.5,0.5
b9cd5de4-5614ed70,0,0,0,0.25,0.25,0.25
b9d11a21-9cc4a8bb,0,0,0,0.25,0.25,0.25
b9d11a21-9cff3219,0,0,0,0.25,0.25,0.25
b9d12c48-050117dc,0,0,0,0.25,0.25,0.25
b9d12c48-1cdf1b03,1,1,1,0.5,0.5,0.5
b9d12c48-d855b440,1,1,1,0.5,0.5,0.5
b9d24e81-a9679e2a,0,0,0,0.25,0.25,0.25
b9d34460-2c3b1ab3,0,0,0,0.25,0.25,0.25
b9d34460-40ed613e,1,1,1,0.5,0.5,0.5
b9d34460-4ce3c7d9,0,0,0,0.25,0.25,0.25
b9d34460-5d3c8bcf,1,1,1,0.5,0.5,0.5
b9d34460-68942f09,2,2,2,1.0,1.0,1.0
b9d34460-809d2dd4,2,2,2,1.0,1.0,1.0
b9d34460-8c9c4807,0,0,0,0.25,0.25,0.25
b9d34460-96333c9b,0,0,0,0.25,0.25,0.25
b9d34460-d648a4c1,0,0,0,0.25,0.25,0.25
b9d34460-eb5b8d34,0,0,0,0.25,0.25,0.25
b9d42546-22bbbe03,0,0,0,0.25,0.25,0.25
b9d42546-2901d42d,0,0,0,0.25,0.25,0.25
b9d47fe7-858753e0,0,0,0,0.25,0.25,0.25
b9d9e358-7dadc57c,0,0,0,0.25,0.25,0.25
b9d9ed4e-66448e19,0,0,0,0.25,0.25,0.25
b9db357e-512d7f3f,2,2,2,1.0,1.0,1.0
b9db357e-cd30a8ae,2,2,2,1.0,1.0,1.0
b9dcf6ba-53401992,1,1,1,0.5,0.5,0.5
b9de552a-0e2a01b8,1,1,1,0.5,0.5,0.5
b9df54a4-314e9e5e,0,0,0,0.25,0.25,0.25
b9df54a4-66f58812,2,2,2,1.0,1.0,1.0
b9df54a4-8203d67b,0,0,0,0.25,0.25,0.25
b9df54a4-84660617,0,0,0,0.25,0.25,0.25
b9df54a4-91295fbc,1,1,1,0.5,0.5,0.5
b9dfba7c-1c8f50a1,0,0,0,0.25,0.25,0.25
b9dfba7c-ffdd8fd3,1,1,1,0.5,0.5,0.5
b9e12f59-40d0d945,0,0,0,0.25,0.25,0.25
b9e197fb-1e3721e0,2,2,2,1.0,1.0,1.0
b9e1e369-72bfc6bb,1,1,1,0.5,0.5,0.5
b9e1e369-c7cc0c47,1,1,1,0.5,0.5,0.5
b9e2c847-48127b39,0,0,0,0.25,0.25,0.25
b9e4cb3d-975f9d1d,0,0,0,0.25,0.25,0.25
b9e4cb3d-98ed4484,0,0,0,0.25,0.25,0.25
b9e4cb3d-eaf3d4ad,1,1,1,0.5,0.5,0.5
b9e6660b-bc8236e7,0,0,0,0.25,0.25,0.25
b9e7e326-693b4ae7,0,0,0,0.25,0.25,0.25
b9e91422-2d610458,2,2,2,1.0,1.0,1.0
b9e91422-944c7a2f,0,0,0,0.25,0.25,0.25
b9eae343-b296ccb7,0,0,0,0.25,0.25,0.25
b9eae343-d73328b2,0,0,0,0.25,0.25,0.25
b9eb4605-1024d23c,2,2,2,1.0,1.0,1.0
b9eb4605-a9631712,0,0,0,0.25,0.25,0.25
b9ecc316-2fdb6c92,1,1,1,0.5,0.5,0.5
b9ecc316-529acd3c,2,2,2,1.0,1.0,1.0
b9ed6e80-1782fc7b,0,0,0,0.25,0.25,0.25
b9ed70c8-edc3834b,0,0,0,0.25,0.25,0.25
b9ed9a4e-4f2897e5,0,0,0,0.25,0.25,0.25
b9ef03d3-92a377cc,2,2,2,1.0,1.0,1.0
b9ef58f6-dbfd3b12,0,0,0,0.25,0.25,0.25
b9efb2a4-bad8be38,0,0,0,0.25,0.25,0.25
b9f22148-5d881ca7,0,0,0,0.25,0.25,0.25
b9f22148-6ad84326,0,0,0,0.25,0.25,0.25
b9f22148-bb552f30,0,0,0,0.25,0.25,0.25
b9f22148-fee94d83,0,0,0,0.25,0.25,0.25
b9f30ada-2c42a2f8,1,1,1,0.5,0.5,0.5
b9f83545-6c082fdd,0,0,0,0.25,0.25,0.25
b9f83545-eb28b690,0,0,0,0.25,0.25,0.25
b9fa66d8-a5fce3c5,0,0,0,0.25,0.25,0.25
b9fb5382-36e88642,0,0,0,0.25,0.25,0.25
b9fb5382-5cf0f1a7,1,1,1,0.5,0.5,0.5
b9fb5382-76c75580,0,0,0,0.25,0.25,0.25
b9fb5382-990e8173,0,0,0,0.25,0.25,0.25
b9fb5382-a15fb1a6,1,1,1,0.5,0.5,0.5
b9fb5382-d590d1f3,0,0,0,0.25,0.25,0.25
b9fb5382-de164886,1,1,1,0.5,0.5,0.5
b9fb8b07-28df834c,0,0,0,0.25,0.25,0.25
b9fc97df-397f8a5d,0,0,0,0.25,0.25,0.25
b9fc97df-9b839325,0,0,0,0.25,0.25,0.25
b9fde896-2829683e,0,0,0,0.25,0.25,0.25
b9fdf8bf-42564342,0,0,0,0.25,0.25,0.25
b9fdf8bf-9de2321b,0,0,0,0.25,0.25,0.25
b9fdf8bf-a7d770dc,0,0,0,0.25,0.25,0.25
ba01e424-d3effc2d,1,1,1,0.5,0.5,0.5
ba01e424-e21752bb,0,0,0,0.25,0.25,0.25
ba01e7b7-4c136c35,0,0,0,0.25,0.25,0.25
ba075b35-6fb4c8fc,1,1,1,0.5,0.5,0.5
ba08174b-15c134f7,1,1,1,0.5,0.5,0.5
ba087e53-ef362be0,1,1,1,0.5,0.5,0.5
ba09810a-a1c9c327,0,0,0,0.25,0.25,0.25
ba09810a-ac2ef27d,0,0,0,0.25,0.25,0.25
ba0a3619-31d30af9,0,0,0,0.25,0.25,0.25
ba0a3619-e721c302,2,2,2,1.0,1.0,1.0
ba0a827b-06f3b51a,1,1,1,0.5,0.5,0.5
ba0a827b-dfcec16f,0,0,0,0.25,0.25,0.25
ba0a9afb-ba786259,0,0,0,0.25,0.25,0.25
ba0b31f2-067b826c,0,0,0,0.25,0.25,0.25
ba0b31f2-c45b879b,0,0,0,0.25,0.25,0.25
ba0d2a3f-0c429b61,0,0,0,0.25,0.25,0.25
ba0f292a-bb8b14af,2,2,2,1.0,1.0,1.0
ba112f29-22498dfa,0,0,0,0.25,0.25,0.25
ba112f29-5452cd9f,0,0,0,0.25,0.25,0.25
ba112f29-96213b92,0,0,0,0.25,0.25,0.25
ba112f29-9da834a0,0,0,0,0.25,0.25,0.25
ba112f29-be7a8dfc,0,0,0,0.25,0.25,0.25
ba122c97-403fd75d,2,2,2,1.0,1.0,1.0
ba122c97-69a4038b,0,0,0,0.25,0.25,0.25
ba147ca3-583de3f4,2,2,2,1.0,1.0,1.0
ba14f1ef-178edc04,1,1,1,0.5,0.5,0.5
ba15261b-0cded4cf,2,2,2,1.0,1.0,1.0
ba15261b-46e2755d,1,1,1,0.5,0.5,0.5
ba15abfa-53c4fa38,0,0,0,0.25,0.25,0.25
ba1612fa-392883a2,0,0,0,0.25,0.25,0.25
ba1612fa-624ac188,2,2,2,1.0,1.0,1.0
ba1612fa-c9ac53d1,0,0,0,0.25,0.25,0.25
ba163cd8-1403cad9,1,1,1,0.5,0.5,0.5
ba181cb9-341963b1,0,0,0,0.25,0.25,0.25
ba19e1c4-a9bca6af,2,2,2,1.0,1.0,1.0
ba19e1c4-c243da22,2,2,2,1.0,1.0,1.0
ba1ab927-a44a701b,1,1,1,0.5,0.5,0.5
ba1c5b5f-bc36c5fa,0,0,0,0.25,0.25,0.25
ba1f5489-3f8e2762,1,1,1,0.5,0.5,0.5
ba1f97fc-214aaccb,2,2,2,1.0,1.0,1.0
ba1f97fc-5b4826df,1,1,1,0.5,0.5,0.5
ba21db9d-1fa50667,1,1,1,0.5,0.5,0.5
ba22eaaf-b6fad89d,2,2,2,1.0,1.0,1.0
ba2610cc-76fb5c2d,1,1,1,0.5,0.5,0.5
ba2905e2-145d9cfc,0,0,0,0.25,0.25,0.25
ba2db972-f29458c8,0,0,0,0.25,0.25,0.25
ba2e8260-126fca3e,2,2,2,1.0,1.0,1.0
ba2e8260-2f6c9b36,0,0,0,0.25,0.25,0.25
ba2e8260-5b48768d,0,0,0,0.25,0.25,0.25
ba2e8c76-9064d1ee,2,2,2,1.0,1.0,1.0
ba2e8c76-bc128eda,0,0,0,0.25,0.25,0.25
ba2e8c76-d41571cb,1,1,1,0.5,0.5,0.5
ba2e8c76-d7ca505e,0,0,0,0.25,0.25,0.25
ba2ef5fa-0924e7c4,1,1,1,0.5,0.5,0.5
ba31ed47-117c074b,1,1,1,0.5,0.5,0.5
ba320af6-9ebfd69c,2,2,2,1.0,1.0,1.0
ba336fcb-24158015,0,0,0,0.25,0.25,0.25
ba336fcb-f0afaac6,0,0,0,0.25,0.25,0.25
ba35cdf3-e104174c,2,2,2,1.0,1.0,1.0
ba362b8d-2855bf4e,1,1,1,0.5,0.5,0.5
ba362b8d-991d1837,1,1,1,0.5,0.5,0.5
ba36b0a9-6c380330,0,0,0,0.25,0.25,0.25
ba37b3d4-a8126899,0,0,0,0.25,0.25,0.25
ba3878a5-a6be090b,0,0,0,0.25,0.25,0.25
ba3d031c-e85b19e4,1,1,1,0.5,0.5,0.5
ba3dc656-c88512cc,0,0,0,0.25,0.25,0.25
ba3dfc2c-1b22491c,0,0,0,0.25,0.25,0.25
ba3f4265-46c99d41,0,0,0,0.25,0.25,0.25
ba3f4265-77da2806,0,0,0,0.25,0.25,0.25
ba3f4265-d8adfa71,2,2,2,1.0,1.0,1.0
ba3ffa1d-05ce6de4,2,2,2,1.0,1.0,1.0
ba402b44-b17beb78,1,1,1,0.5,0.5,0.5
ba41a907-1793986f,0,0,0,0.25,0.25,0.25
ba41a907-c8e44897,0,0,0,0.25,0.25,0.25
ba4432a9-35b2f81e,2,2,2,1.0,1.0,1.0
ba4432a9-3956a266,1,1,1,0.5,0.5,0.5
ba4432a9-5439b6db,0,0,0,0.25,0.25,0.25
ba4432a9-9df2cbad,0,0,0,0.25,0.25,0.25
ba4432a9-d3c31edf,2,2,2,1.0,1.0,1.0
ba4576b4-2b165aea,0,0,0,0.25,0.25,0.25
ba465f46-6ec77334,2,2,2,1.0,1.0,1.0
ba467364-d5d97e59,1,1,1,0.5,0.5,0.5
ba47021e-ec2f1a4a,2,2,2,1.0,1.0,1.0
ba475d4d-ed2daa1d,0,0,0,0.25,0.25,0.25
ba477574-906b0b32,0,0,0,0.25,0.25,0.25
ba477574-b5e29f22,0,0,0,0.25,0.25,0.25
ba479cb3-1909b5d7,2,2,2,1.0,1.0,1.0
ba479cb3-5949ad38,0,0,0,0.25,0.25,0.25
ba479cb3-7d06a26f,2,2,2,1.0,1.0,1.0
ba479cb3-a99a833a,0,0,0,0.25,0.25,0.25
ba479cb3-b04e9be2,2,2,2,1.0,1.0,1.0
ba479cb3-f5cd5cdf,2,2,2,1.0,1.0,1.0
ba47af6d-548205ea,2,2,2,1.0,1.0,1.0
ba49e65a-773f5f54,2,2,2,1.0,1.0,1.0
ba4a95e2-388b7299,2,2,2,1.0,1.0,1.0
ba4adf3d-27e3cae5,1,1,1,0.5,0.5,0.5
ba4bcdc5-06e22f87,2,2,2,1.0,1.0,1.0
ba4bcdc5-31c36605,1,1,1,0.5,0.5,0.5
ba4bcdc5-3d4f7a56,1,1,1,0.5,0.5,0.5
ba4bcdc5-fe7847d3,1,1,1,0.5,0.5,0.5
ba4bd5ae-583b01d5,0,0,0,0.25,0.25,0.25
ba4d05f6-24c9c3cf,0,0,0,0.25,0.25,0.25
ba4d05f6-8b126390,0,0,0,0.25,0.25,0.25
ba4d05f6-e11a4967,2,2,2,1.0,1.0,1.0
ba4e5982-c64a8dfa,0,0,0,0.25,0.25,0.25
ba4fbdd7-43dccdf9,2,2,2,1.0,1.0,1.0
ba508231-1b6ab5b0,1,1,1,0.5,0.5,0.5
ba508231-2158c29b,2,2,2,1.0,1.0,1.0
ba510a80-edefe47f,1,1,1,0.5,0.5,0.5
ba510a80-f9582aea,1,1,1,0.5,0.5,0.5
ba52422d-dbf0a992,0,0,0,0.25,0.25,0.25
ba528af9-121c1347,0,0,0,0.25,0.25,0.25
ba54b31c-819571fe,0,0,0,0.25,0.25,0.25
ba54b31c-dbca96b4,0,0,0,0.25,0.25,0.25
ba54b6fd-896b735c,0,0,0,0.25,0.25,0.25
ba54b6fd-8cf056a0,0,0,0,0.25,0.25,0.25
ba5516aa-14ba6efa,2,2,2,1.0,1.0,1.0
ba59cdbb-15506193,0,0,0,0.25,0.25,0.25
ba59cdbb-be899b38,1,1,1,0.5,0.5,0.5
ba5ab643-35e0fae3,0,0,0,0.25,0.25,0.25
ba5ab643-993c5f56,0,0,0,0.25,0.25,0.25
ba5c4fbb-6815f84b,1,1,1,0.5,0.5,0.5
ba5c759c-1913a624,0,0,0,0.25,0.25,0.25
ba5c759c-2bfd1d3c,0,0,0,0.25,0.25,0.25
ba5c759c-45dd7a4f,0,0,0,0.25,0.25,0.25
ba5c759c-623fcd9d,2,2,2,1.0,1.0,1.0
ba5d93c3-c082cdd4,0,0,0,0.25,0.25,0.25
ba5df354-9ff8402c,2,2,2,1.0,1.0,1.0
ba5df354-c3a0694a,0,0,0,0.25,0.25,0.25
ba5df354-db132aac,1,1,1,0.5,0.5,0.5
ba60e97a-3b02b136,1,1,1,0.5,0.5,0.5
ba619544-5fd6de8f,1,1,1,0.5,0.5,0.5
ba635a0a-fd69cb62,0,0,0,0.25,0.25,0.25
ba64e51b-f88ab62e,0,0,0,0.25,0.25,0.25
ba65317f-d4aba330,0,0,0,0.25,0.25,0.25
ba65c274-162fb09c,0,0,0,0.25,0.25,0.25
ba65c274-e0f6a546,1,1,1,0.5,0.5,0.5
ba665bd8-d582ba49,0,0,0,0.25,0.25,0.25
ba6aa28c-fd3beb1c,0,0,0,0.25,0.25,0.25
ba6bfd07-6a9ddced,2,2,2,1.0,1.0,1.0
ba6c1b09-24293108,1,1,1,0.5,0.5,0.5
ba6f0064-18848d0f,1,1,1,0.5,0.5,0.5
ba70dfe3-111e78f4,0,0,0,0.25,0.25,0.25
ba70dfe3-23dc1691,1,1,1,0.5,0.5,0.5
ba70dfe3-4cfe0efb,0,0,0,0.25,0.25,0.25
ba70dfe3-4fd952a1,0,0,0,0.25,0.25,0.25
ba70dfe3-62b01bd8,0,0,0,0.25,0.25,0.25
ba70dfe3-69c229dd,0,0,0,0.25,0.25,0.25
ba70dfe3-b948e66d,0,0,0,0.25,0.25,0.25
ba7279cd-c80768c3,0,0,0,0.25,0.25,0.25
ba731feb-01fd61a2,0,0,0,0.25,0.25,0.25
ba73ab52-4980c05c,0,0,0,0.25,0.25,0.25
ba786070-0826a5d7,0,0,0,0.25,0.25,0.25
ba79a103-c606265f,2,2,2,1.0,1.0,1.0
ba79d911-8254c418,0,0,0,0.25,0.25,0.25
ba7ad79b-d9c40465,1,1,1,0.5,0.5,0.5
ba7b9df0-a0b062ab,1,1,1,0.5,0.5,0.5
ba7dcfa6-66589c64,0,0,0,0.25,0.25,0.25
ba7dcfa6-82aaecf5,1,1,1,0.5,0.5,0.5
ba7ef348-fb387cab,0,0,0,0.25,0.25,0.25
ba7ef348-fcf901f3,0,0,0,0.25,0.25,0.25
ba7efc39-b198d2da,0,0,0,0.25,0.25,0.25
ba7efc39-dea175db,2,2,2,1.0,1.0,1.0
ba7efc39-e3e9eecf,0,0,0,0.25,0.25,0.25
ba7fb420-b647764f,1,1,1,0.5,0.5,0.5
ba81149b-bb88d2ac,0,0,0,0.25,0.25,0.25
ba8138ba-3a90a8bf,2,2,2,1.0,1.0,1.0
ba85bff0-70955e40,1,1,1,0.5,0.5,0.5
ba85dccd-ad3b457d,1,1,1,0.5,0.5,0.5
ba87390f-22dabe83,0,0,0,0.25,0.25,0.25
ba87390f-75ebd274,0,0,0,0.25,0.25,0.25
ba87390f-cc97ecd7,0,0,0,0.25,0.25,0.25
ba87390f-eebfd9d1,0,0,0,0.25,0.25,0.25
ba893ca0-7ad6a523,1,1,1,0.5,0.5,0.5
ba8a21ad-c1970314,1,1,1,0.5,0.5,0.5
ba8a41c9-fabd0516,0,0,0,0.25,0.25,0.25
ba8b1e05-027a7e4a,1,1,1,0.5,0.5,0.5
ba8b1e05-8ec0219a,2,2,2,1.0,1.0,1.0
ba8c90a0-b82731e9,2,2,2,1.0,1.0,1.0
ba8d52a0-b4af712f,0,0,0,0.25,0.25,0.25
ba8df251-f17bd4a5,0,0,0,0.25,0.25,0.25
ba8df917-d4cd5e36,0,0,0,0.25,0.25,0.25
ba8f00d0-c16ca207,0,0,0,0.25,0.25,0.25
ba908c74-4e0a63ae,1,1,1,0.5,0.5,0.5
ba908c74-f486f96e,1,1,1,0.5,0.5,0.5
ba91b65d-886141fd,1,1,1,0.5,0.5,0.5
ba97a966-4d0c78a3,1,1,1,0.5,0.5,0.5
ba982bf6-10d32995,2,2,2,1.0,1.0,1.0
ba99033d-2acd5337,0,0,0,0.25,0.25,0.25
ba99033d-82ea8fb8,2,2,2,1.0,1.0,1.0
ba99464b-64917c10,2,2,2,1.0,1.0,1.0
ba99464b-ca1ef680,0,0,0,0.25,0.25,0.25
ba9a0c7f-77967cea,1,1,1,0.5,0.5,0.5
ba9ac2e8-67f85af0,0,0,0,0.25,0.25,0.25
ba9ac2e8-cc9600b9,0,0,0,0.25,0.25,0.25
ba9ac2e8-f236d74f,1,1,1,0.5,0.5,0.5
ba9aff77-5e161292,1,1,1,0.5,0.5,0.5
ba9baf3d-415342a2,1,1,1,0.5,0.5,0.5
ba9e2861-004544a0,0,0,0,0.25,0.25,0.25
ba9f23d8-741fa7f7,1,1,1,0.5,0.5,0.5
ba9f23d8-a50cd80e,0,0,0,0.25,0.25,0.25
ba9f6c98-2a75a096,2,2,2,1.0,1.0,1.0
ba9f6c98-c7216bf4,0,0,0,0.25,0.25,0.25
baa03c1f-82d03594,2,2,2,1.0,1.0,1.0
baa09f40-a72f5fa3,0,0,0,0.25,0.25,0.25
baa0bfdb-0267b9d2,0,0,0,0.25,0.25,0.25
baa0cbfb-46b96329,1,1,1,0.5,0.5,0.5
baa255c5-5c99a79a,2,2,2,1.0,1.0,1.0
baa50786-856eefa3,1,1,1,0.5,0.5,0.5
baa50786-e1613030,0,0,0,0.25,0.25,0.25
baa57aaf-81957283,0,0,0,0.25,0.25,0.25
baa57aaf-b80b0054,1,1,1,0.5,0.5,0.5
baa59d18-90fc3158,2,2,2,1.0,1.0,1.0
baa618bf-40e56190,0,0,0,0.25,0.25,0.25
baa79505-36d4add5,1,1,1,0.5,0.5,0.5
baa79505-43ff4345,2,2,2,1.0,1.0,1.0
baa88157-4026332f,1,1,1,0.5,0.5,0.5
baa9acbe-f3af19f6,0,0,0,0.25,0.25,0.25
baab5a30-8d713374,1,1,1,0.5,0.5,0.5
baacc55a-84627b23,0,0,0,0.25,0.25,0.25
baaeb0ec-6ef45755,2,2,2,1.0,1.0,1.0
baaf4c9c-c88fe684,0,0,0,0.25,0.25,0.25
bab0332c-a7074812,0,0,0,0.25,0.25,0.25
bab0332c-b043a76c,0,0,0,0.25,0.25,0.25
bab09f26-0e237051,0,0,0,0.25,0.25,0.25
bab09f26-8751de4f,0,0,0,0.25,0.25,0.25
bab22965-312b92a3,0,0,0,0.25,0.25,0.25
bab22965-3e7b33e9,0,0,0,0.25,0.25,0.25
bab26b8d-deaa5510,1,1,1,0.5,0.5,0.5
bab45acf-4b4387fb,1,1,1,0.5,0.5,0.5
bab48a4e-2f184c90,1,1,1,0.5,0.5,0.5
bab48a4e-43fa0dfe,0,0,0,0.25,0.25,0.25
bab48a4e-6722401f,0,0,0,0.25,0.25,0.25
bab52aba-0b87a64b,0,0,0,0.25,0.25,0.25
bab52aba-45bf005b,2,2,2,1.0,1.0,1.0
bab52aba-766e7f39,2,2,2,1.0,1.0,1.0
bab692c9-35904fdb,0,0,0,0.25,0.25,0.25
bab692c9-3cd892ff,1,1,1,0.5,0.5,0.5
bab692c9-4d1f2bdd,0,0,0,0.25,0.25,0.25
bab692c9-78e8ac63,1,1,1,0.5,0.5,0.5
bab692c9-922ed2ea,0,0,0,0.25,0.25,0.25
bab692c9-a16f15b4,0,0,0,0.25,0.25,0.25
bab692c9-ce1abc2d,1,1,1,0.5,0.5,0.5
bab692c9-efde0b04,0,0,0,0.25,0.25,0.25
bab6be6b-14db4536,2,2,2,1.0,1.0,1.0
bab6fead-bc74d699,0,0,0,0.25,0.25,0.25
bab90acb-5e9f3a31,0,0,0,0.25,0.25,0.25
bab97280-a3c6a37c,0,0,0,0.25,0.25,0.25
bab98f04-a1010c10,1,1,1,0.5,0.5,0.5
bab9f7f7-1cc4e542,0,0,0,0.25,0.25,0.25
babc7a6c-b72195cc,2,2,2,1.0,1.0,1.0
babc7a6c-c5941835,1,1,1,0.5,0.5,0.5
babd6d42-754e86fe,0,0,0,0.25,0.25,0.25
babf991d-a86f60ab,0,0,0,0.25,0.25,0.25
babf991d-b4102dd2,0,0,0,0.25,0.25,0.25
bac1a0cf-45bef9f0,0,0,0,0.25,0.25,0.25
bac25f5a-af4fd9fd,1,1,1,0.5,0.5,0.5
bac391de-5885bad6,0,0,0,0.25,0.25,0.25
bac391de-f53d733c,0,0,0,0.25,0.25,0.25
bac443ab-eb1694f5,1,1,1,0.5,0.5,0.5
bac52af2-81952c8d,0,0,0,0.25,0.25,0.25
bac52b21-a8316888,1,1,1,0.5,0.5,0.5
bac52b21-f294dffd,2,2,2,1.0,1.0,1.0
bac52b21-ffc2453b,0,0,0,0.25,0.25,0.25
bac66ed2-5f02fccc,0,0,0,0.25,0.25,0.25
bac8434c-a3f0f643,1,1,1,0.5,0.5,0.5
bac84858-9f795ab4,0,0,0,0.25,0.25,0.25
bac8aa4e-a4321ac0,0,0,0,0.25,0.25,0.25
bac8fe51-1b610115,0,0,0,0.25,0.25,0.25
bac8fe51-6b258bd9,1,1,1,0.5,0.5,0.5
bac9c292-e91eed49,0,0,0,0.25,0.25,0.25
bacbfdaa-837ca39c,1,1,1,0.5,0.5,0.5
bacfd285-7f7bf1ce,1,1,1,0.5,0.5,0.5
bad479df-d2e02382,0,0,0,0.25,0.25,0.25
bad4932f-06acec3c,0,0,0,0.25,0.25,0.25
bad5a7e9-b1d91b1a,0,0,0,0.25,0.25,0.25
bad7f33d-7e31e0d2,1,1,1,0.5,0.5,0.5
bad81f09-0d02e84b,0,0,0,0.25,0.25,0.25
bad89ad9-af1926ac,1,1,1,0.5,0.5,0.5
bad89ad9-f1f414d4,2,2,2,1.0,1.0,1.0
bad909d4-8de038fe,0,0,0,0.25,0.25,0.25
bad9944c-bdf6dd4f,0,0,0,0.25,0.25,0.25
badcea48-c3d19600,0,0,0,0.25,0.25,0.25
bade898f-11350592,0,0,0,0.25,0.25,0.25
bae16c60-044a4822,2,2,2,1.0,1.0,1.0
bae16c60-c2949e41,2,2,2,1.0,1.0,1.0
bae16c60-cf344206,0,0,0,0.25,0.25,0.25
bae16c60-e19bbf7a,0,0,0,0.25,0.25,0.25
bae18530-9d734d71,1,1,1,0.5,0.5,0.5
bae322f4-c995abe0,1,1,1,0.5,0.5,0.5
bae32983-3c9e09c4,0,0,0,0.25,0.25,0.25
bae32983-ef4277dc,1,1,1,0.5,0.5,0.5
bae32983-efef09dd,1,1,1,0.5,0.5,0.5
bae47c98-102dd98e,0,0,0,0.25,0.25,0.25
bae47c98-40551cdd,1,1,1,0.5,0.5,0.5
bae4f394-11239e42,0,0,0,0.25,0.25,0.25
bae4f394-24bc3bbe,1,1,1,0.5,0.5,0.5
bae4f394-d4a6c04a,0,0,0,0.25,0.25,0.25
bae552dc-36e0fe4e,1,1,1,0.5,0.5,0.5
bae552dc-4ee0cab7,0,0,0,0.25,0.25,0.25
bae5905c-b009aff3,1,1,1,0.5,0.5,0.5
bae5dc33-65cbc3f4,0,0,0,0.25,0.25,0.25
bae778fd-4cc0d9be,2,2,2,1.0,1.0,1.0
bae88538-8f433246,0,0,0,0.25,0.25,0.25
bae92945-2f6f01d7,0,0,0,0.25,0.25,0.25
bae92945-99223ba6,0,0,0,0.25,0.25,0.25
bae9f15e-0f68c902,0,0,0,0.25,0.25,0.25
bae9f15e-4c858350,0,0,0,0.25,0.25,0.25
baea519f-f4a57477,1,1,1,0.5,0.5,0.5
baeab53a-2e79e160,2,2,2,1.0,1.0,1.0
baeab53a-cefd6619,0,0,0,0.25,0.25,0.25
baeb1657-6169cccd,0,0,0,0.25,0.25,0.25
baeb1657-c8c65444,1,1,1,0.5,0.5,0.5
baeb68f6-9abb3aaf,0,0,0,0.25,0.25,0.25
baeb920c-a950cb02,2,2,2,1.0,1.0,1.0
baec74cf-6bdcae72,0,0,0,0.25,0.25,0.25
baecebd1-0c93fa0d,0,0,0,0.25,0.25,0.25
baed9d4e-efe3a64e,1,1,1,0.5,0.5,0.5
baee6fb9-390cd194,1,1,1,0.5,0.5,0.5
baee6fb9-8438c345,0,0,0,0.25,0.25,0.25
baee6fb9-f28ac93d,0,0,0,0.25,0.25,0.25
baef72b1-4fd009a7,0,0,0,0.25,0.25,0.25
baef72b1-809d1abe,0,0,0,0.25,0.25,0.25
baef72b1-9274c60c,0,0,0,0.25,0.25,0.25
baef72b1-f2680c40,0,0,0,0.25,0.25,0.25
baef8908-b0802135,1,1,1,0.5,0.5,0.5
baefbbd2-83ba702b,0,0,0,0.25,0.25,0.25
baefe65c-bb9793d9,1,1,1,0.5,0.5,0.5
baefe65c-de9ef3eb,0,0,0,0.25,0.25,0.25
baf019d9-986608ff,0,0,0,0.25,0.25,0.25
baf019d9-da5f9843,1,1,1,0.5,0.5,0.5
baf1c81c-d909d4dc,1,1,1,0.5,0.5,0.5
baf1fb8b-258ca9a9,2,2,2,1.0,1.0,1.0
baf1fb8b-9280a668,0,0,0,0.25,0.25,0.25
baf24e00-1fbb8a3b,1,1,1,0.5,0.5,0.5
baf24e00-7742132f,0,0,0,0.25,0.25,0.25
baf29436-f6375fa4,0,0,0,0.25,0.25,0.25
baf2f38d-596d1bc4,1,1,1,0.5,0.5,0.5
baf399e3-e2f279fa,1,1,1,0.5,0.5,0.5
baf567e1-5ffa6b77,1,1,1,0.5,0.5,0.5
baf6c5b1-9236f4d1,1,1,1,0.5,0.5,0.5
baf870f0-44119a5e,2,2,2,1.0,1.0,1.0
baf870f0-a1a64cd6,1,1,1,0.5,0.5,0.5
baf89af3-091fba23,1,1,1,0.5,0.5,0.5
baf89af3-46fd3da9,2,2,2,1.0,1.0,1.0
baf89af3-64d570fc,2,2,2,1.0,1.0,1.0
bafa2401-045c70c7,0,0,0,0.25,0.25,0.25
bafacab2-a1bafb37,0,0,0,0.25,0.25,0.25
bafad57f-2e29ac87,0,0,0,0.25,0.25,0.25
bafb04fb-119f164b,1,1,1,0.5,0.5,0.5
bafcc992-a5faf18d,1,1,1,0.5,0.5,0.5
bafcc992-dcddfe75,0,0,0,0.25,0.25,0.25
bafe41f1-96b00f10,0,0,0,0.25,0.25,0.25
bafe41f1-e8a0fac7,2,2,2,1.0,1.0,1.0
bafe41f1-fa3e0ccf,1,1,1,0.5,0.5,0.5
bafeadd4-255dc46e,2,2,2,1.0,1.0,1.0
bafeadd4-9add2eaf,2,2,2,1.0,1.0,1.0
bb01eaee-b8f0ebe3,0,0,0,0.25,0.25,0.25
bb0475d9-dda53a5a,0,0,0,0.25,0.25,0.25
bb0479a0-b3c8e0ea,1,1,1,0.5,0.5,0.5
bb051d4e-49d5fed8,0,0,0,0.25,0.25,0.25
bb087b1c-6c9e904f,0,0,0,0.25,0.25,0.25
bb0af861-7e6c3e30,1,1,1,0.5,0.5,0.5
bb0b99d2-a91aab3d,2,2,2,1.0,1.0,1.0
bb0c13d5-3a2adbe3,1,1,1,0.5,0.5,0.5
bb0c13d5-ef1bd4e0,1,1,1,0.5,0.5,0.5
bb0cf6a9-ce0fdf2c,0,0,0,0.25,0.25,0.25
bb0d0a55-6e9e48be,2,2,2,1.0,1.0,1.0
bb0dced8-65a75aec,0,0,0,0.25,0.25,0.25
bb0dced8-7c117b8e,2,2,2,1.0,1.0,1.0
bb0ea699-3d008331,2,2,2,1.0,1.0,1.0
bb0ea699-e350eac6,0,0,0,0.25,0.25,0.25
bb110f9d-f9e57c74,1,1,1,0.5,0.5,0.5
bb122fa3-1b6b0150,0,0,0,0.25,0.25,0.25
bb123691-777cee95,0,0,0,0.25,0.25,0.25
bb1288a9-e1fd25fa,2,2,2,1.0,1.0,1.0
bb145d9b-5ae8376f,0,0,0,0.25,0.25,0.25
bb160b7f-0553000b,1,1,1,0.5,0.5,0.5
bb16329e-7ddd640e,1,1,1,0.5,0.5,0.5
bb16d9b5-588275af,0,0,0,0.25,0.25,0.25
bb172cd0-523870b7,0,0,0,0.25,0.25,0.25
bb17665d-27525f20,0,0,0,0.25,0.25,0.25
bb17665d-8f5794bb,0,0,0,0.25,0.25,0.25
bb185003-ebc11af9,0,0,0,0.25,0.25,0.25
bb198c24-1f5691ed,1,1,1,0.5,0.5,0.5
bb198c24-2d2ae5c5,1,1,1,0.5,0.5,0.5
bb198c24-66cf3fcb,0,0,0,0.25,0.25,0.25
bb198c24-924a7794,2,2,2,1.0,1.0,1.0
bb198c24-b046e976,0,0,0,0.25,0.25,0.25
bb198c24-c5d65870,0,0,0,0.25,0.25,0.25
bb198c24-d7f4344c,0,0,0,0.25,0.25,0.25
bb1a255a-60ecb81a,1,1,1,0.5,0.5,0.5
bb1a255a-99414370,2,2,2,1.0,1.0,1.0
bb1a255a-dc60ef57,1,1,1,0.5,0.5,0.5
bb1b7d8c-916a2c96,0,0,0,0.25,0.25,0.25
bb1b7e42-48b281a3,1,1,1,0.5,0.5,0.5
bb1b7e42-67806924,0,0,0,0.25,0.25,0.25
bb1b7e42-9608265e,2,2,2,1.0,1.0,1.0
bb1b7e42-b17da5d0,1,1,1,0.5,0.5,0.5
bb1d71e5-5ce653ff,2,2,2,1.0,1.0,1.0
bb204299-557172b1,2,2,2,1.0,1.0,1.0
bb21e706-33f63a66,2,2,2,1.0,1.0,1.0
bb269a85-bd43ab11,0,0,0,0.25,0.25,0.25
bb269a85-eba0cd5a,0,0,0,0.25,0.25,0.25
bb2888a8-ca075f36,0,0,0,0.25,0.25,0.25
bb289fdb-3de1932f,0,0,0,0.25,0.25,0.25
bb289fdb-4bc01501,0,0,0,0.25,0.25,0.25
bb289fdb-b3d91709,2,2,2,1.0,1.0,1.0
bb289fdb-b6763201,0,0,0,0.25,0.25,0.25
bb298f1a-55b463fb,1,1,1,0.5,0.5,0.5
bb2c3ff8-a1444b2b,0,0,0,0.25,0.25,0.25
bb2c5719-1244dd67,1,1,1,0.5,0.5,0.5
bb2c5719-38a69465,0,0,0,0.25,0.25,0.25
bb2c8f70-d58d2ef6,1,1,1,0.5,0.5,0.5
bb2cabeb-2c0701d4,0,0,0,0.25,0.25,0.25
bb2cabeb-91cfe8d5,0,0,0,0.25,0.25,0.25
bb2e43e4-5e7a7129,0,0,0,0.25,0.25,0.25
bb2ec277-7aa1721e,1,1,1,0.5,0.5,0.5
bb2ecd61-c580ebaf,1,1,1,0.5,0.5,0.5
bb2ecd61-fa37afd5,1,1,1,0.5,0.5,0.5
bb2f678a-73bc87ec,0,0,0,0.25,0.25,0.25
bb2f678a-92915562,2,2,2,1.0,1.0,1.0
bb2f678a-9364842a,0,0,0,0.25,0.25,0.25
bb2f678a-af43ed71,2,2,2,1.0,1.0,1.0
bb2f678a-c2ed5fd5,0,0,0,0.25,0.25,0.25
bb300252-63610170,0,0,0,0.25,0.25,0.25
bb310e6e-bf25b98d,1,1,1,0.5,0.5,0.5
bb32113e-e50b51e1,2,2,2,1.0,1.0,1.0
bb321d10-119ded2e,1,1,1,0.5,0.5,0.5
bb34331a-41c530d0,2,2,2,1.0,1.0,1.0
bb34331a-56aba0b3,0,0,0,0.25,0.25,0.25
bb370e7e-4c296bfb,0,0,0,0.25,0.25,0.25
bb390224-2ea34fb1,1,1,1,0.5,0.5,0.5
bb391d59-6b05b7a0,0,0,0,0.25,0.25,0.25
bb391d59-8c851310,0,0,0,0.25,0.25,0.25
bb3a75fa-b0b71066,2,2,2,1.0,1.0,1.0
bb3ada23-9d8e8e6e,0,0,0,0.25,0.25,0.25
bb3bb8c0-169af65a,0,0,0,0.25,0.25,0.25
bb3bb8c0-2ef3abc6,0,0,0,0.25,0.25,0.25
bb3bb8c0-4fa74f43,1,1,1,0.5,0.5,0.5
bb3bb8c0-89d55028,0,0,0,0.25,0.25,0.25
bb3bb8c0-8eeee166,1,1,1,0.5,0.5,0.5
bb3bb8c0-90ca2bee,1,1,1,0.5,0.5,0.5
bb3bb8c0-b32626a2,2,2,2,1.0,1.0,1.0
bb3bb8c0-c140b72f,1,1,1,0.5,0.5,0.5
bb3bb8c0-c83acdad,1,1,1,0.5,0.5,0.5
bb3be317-6db8a61d,0,0,0,0.25,0.25,0.25
bb3d0123-3c8183bd,1,1,1,0.5,0.5,0.5
bb3d0b90-44758857,1,1,1,0.5,0.5,0.5
bb3d0b90-81400890,0,0,0,0.25,0.25,0.25
bb3f49d9-ca104345,1,1,1,0.5,0.5,0.5
bb423617-10625110,2,2,2,1.0,1.0,1.0
bb425c3f-4e35dc9d,0,0,0,0.25,0.25,0.25
bb429905-508d2ae6,0,0,0,0.25,0.25,0.25
bb429905-efd7b1aa,2,2,2,1.0,1.0,1.0
bb42e52c-ee27bde3,0,0,0,0.25,0.25,0.25
bb437280-03a2bf81,0,0,0,0.25,0.25,0.25
bb43e180-96b21056,2,2,2,1.0,1.0,1.0
bb46a3b5-6fb47078,0,0,0,0.25,0.25,0.25
bb46f3cd-b72d2152,0,0,0,0.25,0.25,0.25
bb476629-bb31855e,0,0,0,0.25,0.25,0.25
bb48c235-d9aae9be,2,2,2,1.0,1.0,1.0
bb48e84b-6ae45e5f,1,1,1,0.5,0.5,0.5
bb49071c-4b99a704,1,1,1,0.5,0.5,0.5
bb49071c-b290d284,1,1,1,0.5,0.5,0.5
bb4935b0-e3fcded0,0,0,0,0.25,0.25,0.25
bb49532f-ae2b40d1,2,2,2,1.0,1.0,1.0
bb4ab21e-60851cf9,0,0,0,0.25,0.25,0.25
bb4abf02-01cd2796,1,1,1,0.5,0.5,0.5
bb4abf02-2651a845,1,1,1,0.5,0.5,0.5
bb4fca33-008f9178,1,1,1,0.5,0.5,0.5
bb4fca33-75125e31,1,1,1,0.5,0.5,0.5
bb52662e-0257c8b3,1,1,1,0.5,0.5,0.5
bb53a532-a6465a0b,2,2,2,1.0,1.0,1.0
bb541ef2-1c0906c0,0,0,0,0.25,0.25,0.25
bb55f0e2-e5501b3c,2,2,2,1.0,1.0,1.0
bb5620b4-1b9fa58e,0,0,0,0.25,0.25,0.25
bb576239-017d1d62,0,0,0,0.25,0.25,0.25
bb57d41c-506beec8,1,1,1,0.5,0.5,0.5
bb599cda-d1fdd751,0,0,0,0.25,0.25,0.25
bb5a3238-ab2ba223,2,2,2,1.0,1.0,1.0
bb5cc516-235bb167,1,1,1,0.5,0.5,0.5
bb5cc516-3ac130c2,0,0,0,0.25,0.25,0.25
bb5cc516-c0b64937,2,2,2,1.0,1.0,1.0
bb5cc516-c98d1fbe,0,0,0,0.25,0.25,0.25
bb5cc516-eb91e8c8,1,1,1,0.5,0.5,0.5
bb5d0b6a-99b062c6,1,1,1,0.5,0.5,0.5
bb61c2ee-35ca0081,1,1,1,0.5,0.5,0.5
bb6264e8-08299561,2,2,2,1.0,1.0,1.0
bb6264e8-a591635c,0,0,0,0.25,0.25,0.25
bb6264e8-e8dfd14d,0,0,0,0.25,0.25,0.25
bb627372-de7438d2,0,0,0,0.25,0.25,0.25
bb6292eb-0a9cbd38,0,0,0,0.25,0.25,0.25
bb6292eb-90b37ce9,0,0,0,0.25,0.25,0.25
bb6292eb-cfbccc0b,0,0,0,0.25,0.25,0.25
bb655f15-825903ad,0,0,0,0.25,0.25,0.25
bb6575eb-90478df6,2,2,2,1.0,1.0,1.0
bb6590aa-7a73c07e,1,1,1,0.5,0.5,0.5
bb6643fa-a2b42d16,0,0,0,0.25,0.25,0.25
bb69d2b0-fc67c3d9,2,2,2,1.0,1.0,1.0
bb6ad474-86b26884,0,0,0,0.25,0.25,0.25
bb6b9678-771c7e62,0,0,0,0.25,0.25,0.25
bb6e6241-1fdd0e57,0,0,0,0.25,0.25,0.25
bb6e9fc4-35369ff6,0,0,0,0.25,0.25,0.25
bb6f381e-02e9cc6b,1,1,1,0.5,0.5,0.5
bb6fb6cd-6f571799,2,2,2,1.0,1.0,1.0
bb71ba86-3204e97e,2,2,2,1.0,1.0,1.0
bb725082-6cfb3269,0,0,0,0.25,0.25,0.25
bb72d33c-aa1919f1,0,0,0,0.25,0.25,0.25
bb7444d5-e76820f4,2,2,2,1.0,1.0,1.0
bb74d006-0aad91f1,1,1,1,0.5,0.5,0.5
bb76958b-e0a8bc7a,0,0,0,0.25,0.25,0.25
bb7696a2-4c117c92,1,1,1,0.5,0.5,0.5
bb769d08-290df018,0,0,0,0.25,0.25,0.25
bb76a219-47562e4c,0,0,0,0.25,0.25,0.25
bb76c63a-586a2668,1,1,1,0.5,0.5,0.5
bb76c63a-f232154d,0,0,0,0.25,0.25,0.25
bb7792f1-83be8b82,0,0,0,0.25,0.25,0.25
bb7792f1-e7ef3677,0,0,0,0.25,0.25,0.25
bb77aa36-6aeefd56,2,2,2,1.0,1.0,1.0
bb78624a-098bd29a,0,0,0,0.25,0.25,0.25
bb78624a-907eb4f3,2,2,2,1.0,1.0,1.0
bb78fe06-3994d745,0,0,0,0.25,0.25,0.25
bb793416-9423221d,0,0,0,0.25,0.25,0.25
bb799f71-b5357135,2,2,2,1.0,1.0,1.0
bb799f71-b76b80fc,1,1,1,0.5,0.5,0.5
bb7be34b-0d28c0d9,1,1,1,0.5,0.5,0.5
bb7cffc0-5a54a6d9,1,1,1,0.5,0.5,0.5
bb7e324a-0517fdbe,0,0,0,0.25,0.25,0.25
bb7fcbb9-cef5777d,2,2,2,1.0,1.0,1.0
bb7fd291-10af39c3,1,1,1,0.5,0.5,0.5
bb7fd291-bf28c0b5,1,1,1,0.5,0.5,0.5
bb80de49-c7d12d6a,0,0,0,0.25,0.25,0.25
bb81a7a9-4469e43e,1,1,1,0.5,0.5,0.5
bb820c34-c959c253,1,1,1,0.5,0.5,0.5
bb848f84-44cbc584,2,2,2,1.0,1.0,1.0
bb856696-8aa6a20a,1,1,1,0.5,0.5,0.5
bb890202-d9d48310,2,2,2,1.0,1.0,1.0
bb8a6035-7229656b,2,2,2,1.0,1.0,1.0
bb8b844a-ed14e8b9,0,0,0,0.25,0.25,0.25
bb8d2c06-e1a6a306,1,1,1,0.5,0.5,0.5
bb8dba97-1be28493,2,2,2,1.0,1.0,1.0
bb8dba97-2560a871,0,0,0,0.25,0.25,0.25
bb8dba97-3537805c,0,0,0,0.25,0.25,0.25
bb8dba97-50af5a1e,0,0,0,0.25,0.25,0.25
bb8dba97-5eb6b6b5,1,1,1,0.5,0.5,0.5
bb8dba97-90b88fdf,0,0,0,0.25,0.25,0.25
bb8dba97-9f4540b7,0,0,0,0.25,0.25,0.25
bb8dba97-b6abbfb0,1,1,1,0.5,0.5,0.5
bb8dba97-bfa8dcd2,1,1,1,0.5,0.5,0.5
bb8dba97-c7ec77a3,1,1,1,0.5,0.5,0.5
bb8debd8-33cabcd9,0,0,0,0.25,0.25,0.25
bb8debd8-5eb5bcfa,2,2,2,1.0,1.0,1.0
bb8debd8-700f312a,1,1,1,0.5,0.5,0.5
bb8e2033-6c418fc7,2,2,2,1.0,1.0,1.0
bb8e2033-cef919f8,0,0,0,0.25,0.25,0.25
bb8e2033-cfd64d62,1,1,1,0.5,0.5,0.5
bb8f6c9a-3900261c,2,2,2,1.0,1.0,1.0
bb8f6c9a-690cfda6,1,1,1,0.5,0.5,0.5
bb8f6c9a-9be5142a,0,0,0,0.25,0.25,0.25
bb8f6c9a-e2c6dc5a,2,2,2,1.0,1.0,1.0
bb9071ac-46abc696,0,0,0,0.25,0.25,0.25
bb9071ac-4a15cb23,1,1,1,0.5,0.5,0.5
bb9071ac-4b105539,0,0,0,0.25,0.25,0.25
bb9071ac-4ee8ed8c,0,0,0,0.25,0.25,0.25
bb9071ac-6b111ce9,1,1,1,0.5,0.5,0.5
bb9071ac-8e2bc8fe,1,1,1,0.5,0.5,0.5
bb9071ac-9f4af9b1,0,0,0,0.25,0.25,0.25
bb9071ac-eb6e330c,1,1,1,0.5,0.5,0.5
bb919332-5e30df54,1,1,1,0.5,0.5,0.5
bb919332-8ea8b53f,1,1,1,0.5,0.5,0.5
bb92ddee-aea40f05,0,0,0,0.25,0.25,0.25
bb94c68a-4e6236bc,0,0,0,0.25,0.25,0.25
bb94c68a-820fd793,1,1,1,0.5,0.5,0.5
bb94d14a-39633f6b,0,0,0,0.25,0.25,0.25
bb95526b-7123f6e0,0,0,0,0.25,0.25,0.25
bb95526b-ceac3ace,0,0,0,0.25,0.25,0.25
bb9712ba-8ec90d89,0,0,0,0.25,0.25,0.25
bb974084-83d5efd3,0,0,0,0.25,0.25,0.25
bb974084-c0e23420,0,0,0,0.25,0.25,0.25
bb97c366-2adf3cdc,0,0,0,0.25,0.25,0.25
bb97c366-7664643f,1,1,1,0.5,0.5,0.5
bb99539a-4fd21cfa,1,1,1,0.5,0.5,0.5
bb99a578-c060f56f,1,1,1,0.5,0.5,0.5
bb99dc60-942f3785,0,0,0,0.25,0.25,0.25
bb9a0374-e9c6de20,0,0,0,0.25,0.25,0.25
bb9a3460-97d249c3,1,1,1,0.5,0.5,0.5
bb9bd0cf-56fce493,1,1,1,0.5,0.5,0.5
bb9c9020-21673e60,0,0,0,0.25,0.25,0.25
bb9d32ae-a1246a1e,2,2,2,1.0,1.0,1.0
bb9d32ae-e5859cbf,1,1,1,0.5,0.5,0.5
bb9d3fc8-c2a034bd,0,0,0,0.25,0.25,0.25
bb9d4d12-6cc166e9,2,2,2,1.0,1.0,1.0
bb9e60a8-3a61f409,0,0,0,0.25,0.25,0.25
bb9e9d40-1d4d54db,0,0,0,0.25,0.25,0.25
bb9e9d40-886fb5e0,1,1,1,0.5,0.5,0.5
bb9f3476-4fc600dc,0,0,0,0.25,0.25,0.25
bb9f45f3-e6fb2c1f,1,1,1,0.5,0.5,0.5
bb9f498e-5ea84006,0,0,0,0.25,0.25,0.25
bb9f498e-62cc407e,0,0,0,0.25,0.25,0.25
bb9fb09f-c2a5e3d5,0,0,0,0.25,0.25,0.25
bb9fbfbe-f18bd5e5,2,2,2,1.0,1.0,1.0
bba066cf-355f858a,0,0,0,0.25,0.25,0.25
bba322fa-9479b922,0,0,0,0.25,0.25,0.25
bba45236-0fffd225,0,0,0,0.25,0.25,0.25
bba45236-90850465,1,1,1,0.5,0.5,0.5
bba4ee51-12cbf4ff,2,2,2,1.0,1.0,1.0
bba4ee51-3badc9f8,0,0,0,0.25,0.25,0.25
bba4ee51-616d23a7,0,0,0,0.25,0.25,0.25
bba4fd9f-9e4fce7a,0,0,0,0.25,0.25,0.25
bba686c2-056961ec,0,0,0,0.25,0.25,0.25
bba686c2-2e7b039d,0,0,0,0.25,0.25,0.25
bba6b17c-417567f2,2,2,2,1.0,1.0,1.0
bba7999b-5dc320b4,1,1,1,0.5,0.5,0.5
bba7d3fc-86ab3822,2,2,2,1.0,1.0,1.0
bba94727-03cd03e0,1,1,1,0.5,0.5,0.5
bba9d58b-18c62a06,0,0,0,0.25,0.25,0.25
bba9d58b-afdc737b,1,1,1,0.5,0.5,0.5
bbac8de0-3e6d9391,1,1,1,0.5,0.5,0.5
bbac8de0-997098ef,0,0,0,0.25,0.25,0.25
bbacbe02-4299b6a9,0,0,0,0.25,0.25,0.25
bbadf190-864c9a43,2,2,2,1.0,1.0,1.0
bbaf1cf2-5c7315e0,1,1,1,0.5,0.5,0.5
bbaf54a0-217653b8,0,0,0,0.25,0.25,0.25
bbb01fbb-f2064005,0,0,0,0.25,0.25,0.25
bbb08020-5a72fc33,0,0,0,0.25,0.25,0.25
bbb1289a-a3fbe37f,0,0,0,0.25,0.25,0.25
bbb1289a-b49fe5de,0,0,0,0.25,0.25,0.25
bbb2487c-578aa473,0,0,0,0.25,0.25,0.25
bbb25499-f602899d,1,1,1,0.5,0.5,0.5
bbb28508-bd7a8e64,0,0,0,0.25,0.25,0.25
bbb28508-c109f395,1,1,1,0.5,0.5,0.5
bbb458ab-6cd36285,0,0,0,0.25,0.25,0.25
bbb46475-1bfc3090,0,0,0,0.25,0.25,0.25
bbb46ace-1e415c05,0,0,0,0.25,0.25,0.25
bbb46ace-fd1c3344,2,2,2,1.0,1.0,1.0
bbb5073b-401c9a78,0,0,0,0.25,0.25,0.25
bbb7bb8e-85124fbf,0,0,0,0.25,0.25,0.25
bbbe5a28-c070f32d,1,1,1,0.5,0.5,0.5
bbbf73f0-bd9c9571,2,2,2,1.0,1.0,1.0
bbbffbd6-e260a6c2,0,0,0,0.25,0.25,0.25
bbc06e30-11e26c79,1,1,1,0.5,0.5,0.5
bbc06e30-134b08d2,1,1,1,0.5,0.5,0.5
bbc06e30-258b4f53,0,0,0,0.25,0.25,0.25
bbc06e30-271b20d7,1,1,1,0.5,0.5,0.5
bbc06e30-287249d4,0,0,0,0.25,0.25,0.25
bbc06e30-2dc7912c,1,1,1,0.5,0.5,0.5
bbc06e30-64bcf017,2,2,2,1.0,1.0,1.0
bbc06e30-9f5efff2,0,0,0,0.25,0.25,0.25
bbc06e30-aa1ed8ea,0,0,0,0.25,0.25,0.25
bbc06e30-ab6674c8,0,0,0,0.25,0.25,0.25
bbc06e30-aba95b88,1,1,1,0.5,0.5,0.5
bbc06e30-c51fe677,2,2,2,1.0,1.0,1.0
bbc06e30-cc607874,2,2,2,1.0,1.0,1.0
bbc06e30-d687d6f0,1,1,1,0.5,0.5,0.5
bbc0f7ea-2bceb55e,1,1,1,0.5,0.5,0.5
bbc0f7ea-3435af88,2,2,2,1.0,1.0,1.0
bbc0f7ea-39a32393,0,0,0,0.25,0.25,0.25
bbc0f7ea-77bee0c4,2,2,2,1.0,1.0,1.0
bbc0f7ea-8623a974,0,0,0,0.25,0.25,0.25
bbc19191-6e9a792b,2,2,2,1.0,1.0,1.0
bbc19191-fb681730,2,2,2,1.0,1.0,1.0
bbc19c5e-51fd9cc0,0,0,0,0.25,0.25,0.25
bbc2fba6-22f48e9a,1,1,1,0.5,0.5,0.5
bbc357f2-ddaa5e79,1,1,1,0.5,0.5,0.5
bbc46835-58ccfd96,2,2,2,1.0,1.0,1.0
bbc4e74d-7ae9336b,1,1,1,0.5,0.5,0.5
bbc64a91-4df79c20,1,1,1,0.5,0.5,0.5
bbc64a91-b3bf5a63,2,2,2,1.0,1.0,1.0
bbc755d2-7719fa91,1,1,1,0.5,0.5,0.5
bbc755d2-e35a6b06,0,0,0,0.25,0.25,0.25
bbc9db98-2a592de3,1,1,1,0.5,0.5,0.5
bbc9db98-4a7fb607,1,1,1,0.5,0.5,0.5
bbc9ec36-8e63f11e,1,1,1,0.5,0.5,0.5
bbcd82d7-0528d099,0,0,0,0.25,0.25,0.25
bbcd82d7-522d7b83,0,0,0,0.25,0.25,0.25
bbcdfc12-745c6e19,1,1,1,0.5,0.5,0.5
bbcdfc12-87ca1f44,0,0,0,0.25,0.25,0.25
bbce4e17-9ff136be,0,0,0,0.25,0.25,0.25
bbce5b2c-df2c682b,2,2,2,1.0,1.0,1.0
bbcf4d70-162ec709,0,0,0,0.25,0.25,0.25
bbcf6d54-2e46ed62,2,2,2,1.0,1.0,1.0
bbcf6d54-4923f0f0,1,1,1,0.5,0.5,0.5
bbcf6d54-580e2911,0,0,0,0.25,0.25,0.25
bbcf6d54-9e66bc23,2,2,2,1.0,1.0,1.0
bbcf6d54-a28d17b9,0,0,0,0.25,0.25,0.25
bbcf6d54-cccd1867,2,2,2,1.0,1.0,1.0
bbcf6d54-e39b0c22,0,0,0,0.25,0.25,0.25
bbd03dac-457dcb31,0,0,0,0.25,0.25,0.25
bbd20d96-3f8c363a,1,1,1,0.5,0.5,0.5
bbd5188d-1a9b5ef0,0,0,0,0.25,0.25,0.25
bbd5188d-894df529,1,1,1,0.5,0.5,0.5
bbd5188d-91d0926f,0,0,0,0.25,0.25,0.25
bbd5285a-a92367c9,1,1,1,0.5,0.5,0.5
bbd5b9b2-5d171163,0,0,0,0.25,0.25,0.25
bbd6019b-2c9ea14f,2,2,2,1.0,1.0,1.0
bbd63d3e-5e1ed924,1,1,1,0.5,0.5,0.5
bbda6802-894aa456,2,2,2,1.0,1.0,1.0
bbdad86e-abcab1f8,0,0,0,0.25,0.25,0.25
bbdb533c-9863d46e,0,0,0,0.25,0.25,0.25
bbddd5fa-1fb3ae4e,1,1,1,0.5,0.5,0.5
bbde8dba-93d1eb1f,1,1,1,0.5,0.5,0.5
bbdfa37f-03ac6f5e,0,0,0,0.25,0.25,0.25
bbdfa37f-a37db6bd,1,1,1,0.5,0.5,0.5
bbe207fc-8ab7e608,2,2,2,1.0,1.0,1.0
bbe207fc-bee772a7,1,1,1,0.5,0.5,0.5
bbe207fc-d52c3f26,1,1,1,0.5,0.5,0.5
bbe207fc-fc226573,0,0,0,0.25,0.25,0.25
bbe207fc-fdb1b49f,0,0,0,0.25,0.25,0.25
bbe2ac68-e15af654,0,0,0,0.25,0.25,0.25
bbe4ec31-2932af48,0,0,0,0.25,0.25,0.25
bbe57528-3722fc17,1,1,1,0.5,0.5,0.5
bbe7c596-88457d26,1,1,1,0.5,0.5,0.5
bbe7c7e2-0d1dac56,1,1,1,0.5,0.5,0.5
bbe7c7e2-ac32659a,0,0,0,0.25,0.25,0.25
bbe88e6d-c0e7b375,1,1,1,0.5,0.5,0.5
bbe91656-17f3e492,1,1,1,0.5,0.5,0.5
bbe91656-3ca9f506,1,1,1,0.5,0.5,0.5
bbe95ad4-1df76d9d,1,1,1,0.5,0.5,0.5
bbe95ad4-8870089d,0,0,0,0.25,0.25,0.25
bbea4013-25cf6227,0,0,0,0.25,0.25,0.25
bbebc8cb-5ff7981f,1,1,1,0.5,0.5,0.5
bbebc8cb-c0c59383,0,0,0,0.25,0.25,0.25
bbec733f-32b81849,2,2,2,1.0,1.0,1.0
bbec733f-f92d5a38,1,1,1,0.5,0.5,0.5
bbecbb69-bd7c745a,2,2,2,1.0,1.0,1.0
bbeefd23-dbf4d60e,0,0,0,0.25,0.25,0.25
bbef1eae-960724af,2,2,2,1.0,1.0,1.0
bbef1eae-ab6f884c,0,0,0,0.25,0.25,0.25
bbef1eae-c59b44b1,1,1,1,0.5,0.5,0.5
bbefae56-1d886e4e,1,1,1,0.5,0.5,0.5
bbf0f5d7-e849d5f5,1,1,1,0.5,0.5,0.5
bbf0f5d7-ea2f1cc3,2,2,2,1.0,1.0,1.0
bbf29c70-20e48f5b,1,1,1,0.5,0.5,0.5
bbf2ad0f-5458cb78,1,1,1,0.5,0.5,0.5
bbf2bd83-1f5c87da,0,0,0,0.25,0.25,0.25
bbf2bd83-750c3f46,0,0,0,0.25,0.25,0.25
bbf2bd83-99456c75,0,0,0,0.25,0.25,0.25
bbf2bd83-b7d61805,0,0,0,0.25,0.25,0.25
bbf2bd83-fb721687,1,1,1,0.5,0.5,0.5
bbf2c809-5fe910e9,2,2,2,1.0,1.0,1.0
bbf2c809-6d93ddf1,1,1,1,0.5,0.5,0.5
bbf38397-6c3d4ef5,2,2,2,1.0,1.0,1.0
bbf3d83d-1a478458,2,2,2,1.0,1.0,1.0
bbf3d83d-332ac457,1,1,1,0.5,0.5,0.5
bbf3d83d-d6265b06,0,0,0,0.25,0.25,0.25
bbf3d83d-f15c5dd8,0,0,0,0.25,0.25,0.25
bbf48d08-b6a11dd8,2,2,2,1.0,1.0,1.0
bbf48d08-f32427fa,0,0,0,0.25,0.25,0.25
bbf5747b-35f769d6,2,2,2,1.0,1.0,1.0
bbf69eae-71b25b22,0,0,0,0.25,0.25,0.25
bbf6edef-5d90487a,0,0,0,0.25,0.25,0.25
bbf7e280-19aed161,1,1,1,0.5,0.5,0.5
bbf7e280-5abb97f2,1,1,1,0.5,0.5,0.5
bbf7e280-e5ccb014,0,0,0,0.25,0.25,0.25
bbf86f8f-87b564dc,0,0,0,0.25,0.25,0.25
bbf8af11-a27cc76f,2,2,2,1.0,1.0,1.0
bbfa7b2b-9c71f471,2,2,2,1.0,1.0,1.0
bbfc1b2e-43566392,2,2,2,1.0,1.0,1.0
bbfcd002-865258a4,2,2,2,1.0,1.0,1.0
bbfcd002-f8531a65,0,0,0,0.25,0.25,0.25
bbfe3b4f-354e4430,0,0,0,0.25,0.25,0.25
bbfe3b4f-5137ff9f,0,0,0,0.25,0.25,0.25
bbfe3b4f-71b57b40,2,2,2,1.0,1.0,1.0
bbff5146-286eae73,1,1,1,0.5,0.5,0.5
bbff5146-4b928b85,0,0,0,0.25,0.25,0.25
bbff5146-6ab95f34,1,1,1,0.5,0.5,0.5
bbff5146-d503a17e,0,0,0,0.25,0.25,0.25
bc013163-09158f28,1,1,1,0.5,0.5,0.5
bc053dc7-55612a00,1,1,1,0.5,0.5,0.5
bc053dc7-b7da4689,1,1,1,0.5,0.5,0.5
bc053dc7-f2d3aa91,0,0,0,0.25,0.25,0.25
bc05c126-3c1f8300,2,2,2,1.0,1.0,1.0
bc05c126-b5aff837,0,0,0,0.25,0.25,0.25
bc05c126-d00aeb9c,0,0,0,0.25,0.25,0.25
bc05da8e-e0eda9bd,1,1,1,0.5,0.5,0.5
bc07bbae-a3783fe4,0,0,0,0.25,0.25,0.25
bc07d865-43cc5bfc,2,2,2,1.0,1.0,1.0
bc07d865-b2971089,0,0,0,0.25,0.25,0.25
bc07d865-f526e4d9,0,0,0,0.25,0.25,0.25
bc082805-7738f543,0,0,0,0.25,0.25,0.25
bc0932fb-416a9475,2,2,2,1.0,1.0,1.0
bc0932fb-f2731c60,1,1,1,0.5,0.5,0.5
bc0e1045-7a8d0c04,0,0,0,0.25,0.25,0.25
bc0e43fd-10fc4231,0,0,0,0.25,0.25,0.25
bc101f0f-2bd5f9ec,0,0,0,0.25,0.25,0.25
bc101f0f-6b6d71e7,2,2,2,1.0,1.0,1.0
bc101f0f-6efce9bc,1,1,1,0.5,0.5,0.5
bc101f0f-7607f480,2,2,2,1.0,1.0,1.0
bc11304f-da51cfda,0,0,0,0.25,0.25,0.25
bc140c47-28089dad,0,0,0,0.25,0.25,0.25
bc140c47-76775eb4,1,1,1,0.5,0.5,0.5
bc140c47-7caca472,2,2,2,1.0,1.0,1.0
bc14daff-30e5ade2,0,0,0,0.25,0.25,0.25
bc14daff-59f11746,0,0,0,0.25,0.25,0.25
bc16f8e9-7d69afdb,1,1,1,0.5,0.5,0.5
bc16f8e9-930d98ee,1,1,1,0.5,0.5,0.5
bc16f8e9-b5faca03,2,2,2,1.0,1.0,1.0
bc171ee0-b1f4fca6,0,0,0,0.25,0.25,0.25
bc18b981-f4361b9d,0,0,0,0.25,0.25,0.25
bc197c3b-458c6a12,2,2,2,1.0,1.0,1.0
bc197c3b-6c5c377d,2,2,2,1.0,1.0,1.0
bc197c3b-9d39a36a,1,1,1,0.5,0.5,0.5
bc197c3b-fc1e2d41,0,0,0,0.25,0.25,0.25
bc19b631-363ccccc,1,1,1,0.5,0.5,0.5
bc19c993-2b635099,1,1,1,0.5,0.5,0.5
bc19c993-c0a0f85f,1,1,1,0.5,0.5,0.5
bc19c993-e257683c,0,0,0,0.25,0.25,0.25
bc1a4b69-ed3eed6e,0,0,0,0.25,0.25,0.25
bc1af7c9-f48843d6,1,1,1,0.5,0.5,0.5
bc1e4645-5c81c3c1,0,0,0,0.25,0.25,0.25
bc1e4645-76a7fd0e,0,0,0,0.25,0.25,0.25
bc1fe060-06feda96,0,0,0,0.25,0.25,0.25
bc201d0d-71877e7e,0,0,0,0.25,0.25,0.25
bc208c84-18481db5,0,0,0,0.25,0.25,0.25
bc214770-39035c6c,0,0,0,0.25,0.25,0.25
bc223780-c88ddd93,1,1,1,0.5,0.5,0.5
bc223780-e6658085,1,1,1,0.5,0.5,0.5
bc230811-8caf576d,2,2,2,1.0,1.0,1.0
bc24e2f5-286f9781,0,0,0,0.25,0.25,0.25
bc24e2f5-b39b7137,0,0,0,0.25,0.25,0.25
bc24f222-27a9e3d1,1,1,1,0.5,0.5,0.5
bc24f222-2acc4952,2,2,2,1.0,1.0,1.0
bc24f222-4fdb5e23,0,0,0,0.25,0.25,0.25
bc24f222-538f2ee5,0,0,0,0.25,0.25,0.25
bc24f222-dad76e37,0,0,0,0.25,0.25,0.25
bc24f222-f198b643,1,1,1,0.5,0.5,0.5
bc2552ff-c72260e0,0,0,0,0.25,0.25,0.25
bc25b12f-c0e0bf75,0,0,0,0.25,0.25,0.25
bc277e93-208f225f,0,0,0,0.25,0.25,0.25
bc280a80-42084620,1,1,1,0.5,0.5,0.5
bc29fd13-8d640e8a,2,2,2,1.0,1.0,1.0
bc2a1273-18d05a08,0,0,0,0.25,0.25,0.25
bc2a1273-31065eb2,0,0,0,0.25,0.25,0.25
bc2a1273-b863f5dd,0,0,0,0.25,0.25,0.25
bc2a3aa8-1dfd52d1,0,0,0,0.25,0.25,0.25
bc2a3aa8-65f56ef8,0,0,0,0.25,0.25,0.25
bc2de22a-b7c57049,2,2,2,1.0,1.0,1.0
bc2e185c-229fdd44,0,0,0,0.25,0.25,0.25
bc2e52cc-4270d2b7,0,0,0,0.25,0.25,0.25
bc2e52cc-cbd2ddae,0,0,0,0.25,0.25,0.25
bc308aee-322913df,1,1,1,0.5,0.5,0.5
bc308aee-b3a48c42,2,2,2,1.0,1.0,1.0
bc310129-634dbe96,0,0,0,0.25,0.25,0.25
bc31a829-278a9e0f,0,0,0,0.25,0.25,0.25
bc31a829-85e563f4,0,0,0,0.25,0.25,0.25
bc31a829-c73df3f7,0,0,0,0.25,0.25,0.25
bc31b583-be060375,0,0,0,0.25,0.25,0.25
bc325ce3-9cd329ba,1,1,1,0.5,0.5,0.5
bc328c1f-28b41b8d,1,1,1,0.5,0.5,0.5
bc33a49f-cd384f4a,1,1,1,0.5,0.5,0.5
bc35c318-8faf42b4,0,0,0,0.25,0.25,0.25
bc375490-55d90369,1,1,1,0.5,0.5,0.5
bc39bd15-d825bd1d,0,0,0,0.25,0.25,0.25
bc39d438-0d513b75,2,2,2,1.0,1.0,1.0
bc39d438-7a6fb2dc,0,0,0,0.25,0.25,0.25
bc3aa991-84d583c6,0,0,0,0.25,0.25,0.25
bc3c9f73-86d9b80c,0,0,0,0.25,0.25,0.25
bc3edef9-98053500,1,1,1,0.5,0.5,0.5
bc3edef9-bc5df407,2,2,2,1.0,1.0,1.0
bc3f2e88-543a7c3e,0,0,0,0.25,0.25,0.25
bc430537-56669f07,2,2,2,1.0,1.0,1.0
bc45ad96-42d305c5,1,1,1,0.5,0.5,0.5
bc46dc69-94e689ae,2,2,2,1.0,1.0,1.0
bc470fd9-1cbc318c,0,0,0,0.25,0.25,0.25
bc4712a2-1bb55ccc,2,2,2,1.0,1.0,1.0
bc4712a2-b5a5966b,0,0,0,0.25,0.25,0.25
bc4799bc-bc14f187,1,1,1,0.5,0.5,0.5
bc48608f-1d8fb508,2,2,2,1.0,1.0,1.0
bc4a16d5-a4cc1adf,0,0,0,0.25,0.25,0.25
bc4a16d5-cefa77b6,0,0,0,0.25,0.25,0.25
bc4b0294-c59cadbf,2,2,2,1.0,1.0,1.0
bc4c31e2-f36ad7e8,2,2,2,1.0,1.0,1.0
bc4fb79c-561bbfc5,2,2,2,1.0,1.0,1.0
bc574681-0a675ff3,0,0,0,0.25,0.25,0.25
bc574681-398fb5d1,1,1,1,0.5,0.5,0.5
bc574681-412ec1a0,2,2,2,1.0,1.0,1.0
bc574681-b63afd9b,0,0,0,0.25,0.25,0.25
bc5bcfab-07883191,1,1,1,0.5,0.5,0.5
bc5bcfab-23b275db,2,2,2,1.0,1.0,1.0
bc5bcfab-a639a82e,1,1,1,0.5,0.5,0.5
bc5bcfab-d233043b,1,1,1,0.5,0.5,0.5
bc5c87da-f8979312,0,0,0,0.25,0.25,0.25
bc5e32e9-73480461,2,2,2,1.0,1.0,1.0
bc5e32e9-9471ac2d,0,0,0,0.25,0.25,0.25
bc5e32e9-f71674c4,0,0,0,0.25,0.25,0.25
bc5f4677-58898054,0,0,0,0.25,0.25,0.25
bc5fa92b-97ad7b5d,0,0,0,0.25,0.25,0.25
bc5fadac-47398ddc,0,0,0,0.25,0.25,0.25
bc5fadac-790bcdec,0,0,0,0.25,0.25,0.25
bc5fadac-96776d48,1,1,1,0.5,0.5,0.5
bc5fadac-bc6d38cd,2,2,2,1.0,1.0,1.0
bc5fadac-fa6dd225,2,2,2,1.0,1.0,1.0
bc6091c9-30b92a47,0,0,0,0.25,0.25,0.25
bc6154a5-933918ac,2,2,2,1.0,1.0,1.0
bc619446-d2608304,0,0,0,0.25,0.25,0.25
bc621584-2e17dc3d,2,2,2,1.0,1.0,1.0
bc621584-f5b1895d,0,0,0,0.25,0.25,0.25
bc621584-fdabaa99,0,0,0,0.25,0.25,0.25
bc63cae9-0690f6dc,0,0,0,0.25,0.25,0.25
bc63cae9-937f8e06,1,1,1,0.5,0.5,0.5
bc63cae9-e06137d7,0,0,0,0.25,0.25,0.25
bc64dc6f-3693a933,1,1,1,0.5,0.5,0.5
bc64dc6f-f36a7b16,0,0,0,0.25,0.25,0.25
bc653df4-b0005237,0,0,0,0.25,0.25,0.25
bc66304a-d6caaab5,0,0,0,0.25,0.25,0.25
bc66fedc-6649b88c,1,1,1,0.5,0.5,0.5
bc67b362-fb6767aa,0,0,0,0.25,0.25,0.25
bc67ddf0-874dcf8d,0,0,0,0.25,0.25,0.25
bc692855-0e184c98,2,2,2,1.0,1.0,1.0
bc692855-56d61af4,0,0,0,0.25,0.25,0.25
bc692855-7c087cf6,0,0,0,0.25,0.25,0.25
bc692855-9a7e7c65,2,2,2,1.0,1.0,1.0
bc692855-df958197,1,1,1,0.5,0.5,0.5
bc6a2a77-88414eb2,2,2,2,1.0,1.0,1.0
bc6a2a77-e9984397,1,1,1,0.5,0.5,0.5
bc6a6534-8b519e81,1,1,1,0.5,0.5,0.5
bc6a6534-e950719c,0,0,0,0.25,0.25,0.25
bc6da5d0-7ad70fbc,1,1,1,0.5,0.5,0.5
bc6dd79a-5dbc7538,1,1,1,0.5,0.5,0.5
bc6dd79a-72832b74,0,0,0,0.25,0.25,0.25
bc6dd79a-fa684758,1,1,1,0.5,0.5,0.5
bc709acb-5b7fbd2f,0,0,0,0.25,0.25,0.25
bc715fc7-41291987,1,1,1,0.5,0.5,0.5
bc715fc7-70c49d0a,0,0,0,0.25,0.25,0.25
bc715fc7-87a29be4,2,2,2,1.0,1.0,1.0
bc715fc7-fab6edbb,2,2,2,1.0,1.0,1.0
bc72e27e-3c6f35f0,2,2,2,1.0,1.0,1.0
bc7325ea-2146b9aa,1,1,1,0.5,0.5,0.5
bc79227e-0a58fb1d,0,0,0,0.25,0.25,0.25
bc79227e-28da8a63,1,1,1,0.5,0.5,0.5
bc79227e-51c8d967,1,1,1,0.5,0.5,0.5
bc7a0adc-260a111d,0,0,0,0.25,0.25,0.25
bc7a0adc-b360c4b1,0,0,0,0.25,0.25,0.25
bc7a0adc-caf8512c,1,1,1,0.5,0.5,0.5
bc7a7a1f-45a47a4a,2,2,2,1.0,1.0,1.0
bc7a7a1f-4d88e416,0,0,0,0.25,0.25,0.25
bc7a7a1f-4e38c1f5,2,2,2,1.0,1.0,1.0
bc7a7a1f-64c449cc,0,0,0,0.25,0.25,0.25
bc7a7a1f-dbeb9406,0,0,0,0.25,0.25,0.25
bc7b78f1-bdbc2b5a,1,1,1,0.5,0.5,0.5
bc7bc1e5-2c8a6abe,1,1,1,0.5,0.5,0.5
bc7bc1e5-b3223500,2,2,2,1.0,1.0,1.0
bc7c168c-18b8cc31,0,0,0,0.25,0.25,0.25
bc7caf3c-da14eed9,0,0,0,0.25,0.25,0.25
bc7cbf85-1a484d84,0,0,0,0.25,0.25,0.25
bc7cbf85-6f37fbdf,0,0,0,0.25,0.25,0.25
bc7cbf85-85f4301c,2,2,2,1.0,1.0,1.0
bc7e7e2c-1714d279,0,0,0,0.25,0.25,0.25
bc7e7e2c-3f42fbae,2,2,2,1.0,1.0,1.0
bc7e7e2c-6388153c,1,1,1,0.5,0.5,0.5
bc7e80ed-0011e5a7,0,0,0,0.25,0.25,0.25
bc80bb96-eca9a0d6,1,1,1,0.5,0.5,0.5
bc80e6a7-46e7ab16,2,2,2,1.0,1.0,1.0
bc80e6a7-5df6e500,0,0,0,0.25,0.25,0.25
bc80e6a7-6cd79aeb,1,1,1,0.5,0.5,0.5
bc80e6a7-aafb7124,0,0,0,0.25,0.25,0.25
bc83797e-8a4b2d6a,1,1,1,0.5,0.5,0.5
bc886b45-3b6d2883,0,0,0,0.25,0.25,0.25
bc886d37-5b22c313,2,2,2,1.0,1.0,1.0
bc88c0cd-a78224ad,1,1,1,0.5,0.5,0.5
bc88fd46-45149809,0,0,0,0.25,0.25,0.25
bc88fd46-c20f2648,0,0,0,0.25,0.25,0.25
bc896c2e-27a21506,1,1,1,0.5,0.5,0.5
bc896c2e-7b08a3ee,1,1,1,0.5,0.5,0.5
bc8c555a-5f402650,1,1,1,0.5,0.5,0.5
bc8cb926-c12df6cb,2,2,2,1.0,1.0,1.0
bc8ccccd-bbc93b76,0,0,0,0.25,0.25,0.25
bc8e038e-dc636bde,1,1,1,0.5,0.5,0.5
bc8e1605-4005ee7e,0,0,0,0.25,0.25,0.25
bc8e1605-5c57e4b3,1,1,1,0.5,0.5,0.5
bc8f34d9-84c7849d,0,0,0,0.25,0.25,0.25
bc8f58aa-05037d38,1,1,1,0.5,0.5,0.5
bc915645-a19e009d,1,1,1,0.5,0.5,0.5
bc92a87d-9d40035e,0,0,0,0.25,0.25,0.25
bc92a87d-aaafd269,1,1,1,0.5,0.5,0.5
bc92c1d7-b310d9e8,1,1,1,0.5,0.5,0.5
bc92f518-fa316e88,0,0,0,0.25,0.25,0.25
bc97328c-1869fa3c,2,2,2,1.0,1.0,1.0
bc97328c-8b9ba7ab,0,0,0,0.25,0.25,0.25
bc978e82-e82eee23,0,0,0,0.25,0.25,0.25
bc9880e2-42c6aaac,0,0,0,0.25,0.25,0.25
bc990749-20748014,0,0,0,0.25,0.25,0.25
bc9b5bfb-51ebcf39,0,0,0,0.25,0.25,0.25
bc9cce42-b4577861,0,0,0,0.25,0.25,0.25
bc9da78f-b423cd9a,1,1,1,0.5,0.5,0.5
bc9df0ab-6113c685,1,1,1,0.5,0.5,0.5
bc9df0ab-9ab2350c,2,2,2,1.0,1.0,1.0
bc9e1979-8b3e9fcc,1,1,1,0.5,0.5,0.5
bc9e1979-f1fb1692,2,2,2,1.0,1.0,1.0
bc9f07c9-31204bc9,1,1,1,0.5,0.5,0.5
bc9f07c9-895feb80,1,1,1,0.5,0.5,0.5
bc9f8a23-228d01e9,0,0,0,0.25,0.25,0.25
bc9fdda7-9f95011e,0,0,0,0.25,0.25,0.25
bc9fdda7-c7198a2e,2,2,2,1.0,1.0,1.0
bca10f4f-2deaf782,0,0,0,0.25,0.25,0.25
bca15e46-5d0a4a30,0,0,0,0.25,0.25,0.25
bca15e46-a3bc3b7a,0,0,0,0.25,0.25,0.25
bca15e46-df06e85a,1,1,1,0.5,0.5,0.5
bca15e46-ea057e87,2,2,2,1.0,1.0,1.0
bca1cbed-a81e3dba,1,1,1,0.5,0.5,0.5
bca1da7b-ddeeddb1,0,0,0,0.25,0.25,0.25
bca2410d-f8e930c3,0,0,0,0.25,0.25,0.25
bca28d76-e40b21eb,0,0,0,0.25,0.25,0.25
bca36352-0381818e,0,0,0,0.25,0.25,0.25
bca36352-5de70a3f,1,1,1,0.5,0.5,0.5
bca36352-acc82f86,0,0,0,0.25,0.25,0.25
bca3720a-3423755f,0,0,0,0.25,0.25,0.25
bca3720a-642376aa,1,1,1,0.5,0.5,0.5
bca3720a-72374014,0,0,0,0.25,0.25,0.25
bca3720a-79a8dc89,0,0,0,0.25,0.25,0.25
bca3720a-93049dc4,0,0,0,0.25,0.25,0.25
bca3720a-9c3aad8c,1,1,1,0.5,0.5,0.5
bca3720a-b4a6a4e4,2,2,2,1.0,1.0,1.0
bca3720a-d372b6ae,0,0,0,0.25,0.25,0.25
bca562b0-3ae25344,0,0,0,0.25,0.25,0.25
bca84cbc-1ce525d6,2,2,2,1.0,1.0,1.0
bca84cbc-800427b6,2,2,2,1.0,1.0,1.0
bcaa771b-5ace3b37,0,0,0,0.25,0.25,0.25
bcaa771b-806e4fcd,0,0,0,0.25,0.25,0.25
bcaa771b-a3595511,0,0,0,0.25,0.25,0.25
bcadb48c-9a41d823,2,2,2,1.0,1.0,1.0
bcadbe99-a0a27cdc,0,0,0,0.25,0.25,0.25
bcade6d5-430ff8e0,0,0,0,0.25,0.25,0.25
bcae6e67-059fedea,2,2,2,1.0,1.0,1.0
bcaf57de-8a71dbde,0,0,0,0.25,0.25,0.25
bcaf73c1-311f299e,0,0,0,0.25,0.25,0.25
bcaf73c1-3deecc6b,2,2,2,1.0,1.0,1.0
bcaf73c1-434e24ad,0,0,0,0.25,0.25,0.25
bcaf73c1-48814a50,0,0,0,0.25,0.25,0.25
bcaf73c1-64597611,1,1,1,0.5,0.5,0.5
bcaf73c1-6513f406,1,1,1,0.5,0.5,0.5
bcaf73c1-7b70b7bd,0,0,0,0.25,0.25,0.25
bcaf73c1-7be6ff05,0,0,0,0.25,0.25,0.25
bcaf73c1-7d7baab1,1,1,1,0.5,0.5,0.5
bcaf73c1-838a8ff1,0,0,0,0.25,0.25,0.25
bcaf73c1-9433521c,1,1,1,0.5,0.5,0.5
bcaf73c1-9c01f981,0,0,0,0.25,0.25,0.25
bcaf73c1-a0f73960,2,2,2,1.0,1.0,1.0
bcaf73c1-aaa1ce44,0,0,0,0.25,0.25,0.25
bcaf73c1-c58fee95,1,1,1,0.5,0.5,0.5
bcaf73c1-d16abb7a,1,1,1,0.5,0.5,0.5
bcaf73c1-d7002106,0,0,0,0.25,0.25,0.25
bcaf73c1-da948771,1,1,1,0.5,0.5,0.5
bcaf73c1-e0c7165a,1,1,1,0.5,0.5,0.5
bcaf73c1-f32b1d31,1,1,1,0.5,0.5,0.5
bcafa205-40fde1da,0,0,0,0.25,0.25,0.25
bcafa205-9648f156,0,0,0,0.25,0.25,0.25
bcb10424-fd2d3e21,2,2,2,1.0,1.0,1.0
bcb111bb-fed9e9ca,0,0,0,0.25,0.25,0.25
bcb2c6fd-05ee678b,1,1,1,0.5,0.5,0.5
bcb2c6fd-060efb1b,0,0,0,0.25,0.25,0.25
bcb2c6fd-094b605f,0,0,0,0.25,0.25,0.25
bcb2c6fd-4999b083,0,0,0,0.25,0.25,0.25
bcb356f6-520dd65c,1,1,1,0.5,0.5,0.5
bcb356f6-dc4b62fd,0,0,0,0.25,0.25,0.25
bcb3c18a-702288dc,2,2,2,1.0,1.0,1.0
bcb3c18a-fad48b76,1,1,1,0.5,0.5,0.5
bcb441fc-a88da923,1,1,1,0.5,0.5,0.5
bcbaa999-aeee8ed7,0,0,0,0.25,0.25,0.25
bcbab238-93cacd35,1,1,1,0.5,0.5,0.5
bcbab238-e79b7395,1,1,1,0.5,0.5,0.5
bcbb5180-96cfedbe,0,0,0,0.25,0.25,0.25
bcbb5f4d-93c5f35d,2,2,2,1.0,1.0,1.0
bcbbbb55-4245620b,1,1,1,0.5,0.5,0.5
bcbbfd82-1ca5bba1,2,2,2,1.0,1.0,1.0
bcbbfd82-add80c05,0,0,0,0.25,0.25,0.25
bcbbfd82-bcc937d0,1,1,1,0.5,0.5,0.5
bcbbfe2a-33e57bea,0,0,0,0.25,0.25,0.25
bcbbfe2a-49d953fb,0,0,0,0.25,0.25,0.25
bcbc98a8-5f8e6e4f,0,0,0,0.25,0.25,0.25
bcbc98a8-a22cb67b,1,1,1,0.5,0.5,0.5
bcbc98a8-c87dc426,1,1,1,0.5,0.5,0.5
bcbd5ef7-af0cef1a,1,1,1,0.5,0.5,0.5
bcbd66a2-50519d2b,0,0,0,0.25,0.25,0.25
bcbe3164-1af2bcb3,2,2,2,1.0,1.0,1.0
bcbf328d-953430de,1,1,1,0.5,0.5,0.5
bcbf4834-88a0b878,0,0,0,0.25,0.25,0.25
bcbf4834-ad592e12,0,0,0,0.25,0.25,0.25
bcbf4834-eed0f97c,2,2,2,1.0,1.0,1.0
bcbfab33-5add26c9,1,1,1,0.5,0.5,0.5
bcbfbfb8-297deca0,1,1,1,0.5,0.5,0.5
bcbfbfb8-5defbc12,1,1,1,0.5,0.5,0.5
bcc4efaf-023c2a93,0,0,0,0.25,0.25,0.25
bcc567b5-5d1fd0d6,0,0,0,0.25,0.25,0.25
bcc5eb03-0660b926,2,2,2,1.0,1.0,1.0
bcc844b0-22c90a40,0,0,0,0.25,0.25,0.25
bcc84a33-2b38c69f,2,2,2,1.0,1.0,1.0
bcc942dc-d64dc48f,0,0,0,0.25,0.25,0.25
bccad38e-0f5097a8,0,0,0,0.25,0.25,0.25
bccbf939-28a692c6,0,0,0,0.25,0.25,0.25
bccbf939-6f2751c6,2,2,2,1.0,1.0,1.0
bccd4f82-5c8f9f28,2,2,2,1.0,1.0,1.0
bcd02ab4-27b39461,1,1,1,0.5,0.5,0.5
bcd02ab4-440fd7e6,1,1,1,0.5,0.5,0.5
bcd02ab4-9a15965c,0,0,0,0.25,0.25,0.25
bcd02ab4-fc291124,0,0,0,0.25,0.25,0.25
bcd166b2-944298cd,1,1,1,0.5,0.5,0.5
bcd32109-8b0b1eef,2,2,2,1.0,1.0,1.0
bcd37eef-1b958ae3,1,1,1,0.5,0.5,0.5
bcd37eef-4eabe9f6,1,1,1,0.5,0.5,0.5
bcd53258-8754ded0,0,0,0,0.25,0.25,0.25
bcd596fa-74094968,0,0,0,0.25,0.25,0.25
bcd596fa-d4c78bb9,2,2,2,1.0,1.0,1.0
bcd8fde8-51118aa7,1,1,1,0.5,0.5,0.5
bcd900a7-02adf687,0,0,0,0.25,0.25,0.25
bcd9f474-7f12bf92,0,0,0,0.25,0.25,0.25
bcd9f474-c3a440b8,1,1,1,0.5,0.5,0.5
bcde71de-1bf86b19,1,1,1,0.5,0.5,0.5
bcde71de-211d8a7d,0,0,0,0.25,0.25,0.25
bcde71de-ac5c8c74,2,2,2,1.0,1.0,1.0
bcde71de-fcf3da5c,0,0,0,0.25,0.25,0.25
bcde8605-3775efc5,1,1,1,0.5,0.5,0.5
bce0262b-e0b48a31,1,1,1,0.5,0.5,0.5
bce05158-6821fc1f,0,0,0,0.25,0.25,0.25
bce0e6a5-b08b2906,1,1,1,0.5,0.5,0.5
bce107ec-cae593c8,2,2,2,1.0,1.0,1.0
bce15cb0-2d6aec27,0,0,0,0.25,0.25,0.25
bce1e185-c51123bb,0,0,0,0.25,0.25,0.25
bce1e185-db36dbdc,1,1,1,0.5,0.5,0.5
bce2038a-e0f8e4ba,2,2,2,1.0,1.0,1.0
bce30c65-fbfaa66a,0,0,0,0.25,0.25,0.25
bce62e5c-19d7f2ce,1,1,1,0.5,0.5,0.5
bce89210-5c5a9657,2,2,2,1.0,1.0,1.0
bce8d1ba-60984f07,0,0,0,0.25,0.25,0.25
bcea7303-e7f7d067,0,0,0,0.25,0.25,0.25
bcea7303-fc913f70,0,0,0,0.25,0.25,0.25
bceab139-bcc7b224,0,0,0,0.25,0.25,0.25
bcec9d23-1430d31c,2,2,2,1.0,1.0,1.0
bcec9d23-4e8e0704,1,1,1,0.5,0.5,0.5
bcecdb4d-825f09d4,2,2,2,1.0,1.0,1.0
bced42eb-0b9944b1,0,0,0,0.25,0.25,0.25
bced42eb-bfff2d8f,1,1,1,0.5,0.5,0.5
bceeedca-f0bf8606,0,0,0,0.25,0.25,0.25
bcef3e08-16df1f59,1,1,1,0.5,0.5,0.5
bcef3e08-801cf8bd,2,2,2,1.0,1.0,1.0
bcef3e08-9d61dcb5,1,1,1,0.5,0.5,0.5
bcef7536-5c2e5a49,1,1,1,0.5,0.5,0.5
bcf0401c-3f464d19,2,2,2,1.0,1.0,1.0
bcf483bd-153ab23c,0,0,0,0.25,0.25,0.25
bcf55067-920ad457,0,0,0,0.25,0.25,0.25
bcf55067-c58fe85b,2,2,2,1.0,1.0,1.0
bcf70f06-5bd41cdd,0,0,0,0.25,0.25,0.25
bcf7f6b9-8819dc29,2,2,2,1.0,1.0,1.0
bcf7f6b9-88bfed8f,1,1,1,0.5,0.5,0.5
bcf7f6b9-fc7c487f,2,2,2,1.0,1.0,1.0
bcf80398-cbb33b84,2,2,2,1.0,1.0,1.0
bcf8b229-8bcd6901,0,0,0,0.25,0.25,0.25
bcf9cd99-5a125838,0,0,0,0.25,0.25,0.25
bcfb58e2-8a7a1c9c,2,2,2,1.0,1.0,1.0
bcfc54ad-c713893a,0,0,0,0.25,0.25,0.25
bcfd6756-af532d4e,0,0,0,0.25,0.25,0.25
bcfdd6af-698c03e3,1,1,1,0.5,0.5,0.5
bcfdd6af-c3d0b55a,0,0,0,0.25,0.25,0.25
bd026bc5-1d80043b,1,1,1,0.5,0.5,0.5
bd026bc5-7d3bf0ef,0,0,0,0.25,0.25,0.25
bd026bc5-9418706c,0,0,0,0.25,0.25,0.25
bd0380e5-846f84bb,0,0,0,0.25,0.25,0.25
bd0380e5-8a498679,1,1,1,0.5,0.5,0.5
bd0380e5-bc2886de,0,0,0,0.25,0.25,0.25
bd0380e5-de0cc7cb,0,0,0,0.25,0.25,0.25
bd0550ce-ad1da2ed,1,1,1,0.5,0.5,0.5
bd056a69-676260f6,2,2,2,1.0,1.0,1.0
bd05c4b3-a22bd6c8,0,0,0,0.25,0.25,0.25
bd0829be-0bb0f1cb,2,2,2,1.0,1.0,1.0
bd0829be-8ed71976,0,0,0,0.25,0.25,0.25
bd0829be-ba790c09,0,0,0,0.25,0.25,0.25
bd08d471-cb9e4be6,2,2,2,1.0,1.0,1.0
bd0a1433-99c735e8,1,1,1,0.5,0.5,0.5
bd0b3e14-8b246958,1,1,1,0.5,0.5,0.5
bd0db9ed-cdca9422,1,1,1,0.5,0.5,0.5
bd115f00-0b9baf0b,2,2,2,1.0,1.0,1.0
bd121728-992c6e4f,0,0,0,0.25,0.25,0.25
bd137ab1-ab686c3d,2,2,2,1.0,1.0,1.0
bd138b54-7e85623f,0,0,0,0.25,0.25,0.25
bd1416c5-7de887bb,0,0,0,0.25,0.25,0.25
bd1416c5-e973335b,0,0,0,0.25,0.25,0.25
bd1493ce-0aa8dff9,0,0,0,0.25,0.25,0.25
bd1493ce-17a1f286,1,1,1,0.5,0.5,0.5
bd14a97d-cb209ed9,0,0,0,0.25,0.25,0.25
bd16d59f-bd4eedcd,1,1,1,0.5,0.5,0.5
bd16f675-095a9e20,2,2,2,1.0,1.0,1.0
bd17816c-ad66db63,1,1,1,0.5,0.5,0.5
bd1a890a-bfdbea88,1,1,1,0.5,0.5,0.5
bd1ae0c2-325d1820,0,0,0,0.25,0.25,0.25
bd1ae0c2-a649baaa,2,2,2,1.0,1.0,1.0
bd1ae0c2-dfbaafca,1,1,1,0.5,0.5,0.5
bd1b8b79-10f4b3af,1,1,1,0.5,0.5,0.5
bd1b8b79-16ecdafa,0,0,0,0.25,0.25,0.25
bd1b8b79-49b0729c,1,1,1,0.5,0.5,0.5
bd1b8b79-6a41406e,1,1,1,0.5,0.5,0.5
bd1b8b79-829e787f,0,0,0,0.25,0.25,0.25
bd1b8b79-b42eda04,0,0,0,0.25,0.25,0.25
bd1b8b79-ba219f33,0,0,0,0.25,0.25,0.25
bd1b8b79-eb8f047f,0,0,0,0.25,0.25,0.25
bd1bdca8-3cc740b7,0,0,0,0.25,0.25,0.25
bd1c6dd5-1534269e,0,0,0,0.25,0.25,0.25
bd1cf9f7-e0d0fcd9,1,1,1,0.5,0.5,0.5
bd1d310c-f5fb429f,0,0,0,0.25,0.25,0.25
bd1d6a81-01f9b2c4,1,1,1,0.5,0.5,0.5
bd1e4e5b-2a9ffc3f,1,1,1,0.5,0.5,0.5
bd1e4e5b-694e62a6,0,0,0,0.25,0.25,0.25
bd1e4e5b-cefe603f,2,2,2,1.0,1.0,1.0
bd1e9944-4fd7ac70,1,1,1,0.5,0.5,0.5
bd204fcd-75ab6967,2,2,2,1.0,1.0,1.0
bd21d7a7-85941f4d,0,0,0,0.25,0.25,0.25
bd22225e-3eeb6fda,0,0,0,0.25,0.25,0.25
bd22225e-664f20be,0,0,0,0.25,0.25,0.25
bd239c09-07398e07,1,1,1,0.5,0.5,0.5
bd239c09-f3112785,2,2,2,1.0,1.0,1.0
bd2646a4-977c94a5,1,1,1,0.5,0.5,0.5
bd28ebc2-4de19d20,1,1,1,0.5,0.5,0.5
bd290539-038f7b75,0,0,0,0.25,0.25,0.25
bd290539-e1efc276,1,1,1,0.5,0.5,0.5
bd290539-e7fe47b4,1,1,1,0.5,0.5,0.5
bd2cad94-ee63e010,0,0,0,0.25,0.25,0.25
bd2dfe52-a557f832,2,2,2,1.0,1.0,1.0
bd2fd996-71e2a020,1,1,1,0.5,0.5,0.5
bd2fd996-9d659d30,0,0,0,0.25,0.25,0.25
bd31fb8b-28ae6a12,0,0,0,0.25,0.25,0.25
bd320d5f-f6fd0850,0,0,0,0.25,0.25,0.25
bd338426-4b27de63,2,2,2,1.0,1.0,1.0
bd338426-a0b4e877,0,0,0,0.25,0.25,0.25
bd34d992-8b08de8e,2,2,2,1.0,1.0,1.0
bd354e59-e5a9e8c6,1,1,1,0.5,0.5,0.5
bd355fcc-3c7a6e8f,0,0,0,0.25,0.25,0.25
bd355fcc-5054cb5f,0,0,0,0.25,0.25,0.25
bd355fcc-63dd68f2,0,0,0,0.25,0.25,0.25
bd355fcc-677a5dc3,0,0,0,0.25,0.25,0.25
bd355fcc-6e341b88,2,2,2,1.0,1.0,1.0
bd355fcc-866c64d7,2,2,2,1.0,1.0,1.0
bd355fcc-b2b25a24,0,0,0,0.25,0.25,0.25
bd355fcc-bbc127e0,1,1,1,0.5,0.5,0.5
bd355fcc-bbe3eda5,0,0,0,0.25,0.25,0.25
bd355fcc-be35dcf2,0,0,0,0.25,0.25,0.25
bd355fcc-c72ca547,2,2,2,1.0,1.0,1.0
bd355fcc-c7aa3ca3,0,0,0,0.25,0.25,0.25
bd355fcc-e43df88a,2,2,2,1.0,1.0,1.0
bd39c71a-5f45bcc3,2,2,2,1.0,1.0,1.0
bd3a9dfd-4b1dd476,1,1,1,0.5,0.5,0.5
bd3bd3ab-4c7b11e8,1,1,1,0.5,0.5,0.5
bd3bd3ab-79f6d287,0,0,0,0.25,0.25,0.25
bd3bd3ab-8e38f822,0,0,0,0.25,0.25,0.25
bd3bd3ab-95751d80,0,0,0,0.25,0.25,0.25
bd3bd3ab-c51f41b3,0,0,0,0.25,0.25,0.25
bd3bd3ab-cfd5b40e,2,2,2,1.0,1.0,1.0
bd3bd3ab-d7f3de9e,1,1,1,0.5,0.5,0.5
bd3bfd8d-733939c0,2,2,2,1.0,1.0,1.0
bd3c3916-579aeb09,2,2,2,1.0,1.0,1.0
bd3dc2ff-243f2c63,1,1,1,0.5,0.5,0.5
bd415d27-9b1d4637,1,1,1,0.5,0.5,0.5
bd422ce5-0045fc82,1,1,1,0.5,0.5,0.5
bd442c6f-16ff171d,2,2,2,1.0,1.0,1.0
bd442c6f-29611c5e,0,0,0,0.25,0.25,0.25
bd442c6f-d404189c,2,2,2,1.0,1.0,1.0
bd4518ef-21d8ee40,0,0,0,0.25,0.25,0.25
bd4518ef-be6a7922,0,0,0,0.25,0.25,0.25
bd4518ef-c38baa13,1,1,1,0.5,0.5,0.5
bd4518ef-d4c1fa7f,0,0,0,0.25,0.25,0.25
bd46953e-1bb2f914,0,0,0,0.25,0.25,0.25
bd46953e-3f51d76e,0,0,0,0.25,0.25,0.25
bd46bba0-2990928d,1,1,1,0.5,0.5,0.5
bd46bba0-926dc1db,0,0,0,0.25,0.25,0.25
bd46bba0-fadf1d6d,2,2,2,1.0,1.0,1.0
bd4a61fd-4b64ea82,1,1,1,0.5,0.5,0.5
bd4a61fd-89e74e0f,1,1,1,0.5,0.5,0.5
bd4a61fd-fb447d72,0,0,0,0.25,0.25,0.25
bd4aeaaf-a26c8bc2,0,0,0,0.25,0.25,0.25
bd4c1d7e-24700e36,2,2,2,1.0,1.0,1.0
bd4c1d7e-9edc4d74,0,0,0,0.25,0.25,0.25
bd4c8e34-0a6f19e0,1,1,1,0.5,0.5,0.5
bd4f2165-76098163,0,0,0,0.25,0.25,0.25
bd50478a-4eb79ba3,0,0,0,0.25,0.25,0.25
bd50478a-7c1e236c,2,2,2,1.0,1.0,1.0
bd50478a-8a65e55f,2,2,2,1.0,1.0,1.0
bd50478a-9599eab3,2,2,2,1.0,1.0,1.0
bd505c1f-26a9accf,0,0,0,0.25,0.25,0.25
bd507fe5-c54d7cb2,0,0,0,0.25,0.25,0.25
bd507fe5-eca39153,1,1,1,0.5,0.5,0.5
bd50d9a3-1e2466bf,0,0,0,0.25,0.25,0.25
bd512863-2e6735a4,0,0,0,0.25,0.25,0.25
bd512863-814ab9b3,0,0,0,0.25,0.25,0.25
bd51fb57-1ac69b0a,2,2,2,1.0,1.0,1.0
bd51fb57-d6436f78,1,1,1,0.5,0.5,0.5
bd51fb57-fee52768,2,2,2,1.0,1.0,1.0
bd52701c-66ce9738,0,0,0,0.25,0.25,0.25
bd554ae8-2c8c08df,1,1,1,0.5,0.5,0.5
bd554ae8-bcb18664,0,0,0,0.25,0.25,0.25
bd57e60e-04fe485e,0,0,0,0.25,0.25,0.25
bd57e60e-187054e3,0,0,0,0.25,0.25,0.25
bd57e60e-1e11a4e0,1,1,1,0.5,0.5,0.5
bd57e60e-504a870b,0,0,0,0.25,0.25,0.25
bd57e60e-d36607eb,0,0,0,0.25,0.25,0.25
bd57e60e-f3226561,0,0,0,0.25,0.25,0.25
bd5a0062-2a7bbf28,0,0,0,0.25,0.25,0.25
bd5a0062-a5d1cf03,0,0,0,0.25,0.25,0.25
bd5a0062-af4b8c8c,2,2,2,1.0,1.0,1.0
bd5a0062-b4ca75f1,0,0,0,0.25,0.25,0.25
bd5a0062-f2543986,1,1,1,0.5,0.5,0.5
bd5a0062-f462f63f,1,1,1,0.5,0.5,0.5
bd5a17ac-7ca4403f,0,0,0,0.25,0.25,0.25
bd5bb58b-24a6f5e7,1,1,1,0.5,0.5,0.5
bd5bb58b-7087c7f3,0,0,0,0.25,0.25,0.25
bd5bb58b-7c049603,2,2,2,1.0,1.0,1.0
bd5bb58b-7daa536b,0,0,0,0.25,0.25,0.25
bd5c34f4-32c7b145,0,0,0,0.25,0.25,0.25
bd5c34f4-52ef24cd,0,0,0,0.25,0.25,0.25
bd5c34f4-f39f6dfc,0,0,0,0.25,0.25,0.25
bd5cf21a-e6b9587e,1,1,1,0.5,0.5,0.5
bd5d35a0-1357b0da,1,1,1,0.5,0.5,0.5
bd5e7386-b01b09fb,0,0,0,0.25,0.25,0.25
bd5e847a-dd8e1bb1,0,0,0,0.25,0.25,0.25
bd5e847a-fff41819,0,0,0,0.25,0.25,0.25
bd5f0e20-1792f900,0,0,0,0.25,0.25,0.25
bd5f8f37-b3008fa1,1,1,1,0.5,0.5,0.5
bd5fe5fb-dfcd1cd2,0,0,0,0.25,0.25,0.25
bd5ff552-c187e5df,1,1,1,0.5,0.5,0.5
bd60211c-05ed033f,1,1,1,0.5,0.5,0.5
bd60211c-07f21245,0,0,0,0.25,0.25,0.25
bd60211c-16e100ad,0,0,0,0.25,0.25,0.25
bd605431-86ad04a8,0,0,0,0.25,0.25,0.25
bd60d984-66b1a49f,0,0,0,0.25,0.25,0.25
bd626633-996f4be9,0,0,0,0.25,0.25,0.25
bd626633-ad3626a7,0,0,0,0.25,0.25,0.25
bd64fd99-26f9d430,0,0,0,0.25,0.25,0.25
bd64fd99-8e69563f,0,0,0,0.25,0.25,0.25
bd656105-bfcf9d5c,1,1,1,0.5,0.5,0.5
bd656105-db296383,1,1,1,0.5,0.5,0.5
bd656105-ed6f8161,0,0,0,0.25,0.25,0.25
bd656105-efa0deab,0,0,0,0.25,0.25,0.25
bd656502-f04cf4da,2,2,2,1.0,1.0,1.0
bd6587ba-95d6751f,0,0,0,0.25,0.25,0.25
bd65dd37-4c3cdf2d,0,0,0,0.25,0.25,0.25
bd67113a-5b83fcdb,0,0,0,0.25,0.25,0.25
bd686201-03e84da0,1,1,1,0.5,0.5,0.5
bd6a2c09-b3b84f57,0,0,0,0.25,0.25,0.25
bd6b95b2-28d783a3,2,2,2,1.0,1.0,1.0
bd6c7aef-750b28cc,0,0,0,0.25,0.25,0.25
bd6c7aef-f3373443,1,1,1,0.5,0.5,0.5
bd6ca291-74e28b01,0,0,0,0.25,0.25,0.25
bd6ca291-923cc95a,2,2,2,1.0,1.0,1.0
bd6ca291-fe4a1b48,0,0,0,0.25,0.25,0.25
bd6dcefc-3af00f57,0,0,0,0.25,0.25,0.25
bd6dcefc-68d695b9,0,0,0,0.25,0.25,0.25
bd70577b-474e104b,0,0,0,0.25,0.25,0.25
bd70577b-57a066d8,0,0,0,0.25,0.25,0.25
bd70577b-b4dd3097,1,1,1,0.5,0.5,0.5
bd715c1c-09221d95,1,1,1,0.5,0.5,0.5
bd735753-10912d8b,0,0,0,0.25,0.25,0.25
bd735753-1451d21f,0,0,0,0.25,0.25,0.25
bd735753-49b2ce68,0,0,0,0.25,0.25,0.25
bd735753-5d67127a,0,0,0,0.25,0.25,0.25
bd75454a-69e7f645,2,2,2,1.0,1.0,1.0
bd75e563-15ee6e1d,2,2,2,1.0,1.0,1.0
bd7c460d-4a317a77,0,0,0,0.25,0.25,0.25
bd7cb9e1-65b08f46,0,0,0,0.25,0.25,0.25
bd7cb9e1-eb5b2227,0,0,0,0.25,0.25,0.25
bd7ccf83-18bccb70,2,2,2,1.0,1.0,1.0
bd7d1552-c7a94b06,1,1,1,0.5,0.5,0.5
bd7f150c-c557afa7,2,2,2,1.0,1.0,1.0
bd7f7061-601abafd,0,0,0,0.25,0.25,0.25
bd812175-88bdcb99,2,2,2,1.0,1.0,1.0
bd812175-d418c63b,0,0,0,0.25,0.25,0.25
bd812175-fc557aa4,2,2,2,1.0,1.0,1.0
bd816a01-87bcd028,0,0,0,0.25,0.25,0.25
bd816a01-fa31ce3d,0,0,0,0.25,0.25,0.25
bd8268a2-a924aa0b,0,0,0,0.25,0.25,0.25
bd82f517-793eb747,2,2,2,1.0,1.0,1.0
bd82f517-d1af5063,0,0,0,0.25,0.25,0.25
bd8aa347-4a6405a9,1,1,1,0.5,0.5,0.5
bd8d420d-ec34c634,0,0,0,0.25,0.25,0.25
bd8e0b69-64d450fe,0,0,0,0.25,0.25,0.25
bd8f4dfa-4e126a95,0,0,0,0.25,0.25,0.25
bd8f4dfa-52cf9375,1,1,1,0.5,0.5,0.5
bd8f5fcd-2f54a72b,0,0,0,0.25,0.25,0.25
bd8f5fcd-e5d1d498,1,1,1,0.5,0.5,0.5
bd92c756-0eee51cd,0,0,0,0.25,0.25,0.25
bd92c756-1eafae31,1,1,1,0.5,0.5,0.5
bd92c756-d4b30972,0,0,0,0.25,0.25,0.25
bd92f6ee-8128cb11,1,1,1,0.5,0.5,0.5
bd92f6ee-e7e097b5,1,1,1,0.5,0.5,0.5
bd931a20-031fbc84,0,0,0,0.25,0.25,0.25
bd931a20-7ed66a53,1,1,1,0.5,0.5,0.5
bd937f4d-6c06e8b4,1,1,1,0.5,0.5,0.5
bd956549-140a4edf,0,0,0,0.25,0.25,0.25
bd958472-d0a74e2f,2,2,2,1.0,1.0,1.0
bd95af88-2228e86b,1,1,1,0.5,0.5,0.5
bd9881c7-682619d1,0,0,0,0.25,0.25,0.25
bd98917f-b19d03f7,1,1,1,0.5,0.5,0.5
bd989210-0c8eacc1,1,1,1,0.5,0.5,0.5
bd989210-5855f1e4,0,0,0,0.25,0.25,0.25
bd989210-afaf7243,0,0,0,0.25,0.25,0.25
bd989210-c3df0371,2,2,2,1.0,1.0,1.0
bd989210-d2369f97,2,2,2,1.0,1.0,1.0
bd989210-ecdee00d,1,1,1,0.5,0.5,0.5
bd998983-63d9420a,0,0,0,0.25,0.25,0.25
bd99cc57-f7a56498,0,0,0,0.25,0.25,0.25
bd99da12-66a3321c,0,0,0,0.25,0.25,0.25
bd9ad5aa-3d7d3c6b,0,0,0,0.25,0.25,0.25
bd9ad5aa-fe1b1a19,1,1,1,0.5,0.5,0.5
bd9d3b75-78d7026c,1,1,1,0.5,0.5,0.5
bd9d3b75-c7800908,0,0,0,0.25,0.25,0.25
bd9dbebc-30ccb9f3,1,1,1,0.5,0.5,0.5
bd9dbebc-c0b5de37,1,1,1,0.5,0.5,0.5
bd9dbebc-e5756011,0,0,0,0.25,0.25,0.25
bd9dbebc-fc042836,2,2,2,1.0,1.0,1.0
bd9fdd5a-4c17304a,1,1,1,0.5,0.5,0.5
bd9fdd5a-6ef5f943,1,1,1,0.5,0.5,0.5
bd9fdd5a-85eca2d7,0,0,0,0.25,0.25,0.25
bd9fdd5a-adc5bd8b,2,2,2,1.0,1.0,1.0
bda04f67-927d28d6,0,0,0,0.25,0.25,0.25
bda149bd-02d7100c,1,1,1,0.5,0.5,0.5
bda1719b-476378b3,0,0,0,0.25,0.25,0.25
bda1cdfa-5da26736,0,0,0,0.25,0.25,0.25
bda1cdfa-a4626edd,0,0,0,0.25,0.25,0.25
bda1cdfa-ecdcbce2,0,0,0,0.25,0.25,0.25
bda20cf9-07b680fc,2,2,2,1.0,1.0,1.0
bda20cf9-258f2c93,0,0,0,0.25,0.25,0.25
bda2a452-8a54fc2c,0,0,0,0.25,0.25,0.25
bda2a452-dd99ae7d,1,1,1,0.5,0.5,0.5
bda35230-332be7ac,2,2,2,1.0,1.0,1.0
bda3c743-b1fd3647,0,0,0,0.25,0.25,0.25
bda46285-116182b2,0,0,0,0.25,0.25,0.25
bda46285-1ec1d198,1,1,1,0.5,0.5,0.5
bda48a2c-ea6ab69b,0,0,0,0.25,0.25,0.25
bda52dd7-f0a0dd1a,2,2,2,1.0,1.0,1.0
bda60c48-07ab78ed,1,1,1,0.5,0.5,0.5
bda73daa-db213864,0,0,0,0.25,0.25,0.25
bda88326-42cec697,0,0,0,0.25,0.25,0.25
bda8b780-12d402fd,1,1,1,0.5,0.5,0.5
bda90d90-4fff70f2,2,2,2,1.0,1.0,1.0
bda9da90-68225671,2,2,2,1.0,1.0,1.0
bdaa85ab-e9df4c81,0,0,0,0.25,0.25,0.25
bdaa98a5-d23583cb,2,2,2,1.0,1.0,1.0
bdabbd46-59d2ac28,0,0,0,0.25,0.25,0.25
bdabbd46-c58c1d2f,0,0,0,0.25,0.25,0.25
bdacfa22-5563c8aa,1,1,1,0.5,0.5,0.5
bdad4028-be5b45a6,1,1,1,0.5,0.5,0.5
bdae005f-1c0f2e8b,2,2,2,1.0,1.0,1.0
bdae005f-3d4f771f,0,0,0,0.25,0.25,0.25
bdae005f-7823c05b,0,0,0,0.25,0.25,0.25
bdae005f-7e7e0f56,0,0,0,0.25,0.25,0.25
bdae005f-d0bb4101,0,0,0,0.25,0.25,0.25
bdae464f-1fc229cc,0,0,0,0.25,0.25,0.25
bdae58fa-d3c8737c,2,2,2,1.0,1.0,1.0
bdaeda37-6b0b9900,1,1,1,0.5,0.5,0.5
bdaeda37-9cc73420,2,2,2,1.0,1.0,1.0
bdaeda37-a0d637e0,1,1,1,0.5,0.5,0.5
bdaeda37-dfe74a95,0,0,0,0.25,0.25,0.25
bdafde0d-03216895,1,1,1,0.5,0.5,0.5
bdb035d5-c1048cf3,0,0,0,0.25,0.25,0.25
bdb26d74-327526b3,0,0,0,0.25,0.25,0.25
bdb2f6cb-5c0f0ee8,1,1,1,0.5,0.5,0.5
bdb2f6cb-8da5fa42,1,1,1,0.5,0.5,0.5
bdb3c90f-095103e9,1,1,1,0.5,0.5,0.5
bdb3c90f-ad6c3d26,1,1,1,0.5,0.5,0.5
bdb3c90f-dba6400e,1,1,1,0.5,0.5,0.5
bdb56045-34d3f697,0,0,0,0.25,0.25,0.25
bdb56045-67e52488,0,0,0,0.25,0.25,0.25
bdb56045-bbf84cef,0,0,0,0.25,0.25,0.25
bdb610dc-15dd7f0f,1,1,1,0.5,0.5,0.5
bdb610dc-e64667d9,0,0,0,0.25,0.25,0.25
bdb615e0-d78e2a9c,1,1,1,0.5,0.5,0.5
bdb658c2-01af4ab1,1,1,1,0.5,0.5,0.5
bdb658c2-f38bc8c3,2,2,2,1.0,1.0,1.0
bdb85450-4e8d9c80,0,0,0,0.25,0.25,0.25
bdb90975-a729ef7b,1,1,1,0.5,0.5,0.5
bdb95837-032891c3,0,0,0,0.25,0.25,0.25
bdb95837-0c2e3b2b,2,2,2,1.0,1.0,1.0
bdb95837-2e514e25,2,2,2,1.0,1.0,1.0
bdb95837-5a088ec1,1,1,1,0.5,0.5,0.5
bdb95837-a553c52c,1,1,1,0.5,0.5,0.5
bdb95837-a9465f1b,0,0,0,0.25,0.25,0.25
bdba96db-510677bf,0,0,0,0.25,0.25,0.25
bdba96db-85f26106,2,2,2,1.0,1.0,1.0
bdbd6b9f-c0f31952,1,1,1,0.5,0.5,0.5
bdbdc4df-2f7a140d,0,0,0,0.25,0.25,0.25
bdbdc4df-8b2c5f23,1,1,1,0.5,0.5,0.5
bdbfc024-03ba558f,2,2,2,1.0,1.0,1.0
bdbfc024-d4ec7ef3,0,0,0,0.25,0.25,0.25
bdc0dc52-b4d05890,2,2,2,1.0,1.0,1.0
bdc15316-23cfff61,1,1,1,0.5,0.5,0.5
bdc15316-ac33f22c,0,0,0,0.25,0.25,0.25
bdc3e97b-12e4e776,1,1,1,0.5,0.5,0.5
bdc3e97b-3ad23042,2,2,2,1.0,1.0,1.0
bdc3e97b-67eee595,1,1,1,0.5,0.5,0.5
bdc4990a-bd8d6052,2,2,2,1.0,1.0,1.0
bdc7adfd-ac352f36,1,1,1,0.5,0.5,0.5
bdc7ed93-19e4b08c,0,0,0,0.25,0.25,0.25
bdc7ed93-686684d6,1,1,1,0.5,0.5,0.5
bdc7ed93-75e5f442,0,0,0,0.25,0.25,0.25
bdc7ed93-f8378699,0,0,0,0.25,0.25,0.25
bdc89152-2b7aec87,2,2,2,1.0,1.0,1.0
bdcac585-ea8f25b1,0,0,0,0.25,0.25,0.25
bdcb68eb-1d074566,2,2,2,1.0,1.0,1.0
bdcb68eb-4a3561a4,0,0,0,0.25,0.25,0.25
bdcb68eb-8174c535,1,1,1,0.5,0.5,0.5
bdcb68eb-86671b13,2,2,2,1.0,1.0,1.0
bdcb68eb-e897551f,1,1,1,0.5,0.5,0.5
bdcd1ea1-ad1f4ec3,2,2,2,1.0,1.0,1.0
bdcd6f24-0b1af2bf,1,1,1,0.5,0.5,0.5
bdcd6f24-781a4629,0,0,0,0.25,0.25,0.25
bdcd6f24-c646d15b,0,0,0,0.25,0.25,0.25
bdcd6f24-e3a675af,1,1,1,0.5,0.5,0.5
bdcda664-848e5b1e,0,0,0,0.25,0.25,0.25
bdcf5742-bd173465,0,0,0,0.25,0.25,0.25
bdcff5f0-83dbf6d8,0,0,0,0.25,0.25,0.25
bdd0049d-8c592c39,0,0,0,0.25,0.25,0.25
bdd20a54-d852fa69,1,1,1,0.5,0.5,0.5
bdd2e58a-f9784bf8,0,0,0,0.25,0.25,0.25
bdd316c8-a0c21dcc,0,0,0,0.25,0.25,0.25
bdd3a05e-3d61cb4e,0,0,0,0.25,0.25,0.25
bdd3a05e-5d28f64d,0,0,0,0.25,0.25,0.25
bdd3c8b3-ff26c094,1,1,1,0.5,0.5,0.5
bdd42bec-5fe93b9b,0,0,0,0.25,0.25,0.25
bdd42bec-c050a953,1,1,1,0.5,0.5,0.5
bdd463a8-387d221a,2,2,2,1.0,1.0,1.0
bdd463a8-94969b77,2,2,2,1.0,1.0,1.0
bdd5b47b-d9ea627b,2,2,2,1.0,1.0,1.0
bdd645df-90aa8572,0,0,0,0.25,0.25,0.25
bdd6d823-2c4989f0,1,1,1,0.5,0.5,0.5
bdd6d823-659f71fd,0,0,0,0.25,0.25,0.25
bdd7290c-d5f718f4,0,0,0,0.25,0.25,0.25
bdd7c984-3c3a2fc4,2,2,2,1.0,1.0,1.0
bdd853b8-4b3664f3,2,2,2,1.0,1.0,1.0
bdda4e2e-6d2bc480,0,0,0,0.25,0.25,0.25
bddb3423-37178861,2,2,2,1.0,1.0,1.0
bddc1656-56674ab3,0,0,0,0.25,0.25,0.25
bddce207-87f8c60f,1,1,1,0.5,0.5,0.5
bddd9d1b-77a23376,0,0,0,0.25,0.25,0.25
bddd9d1b-b65a1301,0,0,0,0.25,0.25,0.25
bdde507b-1ce1ac20,0,0,0,0.25,0.25,0.25
bddeaad4-d1272691,0,0,0,0.25,0.25,0.25
bde0caa6-d7d428b5,2,2,2,1.0,1.0,1.0
bde10ba1-966885c2,1,1,1,0.5,0.5,0.5
bde48a59-81b1f93a,0,0,0,0.25,0.25,0.25
bde48e24-e9aba0dc,0,0,0,0.25,0.25,0.25
bde48f5b-c09a6b7b,1,1,1,0.5,0.5,0.5
bde4c586-85d19762,1,1,1,0.5,0.5,0.5
bde6526d-224f7ea1,0,0,0,0.25,0.25,0.25
bde65a81-fb6b43cc,1,1,1,0.5,0.5,0.5
bde6a41e-1935bf93,0,0,0,0.25,0.25,0.25
bde7a73a-ee84f1a1,1,1,1,0.5,0.5,0.5
bde8262d-4abf8f63,0,0,0,0.25,0.25,0.25
bde83a65-61f8f702,2,2,2,1.0,1.0,1.0
bde83a65-d8ce4ddc,0,0,0,0.25,0.25,0.25
bde95d2c-6c4a2eca,0,0,0,0.25,0.25,0.25
bde96867-d909dae7,0,0,0,0.25,0.25,0.25
bde9f2e6-e059e5e3,0,0,0,0.25,0.25,0.25
bdec2416-d18fb371,0,0,0,0.25,0.25,0.25
bdec39d8-c94681b3,1,1,1,0.5,0.5,0.5
bdec39d8-f1063651,2,2,2,1.0,1.0,1.0
bded2d56-8641bc0d,1,1,1,0.5,0.5,0.5
bded2d56-9a09a78b,1,1,1,0.5,0.5,0.5
bdeec3db-2a9088a9,0,0,0,0.25,0.25,0.25
bdeec3db-4796d5a6,0,0,0,0.25,0.25,0.25
bdeec3db-d7908ef3,0,0,0,0.25,0.25,0.25
bdf19076-c53d74c5,0,0,0,0.25,0.25,0.25
bdf33dc4-ae128055,0,0,0,0.25,0.25,0.25
bdf33dc4-d5b4181c,1,1,1,0.5,0.5,0.5
bdf33dc4-f1a43120,1,1,1,0.5,0.5,0.5
bdf3c743-95dacd5d,0,0,0,0.25,0.25,0.25
bdf58c55-33117846,0,0,0,0.25,0.25,0.25
bdf58c55-dee0b9f7,2,2,2,1.0,1.0,1.0
bdf6ab8b-3ebe8356,1,1,1,0.5,0.5,0.5
bdf775d9-3cb15a15,0,0,0,0.25,0.25,0.25
bdf8fcad-32d6edca,0,0,0,0.25,0.25,0.25
bdf8fcad-9b37333e,1,1,1,0.5,0.5,0.5
bdf8fcad-dfe047d1,2,2,2,1.0,1.0,1.0
bdf8fcad-f9afb0af,0,0,0,0.25,0.25,0.25
bdf90fcb-d42380c0,1,1,1,0.5,0.5,0.5
bdfa3a60-fdd4a2f9,2,2,2,1.0,1.0,1.0
bdfc0f1d-375eba4a,1,1,1,0.5,0.5,0.5
bdfc6bf1-523e96ae,1,1,1,0.5,0.5,0.5
bdfd3a09-7a86654b,0,0,0,0.25,0.25,0.25
be005230-7facbb3e,0,0,0,0.25,0.25,0.25
be00866b-4eba6f90,0,0,0,0.25,0.25,0.25
be00937a-8e571604,2,2,2,1.0,1.0,1.0
be00937a-98783429,0,0,0,0.25,0.25,0.25
be021235-7920ed09,0,0,0,0.25,0.25,0.25
be042f25-579f9c94,0,0,0,0.25,0.25,0.25
be0456d5-e34d2c07,0,0,0,0.25,0.25,0.25
be045ad5-53b75245,0,0,0,0.25,0.25,0.25
be047105-0662bd2d,2,2,2,1.0,1.0,1.0
be047105-ea277d1d,1,1,1,0.5,0.5,0.5
be0571c8-03dae021,0,0,0,0.25,0.25,0.25
be06ff35-0a94dfb1,2,2,2,1.0,1.0,1.0
be06ff35-5105ecff,0,0,0,0.25,0.25,0.25
be06ff35-ea007cf3,1,1,1,0.5,0.5,0.5
be08673a-fe5b7035,0,0,0,0.25,0.25,0.25
be099a06-28b7d23f,0,0,0,0.25,0.25,0.25
be099a06-dc3c20e8,0,0,0,0.25,0.25,0.25
be09d50a-24bc5168,0,0,0,0.25,0.25,0.25
be0a188d-c47bac51,0,0,0,0.25,0.25,0.25
be0c9d29-04747419,0,0,0,0.25,0.25,0.25
be0fdf82-5cb62b50,1,1,1,0.5,0.5,0.5
be0fdf82-972594ce,1,1,1,0.5,0.5,0.5
be0fdf82-eb463749,0,0,0,0.25,0.25,0.25
be10fa73-121083df,0,0,0,0.25,0.25,0.25
be10fa73-799d904b,2,2,2,1.0,1.0,1.0
be10fa73-da2fa32f,2,2,2,1.0,1.0,1.0
be11b82c-0873ebca,0,0,0,0.25,0.25,0.25
be12aefd-283e0fe4,0,0,0,0.25,0.25,0.25
be12aefd-dad8b385,1,1,1,0.5,0.5,0.5
be144a33-80fe4232,1,1,1,0.5,0.5,0.5
be144a33-c0b91172,2,2,2,1.0,1.0,1.0
be177534-4a736a9b,0,0,0,0.25,0.25,0.25
be18edca-1dac55eb,2,2,2,1.0,1.0,1.0
be18f4e6-a2770590,0,0,0,0.25,0.25,0.25
be1a0aee-7127f0d8,0,0,0,0.25,0.25,0.25
be1a8e59-2a59e33c,1,1,1,0.5,0.5,0.5
be1e235b-e033239e,0,0,0,0.25,0.25,0.25
be1ed8ce-38edbe34,0,0,0,0.25,0.25,0.25
be2034df-1d272a6f,0,0,0,0.25,0.25,0.25
be2034df-3fbd9d5b,0,0,0,0.25,0.25,0.25
be2034df-a6b260a5,1,1,1,0.5,0.5,0.5
be22622e-20122a8f,0,0,0,0.25,0.25,0.25
be22622e-3712dbc2,1,1,1,0.5,0.5,0.5
be22a1e1-cbcd82a6,0,0,0,0.25,0.25,0.25
be269fc3-4ac017bd,1,1,1,0.5,0.5,0.5
be26ac57-35dabb9c,1,1,1,0.5,0.5,0.5
be273f87-6eaea9ee,1,1,1,0.5,0.5,0.5
be273f87-7aca9df7,1,1,1,0.5,0.5,0.5
be273f87-ab1ef50e,0,0,0,0.25,0.25,0.25
be273f87-b164bca1,2,2,2,1.0,1.0,1.0
be278041-2173a980,1,1,1,0.5,0.5,0.5
be2ad3df-225b267d,0,0,0,0.25,0.25,0.25
be2b1f01-892bf2bb,0,0,0,0.25,0.25,0.25
be2c1849-0713082f,0,0,0,0.25,0.25,0.25
be2c1849-5faf51d5,0,0,0,0.25,0.25,0.25
be2c1849-662a650d,0,0,0,0.25,0.25,0.25
be2c1849-c797807b,2,2,2,1.0,1.0,1.0
be2c1849-e2e8cf17,1,1,1,0.5,0.5,0.5
be2c1849-ed1a9103,1,1,1,0.5,0.5,0.5
be2c4865-14b12388,0,0,0,0.25,0.25,0.25
be2c4865-af9a958b,1,1,1,0.5,0.5,0.5
be2c66b0-2bc5eec8,0,0,0,0.25,0.25,0.25
be2d3f1c-2644c9e3,1,1,1,0.5,0.5,0.5
be2d5044-9707da3e,0,0,0,0.25,0.25,0.25
be2e23f5-7fdb7597,0,0,0,0.25,0.25,0.25
be2ec34b-bcdc0b2a,2,2,2,1.0,1.0,1.0
be2fbf0b-5d71c655,2,2,2,1.0,1.0,1.0
be307493-2750cf96,1,1,1,0.5,0.5,0.5
be307493-a2247ebf,0,0,0,0.25,0.25,0.25
be3147c4-1f271e92,0,0,0,0.25,0.25,0.25
be3159f3-13250ffe,1,1,1,0.5,0.5,0.5
be3159f3-16212270,0,0,0,0.25,0.25,0.25
be3294d0-a580161f,1,1,1,0.5,0.5,0.5
be3294d0-e1c119ea,1,1,1,0.5,0.5,0.5
be3301b2-9bb342d3,0,0,0,0.25,0.25,0.25
be3301b2-a86db4a9,0,0,0,0.25,0.25,0.25
be3301b2-f3d95701,0,0,0,0.25,0.25,0.25
be35fa0d-caedd8ab,0,0,0,0.25,0.25,0.25
be3618b4-27d60dcd,0,0,0,0.25,0.25,0.25
be362fff-99b5dd8b,1,1,1,0.5,0.5,0.5
be377d8f-7c22e445,1,1,1,0.5,0.5,0.5
be37b92a-4873e7e0,1,1,1,0.5,0.5,0.5
be395d23-22773837,2,2,2,1.0,1.0,1.0
be395d23-2df9d7c9,2,2,2,1.0,1.0,1.0
be39c92f-392bb50a,0,0,0,0.25,0.25,0.25
be39c92f-cef221af,2,2,2,1.0,1.0,1.0
be39e3ab-8e532208,1,1,1,0.5,0.5,0.5
be39f3f1-2d48f83e,0,0,0,0.25,0.25,0.25
be3a20e2-7791c4b9,0,0,0,0.25,0.25,0.25
be3a5c0b-16533792,1,1,1,0.5,0.5,0.5
be3b7c5d-d25131a7,0,0,0,0.25,0.25,0.25
be3d3a81-326a032d,1,1,1,0.5,0.5,0.5
be3e9c45-d47775f3,0,0,0,0.25,0.25,0.25
be3f0272-4444e669,1,1,1,0.5,0.5,0.5
be40bcad-48aead92,1,1,1,0.5,0.5,0.5
be40c69d-16a90cda,0,0,0,0.25,0.25,0.25
be41362b-587a17b4,0,0,0,0.25,0.25,0.25
be41362b-a1a37afb,0,0,0,0.25,0.25,0.25
be41362b-bf2985b5,0,0,0,0.25,0.25,0.25
be41362b-f6a4eb1c,0,0,0,0.25,0.25,0.25
be415cb5-0f27b485,1,1,1,0.5,0.5,0.5
be42bfaa-3ebf6b5c,2,2,2,1.0,1.0,1.0
be42e5e6-33445d5b,1,1,1,0.5,0.5,0.5
be42e5e6-73d1f920,0,0,0,0.25,0.25,0.25
be448414-11891b58,0,0,0,0.25,0.25,0.25
be448414-f60b61c9,0,0,0,0.25,0.25,0.25
be449d8d-288c49bd,1,1,1,0.5,0.5,0.5
be449d8d-c3a01551,0,0,0,0.25,0.25,0.25
be45679b-3cf3ef8d,2,2,2,1.0,1.0,1.0
be4593fb-9e1ec483,0,0,0,0.25,0.25,0.25
be463595-0ac17b97,2,2,2,1.0,1.0,1.0
be463595-1fa1df9c,2,2,2,1.0,1.0,1.0
be463595-34d59d57,1,1,1,0.5,0.5,0.5
be463595-760f4698,1,1,1,0.5,0.5,0.5
be46639a-25990c25,2,2,2,1.0,1.0,1.0
be47d849-da84aa8a,2,2,2,1.0,1.0,1.0
be49ae7a-1ffaa683,2,2,2,1.0,1.0,1.0
be49ccee-b084e427,1,1,1,0.5,0.5,0.5
be4a418e-8e95d178,1,1,1,0.5,0.5,0.5
be4ca8c8-d651db6c,1,1,1,0.5,0.5,0.5
be4cbd00-06f42982,0,0,0,0.25,0.25,0.25
be4cbd00-97fec78b,1,1,1,0.5,0.5,0.5
be4f207d-cd1dcff1,0,0,0,0.25,0.25,0.25
be4f3873-33c738a5,0,0,0,0.25,0.25,0.25
be4f53be-3e8f170e,1,1,1,0.5,0.5,0.5
be4f53be-a7d26a38,2,2,2,1.0,1.0,1.0
be501fd0-e063aff3,0,0,0,0.25,0.25,0.25
be524f22-671e4f73,1,1,1,0.5,0.5,0.5
be52b29f-0ae76ecf,1,1,1,0.5,0.5,0.5
be52b29f-10b6ef30,1,1,1,0.5,0.5,0.5
be52b29f-337d4ed4,0,0,0,0.25,0.25,0.25
be52b29f-3c297726,0,0,0,0.25,0.25,0.25
be52b29f-61846699,0,0,0,0.25,0.25,0.25
be52b29f-aa3b290b,2,2,2,1.0,1.0,1.0
be52b29f-de33251f,1,1,1,0.5,0.5,0.5
be535920-9cc2e6aa,0,0,0,0.25,0.25,0.25
be554fed-4ac78405,0,0,0,0.25,0.25,0.25
be554fed-a4c92888,2,2,2,1.0,1.0,1.0
be554fed-b1ed30d1,2,2,2,1.0,1.0,1.0
be554fed-d4a627d0,1,1,1,0.5,0.5,0.5
be554fed-f627824e,1,1,1,0.5,0.5,0.5
be5559e0-15ecaa2b,0,0,0,0.25,0.25,0.25
be56ab92-96e20e29,2,2,2,1.0,1.0,1.0
be56ab92-da00e516,1,1,1,0.5,0.5,0.5
be5b8df4-72b40d4c,2,2,2,1.0,1.0,1.0
be5b8df4-784c9d84,0,0,0,0.25,0.25,0.25
be5b8df4-c5ac6782,2,2,2,1.0,1.0,1.0
be5b8df4-c69d8fa1,0,0,0,0.25,0.25,0.25
be5b8df4-f47db0e2,0,0,0,0.25,0.25,0.25
be5c5aae-206ccb9c,2,2,2,1.0,1.0,1.0
be5c5aae-50668a30,1,1,1,0.5,0.5,0.5
be5c5aae-67fd8380,2,2,2,1.0,1.0,1.0
be5c5aae-d31145ff,0,0,0,0.25,0.25,0.25
be5ca08c-52c0860e,1,1,1,0.5,0.5,0.5
be5ca360-3585455f,2,2,2,1.0,1.0,1.0
be5ca360-afcedc9e,2,2,2,1.0,1.0,1.0
be5ec90e-8f48d12d,2,2,2,1.0,1.0,1.0
be60191c-2dea5114,0,0,0,0.25,0.25,0.25
be60191c-813aa925,0,0,0,0.25,0.25,0.25
be60191c-cade58a2,1,1,1,0.5,0.5,0.5
be614466-2e58f448,0,0,0,0.25,0.25,0.25
be62c9ed-524c83e8,0,0,0,0.25,0.25,0.25
be62c9ed-cfe00d7a,1,1,1,0.5,0.5,0.5
be64f818-053b36ba,2,2,2,1.0,1.0,1.0
be651ed5-02659bee,0,0,0,0.25,0.25,0.25
be651ed5-08fcb61f,1,1,1,0.5,0.5,0.5
be651ed5-21253da1,0,0,0,0.25,0.25,0.25
be651ed5-2feb0be6,1,1,1,0.5,0.5,0.5
be651ed5-4b80b1c3,0,0,0,0.25,0.25,0.25
be651ed5-5e0e949d,0,0,0,0.25,0.25,0.25
be651ed5-5ee1f563,1,1,1,0.5,0.5,0.5
be651ed5-779cf7ef,1,1,1,0.5,0.5,0.5
be651ed5-90da2dc5,0,0,0,0.25,0.25,0.25
be651ed5-a7e2074e,0,0,0,0.25,0.25,0.25
be651ed5-bc7ce2fe,2,2,2,1.0,1.0,1.0
be651ed5-bdd56721,1,1,1,0.5,0.5,0.5
be651ed5-c3407554,1,1,1,0.5,0.5,0.5
be651ed5-eceae7bc,0,0,0,0.25,0.25,0.25
be651ffd-0bc74ac7,0,0,0,0.25,0.25,0.25
be651ffd-cf17daaf,0,0,0,0.25,0.25,0.25
be66a004-91dbe123,0,0,0,0.25,0.25,0.25
be67f423-8aec9ba5,1,1,1,0.5,0.5,0.5
be689d93-672d54ff,2,2,2,1.0,1.0,1.0
be6b4502-b150e016,1,1,1,0.5,0.5,0.5
be6b4502-e0c95034,0,0,0,0.25,0.25,0.25
be6ed1f7-853489ce,1,1,1,0.5,0.5,0.5
be6ed1f7-dd0e252b,1,1,1,0.5,0.5,0.5
be6fd6ac-158f717e,1,1,1,0.5,0.5,0.5
be6fd6ac-35af61fd,0,0,0,0.25,0.25,0.25
be6fd6ac-624b4634,1,1,1,0.5,0.5,0.5
be6fd6ac-a0cc8633,2,2,2,1.0,1.0,1.0
be6feca9-888ffd4c,1,1,1,0.5,0.5,0.5
be724abb-9a2a625c,0,0,0,0.25,0.25,0.25
be731030-7593da2a,1,1,1,0.5,0.5,0.5
be731030-82d58159,0,0,0,0.25,0.25,0.25
be731030-c29affd6,2,2,2,1.0,1.0,1.0
be73806a-cd8633af,1,1,1,0.5,0.5,0.5
be769e9f-abea5fd9,0,0,0,0.25,0.25,0.25
be769e9f-ed37df2b,0,0,0,0.25,0.25,0.25
be76ea62-78b2c8f8,1,1,1,0.5,0.5,0.5
be776742-fe6599b2,0,0,0,0.25,0.25,0.25
be777044-7db298a4,2,2,2,1.0,1.0,1.0
be777044-db29e596,0,0,0,0.25,0.25,0.25
be7783b0-b44ff154,0,0,0,0.25,0.25,0.25
be791a81-a6b53fef,0,0,0,0.25,0.25,0.25
be7b856e-d1ece683,0,0,0,0.25,0.25,0.25
be7c5bf9-f31d60c1,1,1,1,0.5,0.5,0.5
be80a253-75e6f6aa,0,0,0,0.25,0.25,0.25
be819732-9cff62ba,1,1,1,0.5,0.5,0.5
be832d0b-0ed20122,1,1,1,0.5,0.5,0.5
be832d0b-2384fe4c,0,0,0,0.25,0.25,0.25
be83776d-e07b8fdc,0,0,0,0.25,0.25,0.25
be839b4c-fba3ea45,1,1,1,0.5,0.5,0.5
be83fbfa-53a6b842,1,1,1,0.5,0.5,0.5
be85292c-a3fbba40,0,0,0,0.25,0.25,0.25
be852dd5-29511af0,1,1,1,0.5,0.5,0.5
be854092-492e5e65,0,0,0,0.25,0.25,0.25
be85665c-4fe33b5c,0,0,0,0.25,0.25,0.25
be8590fa-52948d8f,1,1,1,0.5,0.5,0.5
be8590fa-9ab10ced,2,2,2,1.0,1.0,1.0
be85bd88-4aad89d7,1,1,1,0.5,0.5,0.5
be85bd88-d849c034,0,0,0,0.25,0.25,0.25
be860305-899a96c3,1,1,1,0.5,0.5,0.5
be8663d6-e9cbeb2e,1,1,1,0.5,0.5,0.5
be8962cd-17e6f610,0,0,0,0.25,0.25,0.25
be8962cd-2f4d528e,0,0,0,0.25,0.25,0.25
be8b3ab2-26370e88,0,0,0,0.25,0.25,0.25
be8b8284-01e2400c,0,0,0,0.25,0.25,0.25
be8b8284-18138380,0,0,0,0.25,0.25,0.25
be8bceff-efda56f8,0,0,0,0.25,0.25,0.25
be8cb554-6f4255f3,2,2,2,1.0,1.0,1.0
be8d7ea3-4b798531,2,2,2,1.0,1.0,1.0
be8d7ea3-a6236da4,0,0,0,0.25,0.25,0.25
be8d7ea3-f860b6f5,2,2,2,1.0,1.0,1.0
be8dc474-faef6d09,2,2,2,1.0,1.0,1.0
be926190-5293afb9,0,0,0,0.25,0.25,0.25
be93769c-354d1d72,0,0,0,0.25,0.25,0.25
be9496ad-3d23e714,0,0,0,0.25,0.25,0.25
be94c28f-7128d4c4,2,2,2,1.0,1.0,1.0
be94c28f-9526bf9a,2,2,2,1.0,1.0,1.0
be94df25-464ac4f8,0,0,0,0.25,0.25,0.25
be95af9a-dee1fc2d,1,1,1,0.5,0.5,0.5
be96d002-8742b0e0,1,1,1,0.5,0.5,0.5
be96d002-f987edab,1,1,1,0.5,0.5,0.5
be97ef40-3cdcb388,1,1,1,0.5,0.5,0.5
be986afd-012d020c,0,0,0,0.25,0.25,0.25
be986afd-b86569ff,0,0,0,0.25,0.25,0.25
be986afd-f734d33e,0,0,0,0.25,0.25,0.25
be9a438d-fec060b0,2,2,2,1.0,1.0,1.0
be9b088f-3fc248ee,0,0,0,0.25,0.25,0.25
be9b088f-c2a29c43,1,1,1,0.5,0.5,0.5
be9c5bdd-02782f34,0,0,0,0.25,0.25,0.25
be9c5bdd-7714057c,1,1,1,0.5,0.5,0.5
be9ce27e-304f0df0,1,1,1,0.5,0.5,0.5
be9ce27e-65ec1c4e,0,0,0,0.25,0.25,0.25
be9ce27e-b78ea956,2,2,2,1.0,1.0,1.0
be9e39ad-cc4bc43f,0,0,0,0.25,0.25,0.25
be9f9a44-8d9b651e,0,0,0,0.25,0.25,0.25
bea02fed-85841fe4,2,2,2,1.0,1.0,1.0
bea02fed-c120c91d,2,2,2,1.0,1.0,1.0
bea02fed-c803e656,2,2,2,1.0,1.0,1.0
bea02fed-e64fced9,0,0,0,0.25,0.25,0.25
bea3ece7-e73287ff,0,0,0,0.25,0.25,0.25
bea4a94e-119bd9e7,0,0,0,0.25,0.25,0.25
bea4ac92-340863d9,0,0,0,0.25,0.25,0.25
bea4ac92-f9e0f736,0,0,0,0.25,0.25,0.25
bea55e98-2769bb0f,0,0,0,0.25,0.25,0.25
bea64506-3ce23cff,1,1,1,0.5,0.5,0.5
bea64506-48ef84e0,2,2,2,1.0,1.0,1.0
bea64506-a82db0f9,1,1,1,0.5,0.5,0.5
bea64506-c04d4b12,2,2,2,1.0,1.0,1.0
bea6dbeb-3292525a,0,0,0,0.25,0.25,0.25
bea6dbeb-f1056997,1,1,1,0.5,0.5,0.5
bea74140-801c009e,0,0,0,0.25,0.25,0.25
bea78bf6-01be38ee,0,0,0,0.25,0.25,0.25
bea82122-66fc59a4,0,0,0,0.25,0.25,0.25
beaa00a7-25aba714,0,0,0,0.25,0.25,0.25
beaa0c22-77f57e18,1,1,1,0.5,0.5,0.5
beaa0c22-9f7d6767,0,0,0,0.25,0.25,0.25
beaa0c22-e5e3c48f,2,2,2,1.0,1.0,1.0
beaa8787-b07dfe8e,0,0,0,0.25,0.25,0.25
beaae4eb-e874663f,0,0,0,0.25,0.25,0.25
beaae4eb-f6975a4f,0,0,0,0.25,0.25,0.25
beb12388-2a415a61,0,0,0,0.25,0.25,0.25
beb12388-c1f4f3b1,0,0,0,0.25,0.25,0.25
beb12388-c681fd3d,2,2,2,1.0,1.0,1.0
beb2aa47-4c96d667,2,2,2,1.0,1.0,1.0
beb2d175-69dae2f2,1,1,1,0.5,0.5,0.5
beb2d175-72de2f87,0,0,0,0.25,0.25,0.25
beb3d6ea-272401a6,0,0,0,0.25,0.25,0.25
beb3d6ea-3a661077,2,2,2,1.0,1.0,1.0
beb3d6ea-3b5b9e2e,1,1,1,0.5,0.5,0.5
beb3d6ea-d2584fc7,2,2,2,1.0,1.0,1.0
beb41a39-89ceabe8,0,0,0,0.25,0.25,0.25
beb41a39-be4bfe96,0,0,0,0.25,0.25,0.25
beb53c44-1aa54ed7,1,1,1,0.5,0.5,0.5
beb53c44-3b9231ca,1,1,1,0.5,0.5,0.5
beb53c44-6af8d3b4,2,2,2,1.0,1.0,1.0
beb53c44-f3619124,2,2,2,1.0,1.0,1.0
beb712cc-6594b626,0,0,0,0.25,0.25,0.25
beb712cc-ee31a67b,2,2,2,1.0,1.0,1.0
beb80a43-c3b9107e,0,0,0,0.25,0.25,0.25
beb87fd7-6120b637,1,1,1,0.5,0.5,0.5
bebb5b76-68384a7d,0,0,0,0.25,0.25,0.25
bebbf02d-dc8f1e04,0,0,0,0.25,0.25,0.25
bebc2a98-23f14ef2,0,0,0,0.25,0.25,0.25
bebc2a98-728ce6e0,0,0,0,0.25,0.25,0.25
bebc6162-bf494364,2,2,2,1.0,1.0,1.0
bebd2415-30a87543,1,1,1,0.5,0.5,0.5
bebd9c47-9d51ac58,0,0,0,0.25,0.25,0.25
bec0d815-f71f4f7b,0,0,0,0.25,0.25,0.25
bec165a2-cc4b47ed,0,0,0,0.25,0.25,0.25
bec19328-e01f5679,0,0,0,0.25,0.25,0.25
bec5aa0b-27aa89d9,0,0,0,0.25,0.25,0.25
bec5aa0b-fdc30a1e,0,0,0,0.25,0.25,0.25
bec66c97-a8a831f3,1,1,1,0.5,0.5,0.5
bec6904e-816bf499,0,0,0,0.25,0.25,0.25
bec7b5c0-177923dd,0,0,0,0.25,0.25,0.25
bec7b5c0-1bbf2379,2,2,2,1.0,1.0,1.0
bec7b5c0-36069512,1,1,1,0.5,0.5,0.5
bec7b5c0-43e0242a,1,1,1,0.5,0.5,0.5
bec7b5c0-492e391a,0,0,0,0.25,0.25,0.25
bec7b5c0-5cf322d9,2,2,2,1.0,1.0,1.0
bec7b5c0-5d9ee937,1,1,1,0.5,0.5,0.5
bec7b5c0-6bf5ac85,2,2,2,1.0,1.0,1.0
bec7b5c0-ca19e1e3,1,1,1,0.5,0.5,0.5
bec7b5c0-db214db2,1,1,1,0.5,0.5,0.5
bec7b5c0-e365257b,2,2,2,1.0,1.0,1.0
bec7b5c0-f928ccf5,1,1,1,0.5,0.5,0.5
bec94d5a-e7effd81,2,2,2,1.0,1.0,1.0
becccb13-74e09a25,1,1,1,0.5,0.5,0.5
beccfad4-d24a29c5,1,1,1,0.5,0.5,0.5
becd26b2-c02db1e6,0,0,0,0.25,0.25,0.25
bece8f9e-2c905717,0,0,0,0.25,0.25,0.25
beced1e4-8d82da4e,1,1,1,0.5,0.5,0.5
beced1e4-e2532a6e,2,2,2,1.0,1.0,1.0
becfc708-145da944,0,0,0,0.25,0.25,0.25
becfc708-24488979,0,0,0,0.25,0.25,0.25
becfc708-b7f59377,0,0,0,0.25,0.25,0.25
becfc708-eaf36a96,0,0,0,0.25,0.25,0.25
bed001a8-2339fb95,0,0,0,0.25,0.25,0.25
bed001a8-6cd3d8be,0,0,0,0.25,0.25,0.25
bed07392-75beda90,0,0,0,0.25,0.25,0.25
bed3a784-c17f9bcb,0,0,0,0.25,0.25,0.25
bed3bee0-0aa5d83d,2,2,2,1.0,1.0,1.0
bed3bee0-a9817eee,0,0,0,0.25,0.25,0.25
bed3db3f-f0ce3c29,0,0,0,0.25,0.25,0.25
bed4ed94-526eb41d,0,0,0,0.25,0.25,0.25
bed4ed94-7b8c51c7,0,0,0,0.25,0.25,0.25
bed782a6-b511b4b6,2,2,2,1.0,1.0,1.0
bed7aad9-554b58df,2,2,2,1.0,1.0,1.0
bed8e0d6-615b8f5e,0,0,0,0.25,0.25,0.25
bed8e0d6-d5645404,0,0,0,0.25,0.25,0.25
bedb6dc2-777e4568,0,0,0,0.25,0.25,0.25
bedb9474-8dd30e6f,1,1,1,0.5,0.5,0.5
bedbeb83-cfb5b8eb,0,0,0,0.25,0.25,0.25
bedbeb83-fe19f8c6,0,0,0,0.25,0.25,0.25
bedcfa26-332689fc,0,0,0,0.25,0.25,0.25
bedcfa26-e2d45cac,1,1,1,0.5,0.5,0.5
bedd1376-090caeff,2,2,2,1.0,1.0,1.0
bedd1376-60cdb96b,1,1,1,0.5,0.5,0.5
bedd1376-f4b27761,2,2,2,1.0,1.0,1.0
bee05c71-de853116,1,1,1,0.5,0.5,0.5
bee09035-01100c39,0,0,0,0.25,0.25,0.25
bee1374f-cceb9a68,0,0,0,0.25,0.25,0.25
bee1b799-cfe60aff,1,1,1,0.5,0.5,0.5
bee1f0a4-22dbabcd,1,1,1,0.5,0.5,0.5
bee41f4c-27a63e4b,0,0,0,0.25,0.25,0.25
bee41f4c-ff91e224,2,2,2,1.0,1.0,1.0
bee5ec8b-493be8dd,1,1,1,0.5,0.5,0.5
bee67716-066d25dc,1,1,1,0.5,0.5,0.5
bee67716-2a04a827,0,0,0,0.25,0.25,0.25
bee679f2-dd1ee975,1,1,1,0.5,0.5,0.5
bee6e5eb-3269dda9,1,1,1,0.5,0.5,0.5
bee6e5eb-ee57b54a,0,0,0,0.25,0.25,0.25
bee6f1ed-04d4eed4,2,2,2,1.0,1.0,1.0
bee6f1ed-1a33ed88,2,2,2,1.0,1.0,1.0
bee6f1ed-5f8eec63,0,0,0,0.25,0.25,0.25
bee6f1ed-d591156d,0,0,0,0.25,0.25,0.25
bee6f1ed-d8ef19e6,1,1,1,0.5,0.5,0.5
beea0870-130c4849,0,0,0,0.25,0.25,0.25
beea0870-e7fed5d8,1,1,1,0.5,0.5,0.5
beea0e03-031a65e7,0,0,0,0.25,0.25,0.25
beea0e03-fa22a607,1,1,1,0.5,0.5,0.5
beeaded5-7cb91618,0,0,0,0.25,0.25,0.25
beeaded5-8b3f6201,2,2,2,1.0,1.0,1.0
beeaded5-9bb26175,0,0,0,0.25,0.25,0.25
beeaded5-ab8d8f4b,0,0,0,0.25,0.25,0.25
beebb876-a43fa1b4,2,2,2,1.0,1.0,1.0
beebb876-fec7bfc6,0,0,0,0.25,0.25,0.25
beec1825-ec4450ad,0,0,0,0.25,0.25,0.25
beeed9e7-d279d8ee,1,1,1,0.5,0.5,0.5
beef90ca-dd806a38,0,0,0,0.25,0.25,0.25
bef016fa-761bfbc6,1,1,1,0.5,0.5,0.5
bef09238-c1e87e2d,0,0,0,0.25,0.25,0.25
bef1fe5a-2384bb3d,1,1,1,0.5,0.5,0.5
bef1fe5a-64664ad2,2,2,2,1.0,1.0,1.0
bef271e3-99f9020e,1,1,1,0.5,0.5,0.5
bef3c0bd-5e448793,0,0,0,0.25,0.25,0.25
bef60eb6-80419967,0,0,0,0.25,0.25,0.25
bef60eb6-b92e9131,1,1,1,0.5,0.5,0.5
bef703f9-1b27304e,0,0,0,0.25,0.25,0.25
bef766cb-e61b2168,2,2,2,1.0,1.0,1.0
bef766cb-f36b2dca,2,2,2,1.0,1.0,1.0
bef77538-a89b1dfa,0,0,0,0.25,0.25,0.25
bef7c739-8821d482,0,0,0,0.25,0.25,0.25
bef7c739-c71a55d9,1,1,1,0.5,0.5,0.5
bef7fb14-970e2929,0,0,0,0.25,0.25,0.25
bef8ae8b-17ae6029,2,2,2,1.0,1.0,1.0
bef906fc-2f834e3d,0,0,0,0.25,0.25,0.25
bef906fc-4922c33f,0,0,0,0.25,0.25,0.25
bef906fc-b88eb3a5,1,1,1,0.5,0.5,0.5
bef9fe55-0bba41cb,0,0,0,0.25,0.25,0.25
befa588e-80b3c62a,2,2,2,1.0,1.0,1.0
befbd710-6bf61d20,0,0,0,0.25,0.25,0.25
befbf2cc-bec128ef,0,0,0,0.25,0.25,0.25
befce81b-f743c561,1,1,1,0.5,0.5,0.5
befd675c-ead3969d,1,1,1,0.5,0.5,0.5
befd706d-2e1fe6e1,1,1,1,0.5,0.5,0.5
befd706d-40c8471f,1,1,1,0.5,0.5,0.5
befe15d9-e3db8d6b,0,0,0,0.25,0.25,0.25
befee345-01dae796,0,0,0,0.25,0.25,0.25
befee345-19b86489,0,0,0,0.25,0.25,0.25
befee345-1efe9c0a,2,2,2,1.0,1.0,1.0
beff1d1c-567ec742,2,2,2,1.0,1.0,1.0
beff1d1c-61ba43ef,0,0,0,0.25,0.25,0.25
beff1d1c-7c47d369,2,2,2,1.0,1.0,1.0
beff1d1c-c6d92f51,0,0,0,0.25,0.25,0.25
beff1d1c-cd927d17,0,0,0,0.25,0.25,0.25
beff1d1c-f80d0deb,0,0,0,0.25,0.25,0.25
beff1d1c-faff23dd,0,0,0,0.25,0.25,0.25
beffe676-8c0d1028,0,0,0,0.25,0.25,0.25
bf0038bc-5446bb48,1,1,1,0.5,0.5,0.5
bf0038bc-5512f257,0,0,0,0.25,0.25,0.25
bf02cf02-6168f0d6,0,0,0,0.25,0.25,0.25
bf037fa1-01adcdac,2,2,2,1.0,1.0,1.0
bf03e478-3ead0cb8,1,1,1,0.5,0.5,0.5
bf03faea-d6b6f567,1,1,1,0.5,0.5,0.5
bf041cc0-35f5357e,1,1,1,0.5,0.5,0.5
bf04b038-341ec0e5,2,2,2,1.0,1.0,1.0
bf052c3b-5c1b4e94,1,1,1,0.5,0.5,0.5
bf052c3b-a0f32e60,1,1,1,0.5,0.5,0.5
bf054de4-025bb1c3,0,0,0,0.25,0.25,0.25
bf05a6c1-e2ce238f,0,0,0,0.25,0.25,0.25
bf05e3be-6a2103bc,0,0,0,0.25,0.25,0.25
bf05e3be-96b558db,1,1,1,0.5,0.5,0.5
bf0b285b-46b928cd,0,0,0,0.25,0.25,0.25
bf0b285b-afa81125,2,2,2,1.0,1.0,1.0
bf0b4238-302c2ca1,1,1,1,0.5,0.5,0.5
bf0e0d24-5b11b412,0,0,0,0.25,0.25,0.25
bf0e0d24-ab9a3039,1,1,1,0.5,0.5,0.5
bf0e0d24-b48c6201,1,1,1,0.5,0.5,0.5
bf0e0d24-c2c09c60,1,1,1,0.5,0.5,0.5
bf0eda09-d1773b85,0,0,0,0.25,0.25,0.25
bf0fa6b5-1388ed76,1,1,1,0.5,0.5,0.5
bf0fa6b5-d2d998ed,1,1,1,0.5,0.5,0.5
bf0fd4de-7db956ab,1,1,1,0.5,0.5,0.5
bf10e8c4-9122dd20,2,2,2,1.0,1.0,1.0
bf12003f-2a0d3f5f,1,1,1,0.5,0.5,0.5
bf144b6a-99b46408,0,0,0,0.25,0.25,0.25
bf144b6a-c204b7ad,1,1,1,0.5,0.5,0.5
bf15b5bf-01ddf8ac,2,2,2,1.0,1.0,1.0
bf15b5bf-1416d166,1,1,1,0.5,0.5,0.5
bf15c7b5-99d19019,0,0,0,0.25,0.25,0.25
bf165ce1-a936b909,0,0,0,0.25,0.25,0.25
bf1787f3-3073f6c0,1,1,1,0.5,0.5,0.5
bf183e49-9965b6a6,0,0,0,0.25,0.25,0.25
bf183e49-ba9bf999,0,0,0,0.25,0.25,0.25
bf196891-1bf4eedc,0,0,0,0.25,0.25,0.25
bf1a30f8-29c812b9,1,1,1,0.5,0.5,0.5
bf1a30f8-59a115d8,0,0,0,0.25,0.25,0.25
bf1a30f8-9e0a449f,0,0,0,0.25,0.25,0.25
bf1af4ce-dcf62242,0,0,0,0.25,0.25,0.25
bf1af616-188d7e2a,0,0,0,0.25,0.25,0.25
bf1af616-5a57545f,0,0,0,0.25,0.25,0.25
bf1af616-e750e7dd,1,1,1,0.5,0.5,0.5
bf1bae75-f13a1d02,0,0,0,0.25,0.25,0.25
bf1e5669-0beb1b4a,2,2,2,1.0,1.0,1.0
bf1e5669-69f07222,2,2,2,1.0,1.0,1.0
bf1e5669-860f46d0,0,0,0,0.25,0.25,0.25
bf1e5669-bbaafa89,1,1,1,0.5,0.5,0.5
bf1e5669-e6da49f2,0,0,0,0.25,0.25,0.25
bf1f4d74-22e5dedf,2,2,2,1.0,1.0,1.0
bf1f6e6e-3e47c0f7,1,1,1,0.5,0.5,0.5
bf1f6e6e-56f03a2b,1,1,1,0.5,0.5,0.5
bf213ac1-1665b81a,0,0,0,0.25,0.25,0.25
bf213ac1-62a8536b,0,0,0,0.25,0.25,0.25
bf213ac1-760849cf,1,1,1,0.5,0.5,0.5
bf214d1e-0e86ca1f,1,1,1,0.5,0.5,0.5
bf214d1e-13344ae4,0,0,0,0.25,0.25,0.25
bf214d1e-2c30bc7d,0,0,0,0.25,0.25,0.25
bf234dae-307f8179,0,0,0,0.25,0.25,0.25
bf234dae-5e550365,0,0,0,0.25,0.25,0.25
bf234dae-f65aaae7,0,0,0,0.25,0.25,0.25
bf24495d-0926df8b,0,0,0,0.25,0.25,0.25
bf24495d-c9787981,0,0,0,0.25,0.25,0.25
bf245ae0-5e89fbec,0,0,0,0.25,0.25,0.25
bf245ae0-7630688e,1,1,1,0.5,0.5,0.5
bf253792-58f60cfd,0,0,0,0.25,0.25,0.25
bf253792-ee5c325c,0,0,0,0.25,0.25,0.25
bf261d80-f339c048,2,2,2,1.0,1.0,1.0
bf293835-27fe9270,0,0,0,0.25,0.25,0.25
bf29e65c-53d90f54,0,0,0,0.25,0.25,0.25
bf2a6720-a23c2b5e,1,1,1,0.5,0.5,0.5
bf2c174a-547a550a,0,0,0,0.25,0.25,0.25
bf2cc385-11d88c56,0,0,0,0.25,0.25,0.25
bf2e0bca-0e06c1e6,1,1,1,0.5,0.5,0.5
bf2e0bca-37a0f62f,0,0,0,0.25,0.25,0.25
bf2e0bca-9689bbb7,0,0,0,0.25,0.25,0.25
bf2f4d22-2ce6a77f,0,0,0,0.25,0.25,0.25
bf2fa820-e9e1f3a9,2,2,2,1.0,1.0,1.0
bf2fa820-f92b9073,0,0,0,0.25,0.25,0.25
bf2fac72-133aa7bd,0,0,0,0.25,0.25,0.25
bf2fac72-c72dea3b,0,0,0,0.25,0.25,0.25
bf31a320-4f8a93b3,0,0,0,0.25,0.25,0.25
bf343a92-8db05f89,0,0,0,0.25,0.25,0.25
bf35c34e-a6721934,2,2,2,1.0,1.0,1.0
bf35cb3d-af58fa54,0,0,0,0.25,0.25,0.25
bf383078-27a885cb,0,0,0,0.25,0.25,0.25
bf3ce441-1f58c6c7,1,1,1,0.5,0.5,0.5
bf3ce441-9a0953bb,0,0,0,0.25,0.25,0.25
bf3d49bf-b543e245,1,1,1,0.5,0.5,0.5
bf3f6680-1b77d211,0,0,0,0.25,0.25,0.25
bf42f468-f2b3301f,1,1,1,0.5,0.5,0.5
bf44f0b6-7e6ad409,0,0,0,0.25,0.25,0.25
bf44f0b6-9339bf70,2,2,2,1.0,1.0,1.0
bf44f0b6-9e06f79f,0,0,0,0.25,0.25,0.25
bf44f0b6-b0ca7b49,2,2,2,1.0,1.0,1.0
bf44f0b6-f574a2e3,2,2,2,1.0,1.0,1.0
bf474631-7bf7833c,0,0,0,0.25,0.25,0.25
bf474631-c3a76c7d,0,0,0,0.25,0.25,0.25
bf476255-3d67b267,2,2,2,1.0,1.0,1.0
bf4784eb-172d9e7a,0,0,0,0.25,0.25,0.25
bf480c09-1ca4a92f,0,0,0,0.25,0.25,0.25
bf482378-7f39ea1d,1,1,1,0.5,0.5,0.5
bf482378-d236a3a7,0,0,0,0.25,0.25,0.25
bf482378-efc17f31,0,0,0,0.25,0.25,0.25
bf4906e0-73ed04de,0,0,0,0.25,0.25,0.25
bf4af26f-12121f1d,0,0,0,0.25,0.25,0.25
bf4af26f-3304199e,1,1,1,0.5,0.5,0.5
bf4af26f-44beba25,1,1,1,0.5,0.5,0.5
bf4b0c94-a416bc37,0,0,0,0.25,0.25,0.25
bf527384-71f7e998,0,0,0,0.25,0.25,0.25
bf527384-894c88c6,0,0,0,0.25,0.25,0.25
bf538a51-8782f04d,0,0,0,0.25,0.25,0.25
bf53cf41-5f1eb5f7,0,0,0,0.25,0.25,0.25
bf54973d-ad129b06,1,1,1,0.5,0.5,0.5
bf54973d-fa144605,1,1,1,0.5,0.5,0.5
bf568d39-2bac1d09,1,1,1,0.5,0.5,0.5
bf57ea07-3e2c4a5c,1,1,1,0.5,0.5,0.5
bf585795-7312cfb9,1,1,1,0.5,0.5,0.5
bf593f19-ebbb7e5d,1,1,1,0.5,0.5,0.5
bf5ae456-be2897e1,0,0,0,0.25,0.25,0.25
bf5b423c-955dc71e,0,0,0,0.25,0.25,0.25
bf5b423c-eb2447d8,1,1,1,0.5,0.5,0.5
bf5b7ee3-18a07bcb,1,1,1,0.5,0.5,0.5
bf5b7ee3-c2fbdc46,1,1,1,0.5,0.5,0.5
bf5c77a9-13452168,0,0,0,0.25,0.25,0.25
bf5cbf56-68ea71b1,0,0,0,0.25,0.25,0.25
bf5d49a3-e2779858,0,0,0,0.25,0.25,0.25
bf5e662c-0c0afa60,2,2,2,1.0,1.0,1.0
bf5e662c-dba716fd,0,0,0,0.25,0.25,0.25
bf5ea8d2-108ab9c6,0,0,0,0.25,0.25,0.25
bf5ea8d2-94c28266,2,2,2,1.0,1.0,1.0
bf601884-354b9229,2,2,2,1.0,1.0,1.0
bf601884-af1b43e3,1,1,1,0.5,0.5,0.5
bf601f23-a680411c,1,1,1,0.5,0.5,0.5
bf60c0eb-310cd7ca,0,0,0,0.25,0.25,0.25
bf61730d-6e8eedcc,1,1,1,0.5,0.5,0.5
bf61730d-ee3b8d16,1,1,1,0.5,0.5,0.5
bf622d4e-cfdc02ae,1,1,1,0.5,0.5,0.5
bf6250de-7cb7cbea,0,0,0,0.25,0.25,0.25
bf62df05-4bf9402e,0,0,0,0.25,0.25,0.25
bf62df05-874604fe,0,0,0,0.25,0.25,0.25
bf62df05-98d03652,1,1,1,0.5,0.5,0.5
bf62e180-b6240b12,2,2,2,1.0,1.0,1.0
bf62fab5-912af759,0,0,0,0.25,0.25,0.25
bf62fab5-bb2d9b65,2,2,2,1.0,1.0,1.0
bf6315ee-a77e1bb2,2,2,2,1.0,1.0,1.0
bf6315ee-ab762696,2,2,2,1.0,1.0,1.0
bf65bf11-942ce158,1,1,1,0.5,0.5,0.5
bf668f9e-a12cb035,0,0,0,0.25,0.25,0.25
bf66b0b2-63bcf4a9,0,0,0,0.25,0.25,0.25
bf6711ef-76e408aa,0,0,0,0.25,0.25,0.25
bf671862-75861ff3,1,1,1,0.5,0.5,0.5
bf6789ed-4089397b,0,0,0,0.25,0.25,0.25
bf688d4d-54210a91,0,0,0,0.25,0.25,0.25
bf688d4d-e96a15d5,1,1,1,0.5,0.5,0.5
bf6b680e-c959640f,2,2,2,1.0,1.0,1.0
bf6b680e-fe68c5f5,1,1,1,0.5,0.5,0.5
bf6e127b-7d039d6b,0,0,0,0.25,0.25,0.25
bf6e127b-cc8a310b,0,0,0,0.25,0.25,0.25
bf6fda4e-0a49960f,2,2,2,1.0,1.0,1.0
bf70a9e2-55b26931,0,0,0,0.25,0.25,0.25
bf70d850-0abbeea2,1,1,1,0.5,0.5,0.5
bf721457-715b4856,2,2,2,1.0,1.0,1.0
bf7355b8-f5de162f,0,0,0,0.25,0.25,0.25
bf761516-f03a434a,1,1,1,0.5,0.5,0.5
bf76fa8e-889c317d,0,0,0,0.25,0.25,0.25
bf77e9b1-33a1b81e,0,0,0,0.25,0.25,0.25
bf77e9b1-717cbd2c,0,0,0,0.25,0.25,0.25
bf77e9b1-b7b5025b,0,0,0,0.25,0.25,0.25
bf77e9b1-b862e178,0,0,0,0.25,0.25,0.25
bf77e9b1-cd3a731c,0,0,0,0.25,0.25,0.25
bf77e9b1-ebc57a82,0,0,0,0.25,0.25,0.25
bf77e9b1-f693c2f5,0,0,0,0.25,0.25,0.25
bf78f601-1003f3da,0,0,0,0.25,0.25,0.25
bf7b93b6-de7552a6,0,0,0,0.25,0.25,0.25
bf7cb2a4-685faa7f,2,2,2,1.0,1.0,1.0
bf7e1159-054559d2,0,0,0,0.25,0.25,0.25
bf7e1159-d2bcc563,0,0,0,0.25,0.25,0.25
bf7f097a-2fcff02a,1,1,1,0.5,0.5,0.5
bf7f98e7-026008d3,0,0,0,0.25,0.25,0.25
bf7f98e7-ca70ee34,0,0,0,0.25,0.25,0.25
bf80599d-c04f3cbb,0,0,0,0.25,0.25,0.25
bf80a27d-159d64f6,0,0,0,0.25,0.25,0.25
bf80a27d-2933a89a,0,0,0,0.25,0.25,0.25
bf80a27d-38c70fee,2,2,2,1.0,1.0,1.0
bf8220b9-086e9e29,1,1,1,0.5,0.5,0.5
bf8332bd-2f11c278,1,1,1,0.5,0.5,0.5
bf838e9d-08f6fb44,0,0,0,0.25,0.25,0.25
bf838e9d-d8d5be4d,2,2,2,1.0,1.0,1.0
bf83a7d7-d4c69012,2,2,2,1.0,1.0,1.0
bf83fca6-1742f6e6,1,1,1,0.5,0.5,0.5
bf8463c9-7f1810d4,1,1,1,0.5,0.5,0.5
bf86bb70-2699b8b6,2,2,2,1.0,1.0,1.0
bf879071-533b979e,0,0,0,0.25,0.25,0.25
bf8982ce-1369162c,0,0,0,0.25,0.25,0.25
bf8982ce-1ae20c0f,2,2,2,1.0,1.0,1.0
bf8982ce-a4dd6736,0,0,0,0.25,0.25,0.25
bf8ec5b7-66439a9c,2,2,2,1.0,1.0,1.0
bf8ec5b7-72e1f37c,1,1,1,0.5,0.5,0.5
bf8feaf5-cf2b6195,0,0,0,0.25,0.25,0.25
bf8ff5f5-1133a840,0,0,0,0.25,0.25,0.25
bf8ff5f5-877edaa0,1,1,1,0.5,0.5,0.5
bf8ff5f5-916b50d0,0,0,0,0.25,0.25,0.25
bf8ff5f5-9ae0cea2,0,0,0,0.25,0.25,0.25
bf90176a-c0b94917,0,0,0,0.25,0.25,0.25
bf928096-25eb02e7,0,0,0,0.25,0.25,0.25
bf928096-34a8405b,0,0,0,0.25,0.25,0.25
bf928096-9b96d95f,1,1,1,0.5,0.5,0.5
bf9460c0-65fea53a,2,2,2,1.0,1.0,1.0
bf96ae83-7705add3,0,0,0,0.25,0.25,0.25
bf96f64f-283c7376,2,2,2,1.0,1.0,1.0
bf97082f-6527ff5e,2,2,2,1.0,1.0,1.0
bf97082f-7b5ec66c,0,0,0,0.25,0.25,0.25
bf971590-0308762e,0,0,0,0.25,0.25,0.25
bf972758-7ae264e7,2,2,2,1.0,1.0,1.0
bf972758-b963f153,1,1,1,0.5,0.5,0.5
bf9881e4-9f1bb471,2,2,2,1.0,1.0,1.0
bf9881e4-ade54a94,1,1,1,0.5,0.5,0.5
bf9a1430-3640a531,2,2,2,1.0,1.0,1.0
bf9a1430-d4650520,0,0,0,0.25,0.25,0.25
bf9aa573-01b4b4f8,1,1,1,0.5,0.5,0.5
bf9b895d-47e834dc,0,0,0,0.25,0.25,0.25
bf9ba5a3-22398dcc,1,1,1,0.5,0.5,0.5
bf9cab66-816b6d5f,0,0,0,0.25,0.25,0.25
bf9d1ca5-2ff62aeb,1,1,1,0.5,0.5,0.5
bf9e2172-8a10c663,2,2,2,1.0,1.0,1.0
bf9e2172-8feb4817,1,1,1,0.5,0.5,0.5
bf9e3b67-2d5736bc,0,0,0,0.25,0.25,0.25
bf9e3b67-49c1ef1c,0,0,0,0.25,0.25,0.25
bf9e3b67-7c3ff8f9,0,0,0,0.25,0.25,0.25
bf9e5f64-da8a4c40,2,2,2,1.0,1.0,1.0
bfa05832-d5061cc3,1,1,1,0.5,0.5,0.5
bfa087f5-1913ced9,1,1,1,0.5,0.5,0.5
bfa23f26-588ee4a8,2,2,2,1.0,1.0,1.0
bfa5fc6e-d45ac06d,0,0,0,0.25,0.25,0.25
bfa5fc6e-d9573dba,0,0,0,0.25,0.25,0.25
bfa5fc6e-e4c87cf7,1,1,1,0.5,0.5,0.5
bfa89962-310ad204,0,0,0,0.25,0.25,0.25
bfa89962-637b5ce3,1,1,1,0.5,0.5,0.5
bfa89962-9698bc68,1,1,1,0.5,0.5,0.5
bfa89962-a4546438,0,0,0,0.25,0.25,0.25
bfa8c531-7831c864,1,1,1,0.5,0.5,0.5
bfa8c531-e3fed04f,1,1,1,0.5,0.5,0.5
bfa92b30-41f9894f,0,0,0,0.25,0.25,0.25
bfa92b30-f12f3535,0,0,0,0.25,0.25,0.25
bfaa2229-ae426591,0,0,0,0.25,0.25,0.25
bfaa2229-c1b190bb,2,2,2,1.0,1.0,1.0
bfaa6e54-07a6b37f,0,0,0,0.25,0.25,0.25
bfaa6e54-0aeb77a6,2,2,2,1.0,1.0,1.0
bfaa6e54-147a080d,0,0,0,0.25,0.25,0.25
bfaa6e54-7749c750,0,0,0,0.25,0.25,0.25
bfaa6e54-86f831bf,2,2,2,1.0,1.0,1.0
bfaa6e54-d6a20a93,1,1,1,0.5,0.5,0.5
bfaa6e54-f82c8c56,1,1,1,0.5,0.5,0.5
bfaa6e54-fafa90f6,2,2,2,1.0,1.0,1.0
bfaca2bb-22fbe726,1,1,1,0.5,0.5,0.5
bfaca2bb-30af2110,2,2,2,1.0,1.0,1.0
bfaca2bb-98dfee43,0,0,0,0.25,0.25,0.25
bfaca2bb-b5223147,0,0,0,0.25,0.25,0.25
bfaca2bb-f1c305a8,0,0,0,0.25,0.25,0.25
bfacd805-eb6140c4,1,1,1,0.5,0.5,0.5
bfae2833-616084f1,2,2,2,1.0,1.0,1.0
bfb0e8d5-bd35f625,0,0,0,0.25,0.25,0.25
bfb11474-87040800,2,2,2,1.0,1.0,1.0
bfb23820-94babfba,2,2,2,1.0,1.0,1.0
bfb2803b-16154aab,1,1,1,0.5,0.5,0.5
bfb37269-2df1685d,0,0,0,0.25,0.25,0.25
bfb3cabc-90e4418a,0,0,0,0.25,0.25,0.25
bfb3e0e3-6767a552,2,2,2,1.0,1.0,1.0
bfb3e0e3-9844c8ca,2,2,2,1.0,1.0,1.0
bfb41e9f-48952c95,0,0,0,0.25,0.25,0.25
bfb41e9f-e4f81437,0,0,0,0.25,0.25,0.25
bfb4dfcd-2f987f2b,0,0,0,0.25,0.25,0.25
bfb5e668-6cddf5eb,0,0,0,0.25,0.25,0.25
bfb5e668-73628b9f,1,1,1,0.5,0.5,0.5
bfb60a50-6a338fe9,0,0,0,0.25,0.25,0.25
bfb6d7c1-d607f837,0,0,0,0.25,0.25,0.25
bfb72242-2b84934e,1,1,1,0.5,0.5,0.5
bfb72242-c9cffb08,1,1,1,0.5,0.5,0.5
bfb97ec2-23a5c362,1,1,1,0.5,0.5,0.5
bfb9cf70-29fd574e,0,0,0,0.25,0.25,0.25
bfba9eb5-3f0a9a5b,1,1,1,0.5,0.5,0.5
bfba9eb5-64a87010,0,0,0,0.25,0.25,0.25
bfba9eb5-efe572ee,2,2,2,1.0,1.0,1.0
bfbaca55-12ec55cc,2,2,2,1.0,1.0,1.0
bfbaca55-9e368f0e,0,0,0,0.25,0.25,0.25
bfbaca55-cb5e8edb,0,0,0,0.25,0.25,0.25
bfbc2f14-6fb10366,0,0,0,0.25,0.25,0.25
bfbe2ad2-03a46467,0,0,0,0.25,0.25,0.25
bfbe2ad2-303c3576,2,2,2,1.0,1.0,1.0
bfbe2ad2-a1ac1610,0,0,0,0.25,0.25,0.25
bfbe2ad2-eaedd133,2,2,2,1.0,1.0,1.0
bfbe2ad2-ec5dea9d,0,0,0,0.25,0.25,0.25
bfc0402e-23a0568c,1,1,1,0.5,0.5,0.5
bfc06497-fc2b4581,0,0,0,0.25,0.25,0.25
bfc3a09f-117ab7b9,0,0,0,0.25,0.25,0.25
bfc43556-5db6add1,2,2,2,1.0,1.0,1.0
bfc5dbe7-792c876f,2,2,2,1.0,1.0,1.0
bfc62f16-5ecb9627,0,0,0,0.25,0.25,0.25
bfc62f16-845d051b,1,1,1,0.5,0.5,0.5
bfc62f16-f0cc96d9,2,2,2,1.0,1.0,1.0
bfc62f16-f4f6adfa,1,1,1,0.5,0.5,0.5
bfc62f16-f88f822c,1,1,1,0.5,0.5,0.5
bfc62f16-fabea717,1,1,1,0.5,0.5,0.5
bfc8dd24-b7264c9d,0,0,0,0.25,0.25,0.25
bfc8dd24-e8506ffa,1,1,1,0.5,0.5,0.5
bfc99518-547e6e69,0,0,0,0.25,0.25,0.25
bfcd1873-fbd35796,1,1,1,0.5,0.5,0.5
bfcd4491-8f55e55d,1,1,1,0.5,0.5,0.5
bfd08f2c-b67851d1,0,0,0,0.25,0.25,0.25
bfd29575-767314a3,0,0,0,0.25,0.25,0.25
bfd32194-f4ea20e9,0,0,0,0.25,0.25,0.25
bfd64d5f-172c9bb5,0,0,0,0.25,0.25,0.25
bfd64d5f-a12327b4,0,0,0,0.25,0.25,0.25
bfd64d5f-d141be33,0,0,0,0.25,0.25,0.25
bfd64d5f-ec05de8b,0,0,0,0.25,0.25,0.25
bfd64d5f-f98204af,2,2,2,1.0,1.0,1.0
bfd74a4a-94602dce,0,0,0,0.25,0.25,0.25
bfdb9d69-9beabbd2,2,2,2,1.0,1.0,1.0
bfdd9ffd-3943106e,2,2,2,1.0,1.0,1.0
bfdd9ffd-82f78be7,1,1,1,0.5,0.5,0.5
bfe0801e-20388316,1,1,1,0.5,0.5,0.5
bfe133fb-db319b45,2,2,2,1.0,1.0,1.0
bfe1fd3b-01f8671b,1,1,1,0.5,0.5,0.5
bfe2b817-505676ef,0,0,0,0.25,0.25,0.25
bfe2b817-628f0621,1,1,1,0.5,0.5,0.5
bfe2b817-8501bdbe,1,1,1,0.5,0.5,0.5
bfe2b817-f79474a3,1,1,1,0.5,0.5,0.5
bfe52f47-395aca52,0,0,0,0.25,0.25,0.25
bfe52f47-a09aa689,0,0,0,0.25,0.25,0.25
bfe587eb-11d07974,0,0,0,0.25,0.25,0.25
bfe587eb-6335f4b3,2,2,2,1.0,1.0,1.0
bfe587eb-9394a16a,0,0,0,0.25,0.25,0.25
bfe587eb-d21baba4,0,0,0,0.25,0.25,0.25
bfe75427-6cd46203,0,0,0,0.25,0.25,0.25
bfe7b25a-08e67541,2,2,2,1.0,1.0,1.0
bfe8b400-4d8c8141,1,1,1,0.5,0.5,0.5
bfe8b400-4f8084c2,1,1,1,0.5,0.5,0.5
bfe8b400-befb1a30,0,0,0,0.25,0.25,0.25
bfe976fd-62a13503,2,2,2,1.0,1.0,1.0
bfe98b68-6e23d74e,0,0,0,0.25,0.25,0.25
bfe98b68-afa168ac,0,0,0,0.25,0.25,0.25
bfe98b68-b1125889,0,0,0,0.25,0.25,0.25
bfea6630-09edb925,0,0,0,0.25,0.25,0.25
bfea6630-1ddff719,0,0,0,0.25,0.25,0.25
bfea6630-3fa3b8fb,1,1,1,0.5,0.5,0.5
bfea6630-64c40790,2,2,2,1.0,1.0,1.0
bfea6630-8072c98b,0,0,0,0.25,0.25,0.25
bfea6630-a872fd0d,1,1,1,0.5,0.5,0.5
bfee349b-7f157350,2,2,2,1.0,1.0,1.0
bfee82ef-f5aad313,0,0,0,0.25,0.25,0.25
bfef4a55-005ca254,0,0,0,0.25,0.25,0.25
bfef4a55-0c354241,2,2,2,1.0,1.0,1.0
bfef4a55-a91bccc2,1,1,1,0.5,0.5,0.5
bfef4a55-c2edf3fa,0,0,0,0.25,0.25,0.25
bfef4a55-cb6a5afa,0,0,0,0.25,0.25,0.25
bff1a1d0-56aa4453,0,0,0,0.25,0.25,0.25
bff1a1d0-5a57063a,0,0,0,0.25,0.25,0.25
bff2ee41-90d20c1a,0,0,0,0.25,0.25,0.25
bff35990-58723dd3,2,2,2,1.0,1.0,1.0
bff4b8c8-1713b132,0,0,0,0.25,0.25,0.25
bff4bb8b-08eee3f5,0,0,0,0.25,0.25,0.25
bff4bb8b-152c6105,2,2,2,1.0,1.0,1.0
bff4bb8b-8a96fd04,0,0,0,0.25,0.25,0.25
bff7091d-346e6f58,1,1,1,0.5,0.5,0.5
bff7091d-4ea5eb2a,0,0,0,0.25,0.25,0.25
bff76a29-d83cd75e,0,0,0,0.25,0.25,0.25
bff7ed18-00774a1e,2,2,2,1.0,1.0,1.0
bff7ed18-63d4857d,1,1,1,0.5,0.5,0.5
bff7ed18-b5f7d2e1,0,0,0,0.25,0.25,0.25
bffa2c3f-5f909b3f,1,1,1,0.5,0.5,0.5
bffa2c3f-ac75497e,0,0,0,0.25,0.25,0.25
bffa2c3f-b28b13ed,1,1,1,0.5,0.5,0.5
bffa98fc-bfb566ff,1,1,1,0.5,0.5,0.5
bffbaf67-67882851,2,2,2,1.0,1.0,1.0
bffc4ac6-08b91b4d,1,1,1,0.5,0.5,0.5
bffc4ac6-436c938b,0,0,0,0.25,0.25,0.25
bffc4ac6-583caa9e,2,2,2,1.0,1.0,1.0
bffd135f-e011f9b8,0,0,0,0.25,0.25,0.25
bffd135f-e90ce8f8,0,0,0,0.25,0.25,0.25
bffe6c38-2cd2565f,2,2,2,1.0,1.0,1.0
bffe6c38-d48f5ee5,0,0,0,0.25,0.25,0.25
bffe8c14-18cf493f,0,0,0,0.25,0.25,0.25
bffe8c14-48544350,1,1,1,0.5,0.5,0.5
bffe8c14-b44a7634,1,1,1,0.5,0.5,0.5
bffe8c14-cb8d9a20,2,2,2,1.0,1.0,1.0
c000dedd-0352a12a,0,0,0,0.25,0.25,0.25
c000dedd-db6c37a3,0,0,0,0.25,0.25,0.25
c001770a-2aac41a8,1,1,1,0.5,0.5,0.5
c001c58f-86eaaa56,0,0,0,0.25,0.25,0.25
c0020346-d539abe5,0,0,0,0.25,0.25,0.25
c002c544-26fdb4d1,2,2,2,1.0,1.0,1.0
c002e4d7-fd635384,1,1,1,0.5,0.5,0.5
c0035eda-6e1b34d6,0,0,0,0.25,0.25,0.25
c003e0c6-ed98cc51,0,0,0,0.25,0.25,0.25
c0071cbb-02fb08c6,1,1,1,0.5,0.5,0.5
c007ae4f-1529fac2,2,2,2,1.0,1.0,1.0
c007dc97-377cfd8a,2,2,2,1.0,1.0,1.0
c0082590-683d229f,0,0,0,0.25,0.25,0.25
c0082590-c1533b81,1,1,1,0.5,0.5,0.5
c0082590-e325cff4,0,0,0,0.25,0.25,0.25
c009571d-dec7e775,2,2,2,1.0,1.0,1.0
c009fbf7-93fa77b1,1,1,1,0.5,0.5,0.5
c00a8f2a-d84a9895,0,0,0,0.25,0.25,0.25
c00c9631-ae7bd0ad,0,0,0,0.25,0.25,0.25
c00cc83c-a6a9ce44,1,1,1,0.5,0.5,0.5
c00d02a5-01e36f95,0,0,0,0.25,0.25,0.25
c00d02a5-6d49812c,2,2,2,1.0,1.0,1.0
c00d0859-8e02615e,0,0,0,0.25,0.25,0.25
c00dd69e-cee6e38e,0,0,0,0.25,0.25,0.25
c00ec632-8bf1e59e,1,1,1,0.5,0.5,0.5
c00f8f83-5c4bc3eb,0,0,0,0.25,0.25,0.25
c00f8f83-bdd9f783,1,1,1,0.5,0.5,0.5
c00fffc0-bd41df0c,0,0,0,0.25,0.25,0.25
c011d5e2-d4732967,0,0,0,0.25,0.25,0.25
c012c422-cfa24c39,1,1,1,0.5,0.5,0.5
c013472b-6f3cec0b,0,0,0,0.25,0.25,0.25
c013a15f-06edbffd,0,0,0,0.25,0.25,0.25
c019c1f1-883ea964,2,2,2,1.0,1.0,1.0
c01c313b-e0b15fa2,1,1,1,0.5,0.5,0.5
c01c4d85-3381ebcd,1,1,1,0.5,0.5,0.5
c01c4d85-36b417ee,0,0,0,0.25,0.25,0.25
c01c4d85-745a5a22,0,0,0,0.25,0.25,0.25
c01c4d85-a68b0ac8,2,2,2,1.0,1.0,1.0
c01c4d85-e0e6780a,0,0,0,0.25,0.25,0.25
c01cec8c-897f1dfc,2,2,2,1.0,1.0,1.0
c01e4610-de557db8,2,2,2,1.0,1.0,1.0
c01eddca-7c14637e,0,0,0,0.25,0.25,0.25
c01feca6-4fe11029,0,0,0,0.25,0.25,0.25
c01feca6-512daace,2,2,2,1.0,1.0,1.0
c0200910-8ac0f85d,0,0,0,0.25,0.25,0.25
c0200910-93adc390,1,1,1,0.5,0.5,0.5
c0200910-e470c541,0,0,0,0.25,0.25,0.25
c0208527-089e044f,0,0,0,0.25,0.25,0.25
c0209255-980acc6a,0,0,0,0.25,0.25,0.25
c0217f91-3ec314e4,2,2,2,1.0,1.0,1.0
c02184c3-43f2bd7d,0,0,0,0.25,0.25,0.25
c022e075-40907eff,0,0,0,0.25,0.25,0.25
c022e075-de13593a,1,1,1,0.5,0.5,0.5
c022f361-3ffdbe53,1,1,1,0.5,0.5,0.5
c024c31c-9ec7869f,1,1,1,0.5,0.5,0.5
c025f721-84478bc5,1,1,1,0.5,0.5,0.5
c0276bce-0683c19d,1,1,1,0.5,0.5,0.5
c02cb208-81964a07,0,0,0,0.25,0.25,0.25
c02d0ae3-bce5af86,1,1,1,0.5,0.5,0.5
c02d18db-023c1955,0,0,0,0.25,0.25,0.25
c02d18db-f5278de0,2,2,2,1.0,1.0,1.0
c02d414a-44e52614,2,2,2,1.0,1.0,1.0
c02d414a-7176a61e,0,0,0,0.25,0.25,0.25
c02d91b8-8b1bdadc,2,2,2,1.0,1.0,1.0
c02eb4ca-1f560719,0,0,0,0.25,0.25,0.25
c02eb4ca-b352643a,0,0,0,0.25,0.25,0.25
c02ee64a-3178b7fa,0,0,0,0.25,0.25,0.25
c02ee64a-64c0a49a,1,1,1,0.5,0.5,0.5
c02ee64a-ec68fa8e,1,1,1,0.5,0.5,0.5
c02fb811-03f28b56,1,1,1,0.5,0.5,0.5
c0309dda-23a5c949,0,0,0,0.25,0.25,0.25
c030d423-3c82226c,1,1,1,0.5,0.5,0.5
c030d423-7f21731a,2,2,2,1.0,1.0,1.0
c030d423-d10bec89,2,2,2,1.0,1.0,1.0
c030d423-f3c1f768,0,0,0,0.25,0.25,0.25
c030d423-f82b1a39,0,0,0,0.25,0.25,0.25
c0336a86-50bbf914,1,1,1,0.5,0.5,0.5
c0350481-340b9ea4,2,2,2,1.0,1.0,1.0
c036f281-0fcdc2ee,1,1,1,0.5,0.5,0.5
c036f281-1d7ac9df,0,0,0,0.25,0.25,0.25
c036f281-831b21ba,0,0,0,0.25,0.25,0.25
c036f281-a0c90e9a,2,2,2,1.0,1.0,1.0
c038cdca-4df5e979,0,0,0,0.25,0.25,0.25
c038f7df-82eb7666,0,0,0,0.25,0.25,0.25
c03936ec-8a87395f,0,0,0,0.25,0.25,0.25
c03d48c2-869f09b4,0,0,0,0.25,0.25,0.25
c03d7f81-5f0aafb9,2,2,2,1.0,1.0,1.0
c03f8f84-a2f668ce,1,1,1,0.5,0.5,0.5
c04192a3-8f5b4646,1,1,1,0.5,0.5,0.5
c041ef14-a9bb6a98,1,1,1,0.5,0.5,0.5
c041f204-6b0c3778,2,2,2,1.0,1.0,1.0
c04246b7-5386e803,1,1,1,0.5,0.5,0.5
c04246b7-d3f8084d,1,1,1,0.5,0.5,0.5
c0458999-18bb1ce3,2,2,2,1.0,1.0,1.0
c046b4c6-420f75ad,1,1,1,0.5,0.5,0.5
c047f07b-d0d11ec9,1,1,1,0.5,0.5,0.5
c04ad8f3-05b8c75c,0,0,0,0.25,0.25,0.25
c04eb80c-520a8f79,2,2,2,1.0,1.0,1.0
c050a325-3fbdf46f,0,0,0,0.25,0.25,0.25
c050a325-b9aa9e5f,0,0,0,0.25,0.25,0.25
c050ecbc-968adb56,1,1,1,0.5,0.5,0.5
c051661b-c3b862eb,1,1,1,0.5,0.5,0.5
c051bcee-e5c6ad9f,1,1,1,0.5,0.5,0.5
c054d340-311be93f,2,2,2,1.0,1.0,1.0
c055cef2-01665d65,2,2,2,1.0,1.0,1.0
c055ff34-c10a74d4,0,0,0,0.25,0.25,0.25
c0568203-456be7fe,0,0,0,0.25,0.25,0.25
c05703f8-d4391e9d,0,0,0,0.25,0.25,0.25
c0572d8a-a52b43eb,1,1,1,0.5,0.5,0.5
c0576688-a5a81042,1,1,1,0.5,0.5,0.5
c05767da-e6197c97,1,1,1,0.5,0.5,0.5
c05767da-e6e016b5,1,1,1,0.5,0.5,0.5
c057f689-dde1e141,2,2,2,1.0,1.0,1.0
c0591ae4-6214d10f,0,0,0,0.25,0.25,0.25
c05df6d2-9959222a,0,0,0,0.25,0.25,0.25
c05e4d3b-3edaadc6,1,1,1,0.5,0.5,0.5
c05e4d3b-4512f1aa,0,0,0,0.25,0.25,0.25
c05ef84a-2a2e27b2,2,2,2,1.0,1.0,1.0
c05f2610-0d3df457,0,0,0,0.25,0.25,0.25
c05f27be-54bd73f1,1,1,1,0.5,0.5,0.5
c05f6683-01c5215b,1,1,1,0.5,0.5,0.5
c060ea1f-12965687,2,2,2,1.0,1.0,1.0
c060ea1f-da217407,2,2,2,1.0,1.0,1.0
c0625a26-2d4fc27d,0,0,0,0.25,0.25,0.25
c0625a26-8bacfe16,0,0,0,0.25,0.25,0.25
c0625a26-bbc13047,0,0,0,0.25,0.25,0.25
c0625a26-cd00b6b6,0,0,0,0.25,0.25,0.25
c0625a26-cefa81e9,0,0,0,0.25,0.25,0.25
c0625a26-ef2bcca4,1,1,1,0.5,0.5,0.5
c0625a26-fc1f04b9,0,0,0,0.25,0.25,0.25
c0625a26-fd1b7885,0,0,0,0.25,0.25,0.25
c0639f50-9ecb84f1,0,0,0,0.25,0.25,0.25
c063c188-26f08957,0,0,0,0.25,0.25,0.25
c064e44f-6f76921d,0,0,0,0.25,0.25,0.25
c064e44f-ccbd9a2f,2,2,2,1.0,1.0,1.0
c06733f8-1fe942b9,0,0,0,0.25,0.25,0.25
c0677163-16b35549,2,2,2,1.0,1.0,1.0
c0677163-39c6f234,0,0,0,0.25,0.25,0.25
c0677163-55a2f724,0,0,0,0.25,0.25,0.25
c0677163-613b4f10,0,0,0,0.25,0.25,0.25
c0677163-69842abb,2,2,2,1.0,1.0,1.0
c0677163-6bffc56f,0,0,0,0.25,0.25,0.25
c0677163-8371743a,0,0,0,0.25,0.25,0.25
c0677163-89d37846,1,1,1,0.5,0.5,0.5
c0677163-b0154931,0,0,0,0.25,0.25,0.25
c0677163-b6a1bcdd,2,2,2,1.0,1.0,1.0
c0677163-c094cd72,0,0,0,0.25,0.25,0.25
c0677163-c63c7c95,0,0,0,0.25,0.25,0.25
c0677163-cccbd1cf,0,0,0,0.25,0.25,0.25
c068a67b-03b6e200,0,0,0,0.25,0.25,0.25
c0697e71-428e14b1,1,1,1,0.5,0.5,0.5
c0697e71-84867efa,2,2,2,1.0,1.0,1.0
c0697e71-b05bc4b3,2,2,2,1.0,1.0,1.0
c0697e71-ba9f6c4f,1,1,1,0.5,0.5,0.5
c06aa107-6d6d0938,1,1,1,0.5,0.5,0.5
c06b00b3-b8b5c0d7,1,1,1,0.5,0.5,0.5
c06be53b-be47b965,0,0,0,0.25,0.25,0.25
c06d23aa-28bc6026,1,1,1,0.5,0.5,0.5
c06d23aa-8a03f2c0,1,1,1,0.5,0.5,0.5
c06d23aa-c38fa368,0,0,0,0.25,0.25,0.25
c06d23aa-cb9ae751,2,2,2,1.0,1.0,1.0
c06defbe-c0034220,1,1,1,0.5,0.5,0.5
c06defbe-d63aaecb,2,2,2,1.0,1.0,1.0
c06defbe-fff19cfc,0,0,0,0.25,0.25,0.25
c06e75f0-de0335ed,2,2,2,1.0,1.0,1.0
c06fd7ca-420dd696,1,1,1,0.5,0.5,0.5
c0703477-78356915,0,0,0,0.25,0.25,0.25
c0703477-b5138d5d,0,0,0,0.25,0.25,0.25
c070f253-79cd771d,2,2,2,1.0,1.0,1.0
c0711468-991a6038,0,0,0,0.25,0.25,0.25
c0717263-495fc5b6,0,0,0,0.25,0.25,0.25
c0717263-73ccb048,1,1,1,0.5,0.5,0.5
c0726425-0b2f4892,1,1,1,0.5,0.5,0.5
c07365da-fe6ea473,0,0,0,0.25,0.25,0.25
c0750fe1-50a37a79,2,2,2,1.0,1.0,1.0
c0750fe1-95210aca,1,1,1,0.5,0.5,0.5
c0756468-c4fd9382,0,0,0,0.25,0.25,0.25
c0771fb7-818e1025,0,0,0,0.25,0.25,0.25
c0771fb7-d03aa33e,1,1,1,0.5,0.5,0.5
c07733d0-6b75a5ee,1,1,1,0.5,0.5,0.5
c07733d0-7525eae7,0,0,0,0.25,0.25,0.25
c07733d0-79ec92e9,1,1,1,0.5,0.5,0.5
c07733d0-8445e6b8,0,0,0,0.25,0.25,0.25
c07733d0-9738eec9,0,0,0,0.25,0.25,0.25
c07733d0-974d1334,0,0,0,0.25,0.25,0.25
c07733d0-aebb8786,0,0,0,0.25,0.25,0.25
c0773447-b9d4a2fc,1,1,1,0.5,0.5,0.5
c0773447-c1d1508b,0,0,0,0.25,0.25,0.25
c0775b6f-d6afcd0e,1,1,1,0.5,0.5,0.5
c0775b6f-de6addd1,2,2,2,1.0,1.0,1.0
c0792259-e4b3dbbe,0,0,0,0.25,0.25,0.25
c07a05be-b5b2a3a4,1,1,1,0.5,0.5,0.5
c07ceafc-344c73cd,0,0,0,0.25,0.25,0.25
c07ceafc-6060ff3e,0,0,0,0.25,0.25,0.25
c07e5e33-06443391,2,2,2,1.0,1.0,1.0
c07e5e33-68d7a2fe,2,2,2,1.0,1.0,1.0
c07e5e33-7aeda19c,1,1,1,0.5,0.5,0.5
c07e5e33-b70291b0,1,1,1,0.5,0.5,0.5
c07e5e33-e6e74657,2,2,2,1.0,1.0,1.0
c080a244-0233bdce,0,0,0,0.25,0.25,0.25
c080a244-0d9e0842,1,1,1,0.5,0.5,0.5
c080a244-30c4cf38,0,0,0,0.25,0.25,0.25
c080a244-66dd9e1f,0,0,0,0.25,0.25,0.25
c080a244-73db7e97,2,2,2,1.0,1.0,1.0
c080a244-e915a4c2,0,0,0,0.25,0.25,0.25
c080d56f-53b1cfaf,0,0,0,0.25,0.25,0.25
c0848dc2-3958b05d,0,0,0,0.25,0.25,0.25
c08493f0-0afee671,1,1,1,0.5,0.5,0.5
c08493f0-7e15983d,1,1,1,0.5,0.5,0.5
c084d6cb-18c509b4,0,0,0,0.25,0.25,0.25
c084d6cb-9113f4ba,1,1,1,0.5,0.5,0.5
c0863b71-8c4ce9be,0,0,0,0.25,0.25,0.25
c0882fd0-cb7eb3dc,0,0,0,0.25,0.25,0.25
c0885032-0317987c,1,1,1,0.5,0.5,0.5
c0885032-2ec2353d,2,2,2,1.0,1.0,1.0
c088650e-f71b7011,1,1,1,0.5,0.5,0.5
c0892575-b842e6c9,2,2,2,1.0,1.0,1.0
c089e474-b795bcdc,1,1,1,0.5,0.5,0.5
c08ac802-a61149ad,1,1,1,0.5,0.5,0.5
c08ac802-ada02f31,0,0,0,0.25,0.25,0.25
c08b49d7-164707bb,0,0,0,0.25,0.25,0.25
c08b49d7-6d6c4ad7,1,1,1,0.5,0.5,0.5
c08b49d7-712e16b7,1,1,1,0.5,0.5,0.5
c08b49d7-83415596,1,1,1,0.5,0.5,0.5
c08b49d7-b1cea927,0,0,0,0.25,0.25,0.25
c08b49d7-bc52cd66,0,0,0,0.25,0.25,0.25
c08bf392-3d39a1bc,1,1,1,0.5,0.5,0.5
c08bf392-b9a3eeb5,0,0,0,0.25,0.25,0.25
c08c6940-0248e76d,0,0,0,0.25,0.25,0.25
c08d18c6-6d211ae8,0,0,0,0.25,0.25,0.25
c08eacf9-8054501c,0,0,0,0.25,0.25,0.25
c08eacf9-a819d218,0,0,0,0.25,0.25,0.25
c0905216-425f59d3,0,0,0,0.25,0.25,0.25
c090895d-02949f2b,2,2,2,1.0,1.0,1.0
c0924681-14dd2682,0,0,0,0.25,0.25,0.25
c092eed0-3b36e79d,1,1,1,0.5,0.5,0.5
c093cec2-178d0616,1,1,1,0.5,0.5,0.5
c093f8be-262822a7,2,2,2,1.0,1.0,1.0
c093f8be-45274361,2,2,2,1.0,1.0,1.0
c093f8be-b478e611,0,0,0,0.25,0.25,0.25
c093f8be-ca74d5ff,1,1,1,0.5,0.5,0.5
c093f8be-f17f116a,1,1,1,0.5,0.5,0.5
c094413f-30199e1f,1,1,1,0.5,0.5,0.5
c0945c0c-e16c694a,0,0,0,0.25,0.25,0.25
c0945c0c-e78590d4,1,1,1,0.5,0.5,0.5
c0945c0c-f1d60d48,1,1,1,0.5,0.5,0.5
c096103a-23e302b8,1,1,1,0.5,0.5,0.5
c096103a-665e307e,0,0,0,0.25,0.25,0.25
c09af0c6-3c0b82a7,0,0,0,0.25,0.25,0.25
c09af0c6-61c87b58,1,1,1,0.5,0.5,0.5
c09af0c6-d87bbf00,1,1,1,0.5,0.5,0.5
c09b6e1f-e23f6359,1,1,1,0.5,0.5,0.5
c09dfe6c-f23991eb,2,2,2,1.0,1.0,1.0
c09f3c10-25c675f4,0,0,0,0.25,0.25,0.25
c09ffc61-d494d8f0,2,2,2,1.0,1.0,1.0
c0a3b5cc-b6d07aae,0,0,0,0.25,0.25,0.25
c0a66d6a-607213d1,0,0,0,0.25,0.25,0.25
c0a66d6a-9542b722,2,2,2,1.0,1.0,1.0
c0a66d6a-b7cc47d8,0,0,0,0.25,0.25,0.25
c0a6cfd6-0c600d1f,0,0,0,0.25,0.25,0.25
c0a6cfd6-3b25543a,0,0,0,0.25,0.25,0.25
c0a6cfd6-a2f01374,0,0,0,0.25,0.25,0.25
c0a6cfd6-c22af944,1,1,1,0.5,0.5,0.5
c0a6cfd6-e96fd466,0,0,0,0.25,0.25,0.25
c0a6cfd6-fa4e3a71,1,1,1,0.5,0.5,0.5
c0a6cfd6-fe9a5c77,1,1,1,0.5,0.5,0.5
c0a71f47-14439a44,2,2,2,1.0,1.0,1.0
c0a71f47-5e5948c3,0,0,0,0.25,0.25,0.25
c0a7a9dc-458aa118,0,0,0,0.25,0.25,0.25
c0a7a9dc-497459f0,0,0,0,0.25,0.25,0.25
c0a7a9dc-4f00d11c,0,0,0,0.25,0.25,0.25
c0a7a9dc-60feea97,0,0,0,0.25,0.25,0.25
c0a7a9dc-7762bc0e,0,0,0,0.25,0.25,0.25
c0a7a9dc-d43be893,1,1,1,0.5,0.5,0.5
c0a7fac6-3b412647,1,1,1,0.5,0.5,0.5
c0a8843f-878c626c,1,1,1,0.5,0.5,0.5
c0a8843f-b467b5b5,2,2,2,1.0,1.0,1.0
c0aa83ea-5e7cbb16,0,0,0,0.25,0.25,0.25
c0aa979d-dd5c54d1,1,1,1,0.5,0.5,0.5
c0b14bde-89e03259,0,0,0,0.25,0.25,0.25
c0b279b6-134749d1,1,1,1,0.5,0.5,0.5
c0b30dae-548c5972,0,0,0,0.25,0.25,0.25
c0b358a3-fef47f1e,0,0,0,0.25,0.25,0.25
c0b45bc6-df6c6ee7,0,0,0,0.25,0.25,0.25
c0b4f0df-586ab062,0,0,0,0.25,0.25,0.25
c0b7212e-40f23e1e,1,1,1,0.5,0.5,0.5
c0b731b5-01375e2e,0,0,0,0.25,0.25,0.25
c0b731b5-5f8f2b02,0,0,0,0.25,0.25,0.25
c0b98a97-c7609d09,0,0,0,0.25,0.25,0.25
c0b9d756-7e259c4d,2,2,2,1.0,1.0,1.0
c0ba2a86-363aebd6,0,0,0,0.25,0.25,0.25
c0ba2a86-f44beec8,1,1,1,0.5,0.5,0.5
c0bbcd5e-d9c5d41e,1,1,1,0.5,0.5,0.5
c0bbcd5e-e207560d,0,0,0,0.25,0.25,0.25
c0bbcd5e-f57df892,1,1,1,0.5,0.5,0.5
c0bdac3c-56f7aff3,1,1,1,0.5,0.5,0.5
c0bdd2df-c6e1aa24,0,0,0,0.25,0.25,0.25
c0be0e03-063c7cf7,1,1,1,0.5,0.5,0.5
c0be0e03-0663efcf,2,2,2,1.0,1.0,1.0
c0be0e03-3ab88509,0,0,0,0.25,0.25,0.25
c0be0e03-459a6d3c,1,1,1,0.5,0.5,0.5
c0c183ff-1b24f541,0,0,0,0.25,0.25,0.25
c0c23a94-d914f7ec,1,1,1,0.5,0.5,0.5
c0c23a94-f2f15c15,1,1,1,0.5,0.5,0.5
c0c26539-f8761bd1,0,0,0,0.25,0.25,0.25
c0c27443-bf546b1f,1,1,1,0.5,0.5,0.5
c0c283d7-06fc47f0,1,1,1,0.5,0.5,0.5
c0c33c60-63c65011,0,0,0,0.25,0.25,0.25
c0c33c60-bb2f7822,0,0,0,0.25,0.25,0.25
c0c3d5f5-f17f878d,1,1,1,0.5,0.5,0.5
c0c51509-cb8d3298,0,0,0,0.25,0.25,0.25
c0c63f02-77b9b06d,0,0,0,0.25,0.25,0.25
c0c64a18-eed54540,2,2,2,1.0,1.0,1.0
c0c6e74f-8f9f8ceb,0,0,0,0.25,0.25,0.25
c0c821a8-361cc57e,0,0,0,0.25,0.25,0.25
c0c8ee02-431b9781,0,0,0,0.25,0.25,0.25
c0c8efe2-2efe6ba7,1,1,1,0.5,0.5,0.5
c0c8efe2-cb74e696,1,1,1,0.5,0.5,0.5
c0c954a7-0c7fa0bb,0,0,0,0.25,0.25,0.25
c0c9ec9a-ce2ae421,2,2,2,1.0,1.0,1.0
c0c9ec9a-d3638a82,1,1,1,0.5,0.5,0.5
c0c9ec9a-dad1653f,2,2,2,1.0,1.0,1.0
c0ca0e6f-4236bfe6,0,0,0,0.25,0.25,0.25
c0ca172c-5f15e9fb,0,0,0,0.25,0.25,0.25
c0cb2de6-501299c6,0,0,0,0.25,0.25,0.25
c0cca954-2890db9b,0,0,0,0.25,0.25,0.25
c0cce290-f5382dbd,1,1,1,0.5,0.5,0.5
c0cf4efc-65b9d672,0,0,0,0.25,0.25,0.25
c0d12f7f-1e033ebf,2,2,2,1.0,1.0,1.0
c0d12f7f-b672c821,1,1,1,0.5,0.5,0.5
c0d1a6d9-54ae850d,0,0,0,0.25,0.25,0.25
c0d3128e-7887e513,0,0,0,0.25,0.25,0.25
c0d3128e-8adf0493,0,0,0,0.25,0.25,0.25
c0d61d2b-a15012f3,2,2,2,1.0,1.0,1.0
c0d678b8-de457e55,1,1,1,0.5,0.5,0.5
c0d85a76-8187c669,0,0,0,0.25,0.25,0.25
c0d85a76-c68c9ff0,1,1,1,0.5,0.5,0.5
c0d85a76-efa45769,0,0,0,0.25,0.25,0.25
c0d8d6d0-f2152200,1,1,1,0.5,0.5,0.5
c0da08cc-444b48f0,0,0,0,0.25,0.25,0.25
c0da08cc-adbbb7b3,1,1,1,0.5,0.5,0.5
c0da399b-afffb28c,1,1,1,0.5,0.5,0.5
c0db3bd8-17587381,0,0,0,0.25,0.25,0.25
c0db3bd8-9bb194d2,1,1,1,0.5,0.5,0.5
c0dbd924-da3f8c08,2,2,2,1.0,1.0,1.0
c0dc123c-25946136,2,2,2,1.0,1.0,1.0
c0dc5a95-26ea2d7d,1,1,1,0.5,0.5,0.5
c0dc5a95-27a7b607,0,0,0,0.25,0.25,0.25
c0dc5a95-b4bfcb2c,0,0,0,0.25,0.25,0.25
c0dc9cd3-ff30805f,0,0,0,0.25,0.25,0.25
c0dcabad-155ca5ee,0,0,0,0.25,0.25,0.25
c0dcabad-418c9ebf,1,1,1,0.5,0.5,0.5
c0ddb55a-d705f3c3,1,1,1,0.5,0.5,0.5
c0ddc0e1-c0c70d00,0,0,0,0.25,0.25,0.25
c0de0a97-69386814,1,1,1,0.5,0.5,0.5
c0de5178-547765fc,0,0,0,0.25,0.25,0.25
c0de5178-dd9fe4fb,2,2,2,1.0,1.0,1.0
c0de9100-1b2704ac,2,2,2,1.0,1.0,1.0
c0de9100-dba9e79d,0,0,0,0.25,0.25,0.25
c0dee1a9-19b5d7a5,0,0,0,0.25,0.25,0.25
c0deebc1-16cfa791,0,0,0,0.25,0.25,0.25
c0deebc1-ff77802c,0,0,0,0.25,0.25,0.25
c0df59b4-a549ef6e,0,0,0,0.25,0.25,0.25
c0e05e70-6431cfed,0,0,0,0.25,0.25,0.25
c0e13807-ca0635f0,0,0,0,0.25,0.25,0.25
c0e17fa8-a378411a,0,0,0,0.25,0.25,0.25
c0e1fd2a-45156dec,0,0,0,0.25,0.25,0.25
c0e24bac-16ba0eb9,2,2,2,1.0,1.0,1.0
c0e24bac-261d32aa,0,0,0,0.25,0.25,0.25
c0e24bac-d541b20d,2,2,2,1.0,1.0,1.0
c0e24bac-f07076d1,2,2,2,1.0,1.0,1.0
c0e3df1a-5ab511a6,0,0,0,0.25,0.25,0.25
c0e3df1a-5cb39f7c,0,0,0,0.25,0.25,0.25
c0e5695d-8f784313,0,0,0,0.25,0.25,0.25
c0e631f4-cf85b543,1,1,1,0.5,0.5,0.5
c0e6d0ec-17a4eb38,1,1,1,0.5,0.5,0.5
c0e6d0ec-254d2aac,0,0,0,0.25,0.25,0.25
c0e6d0ec-71f98edb,1,1,1,0.5,0.5,0.5
c0e6d0ec-ec23e2d2,2,2,2,1.0,1.0,1.0
c0e701ee-42f7323e,0,0,0,0.25,0.25,0.25
c0e701ee-58d60493,0,0,0,0.25,0.25,0.25
c0e7271a-a3c8d55f,1,1,1,0.5,0.5,0.5
c0e74e90-15e1888e,0,0,0,0.25,0.25,0.25
c0e74e90-91053849,1,1,1,0.5,0.5,0.5
c0e74e90-9684bfc2,0,0,0,0.25,0.25,0.25
c0e834fd-74036e84,1,1,1,0.5,0.5,0.5
c0e834fd-b666a542,2,2,2,1.0,1.0,1.0
c0e8b725-a6daa3a3,1,1,1,0.5,0.5,0.5
c0e8fdda-cc0a57e4,2,2,2,1.0,1.0,1.0
c0e90884-ab3e26af,0,0,0,0.25,0.25,0.25
c0e9b7c4-cd8b7249,2,2,2,1.0,1.0,1.0
c0eab4d0-010273fa,0,0,0,0.25,0.25,0.25
c0eab4d0-f30a0b42,1,1,1,0.5,0.5,0.5
c0eb4a02-3b40262b,0,0,0,0.25,0.25,0.25
c0eba0ba-c73e128d,1,1,1,0.5,0.5,0.5
c0eba0ba-db5d7deb,0,0,0,0.25,0.25,0.25
c0ec0d98-63733eb9,2,2,2,1.0,1.0,1.0
c0ed2c49-e0d49ca5,1,1,1,0.5,0.5,0.5
c0edf06a-74008e93,2,2,2,1.0,1.0,1.0
c0efbe92-2ee3e529,2,2,2,1.0,1.0,1.0
c0efbe92-541cb3fa,2,2,2,1.0,1.0,1.0
c0efbe92-d5be8958,2,2,2,1.0,1.0,1.0
c0f1a2f9-0e16bcb7,0,0,0,0.25,0.25,0.25
c0f1a2f9-1476c2ee,0,0,0,0.25,0.25,0.25
c0f1a2f9-6b09c60a,1,1,1,0.5,0.5,0.5
c0f1a2f9-8928361a,1,1,1,0.5,0.5,0.5
c0f1a2f9-d0b67ce6,0,0,0,0.25,0.25,0.25
c0f1a2f9-df251b35,0,0,0,0.25,0.25,0.25
c0f35000-9401b8f3,2,2,2,1.0,1.0,1.0
c0f4e96b-3fa1961a,0,0,0,0.25,0.25,0.25
c0f5b0d0-17e0110c,0,0,0,0.25,0.25,0.25
c0f5b0d0-6e438a33,0,0,0,0.25,0.25,0.25
c0f5b0d0-d088d6c1,0,0,0,0.25,0.25,0.25
c0f5b0d0-d0dcf28e,0,0,0,0.25,0.25,0.25
c0f5b0d0-f7860ad8,0,0,0,0.25,0.25,0.25
c0f6ac18-37ce6bd5,1,1,1,0.5,0.5,0.5
c0f739d8-6ff93525,2,2,2,1.0,1.0,1.0
c0f7c2d3-1abf98ec,1,1,1,0.5,0.5,0.5
c0f89882-542093a7,0,0,0,0.25,0.25,0.25
c0f89882-8961b4ed,1,1,1,0.5,0.5,0.5
c0f978fa-0651fdd0,2,2,2,1.0,1.0,1.0
c0f978fa-425cdcd6,2,2,2,1.0,1.0,1.0
c0f978fa-9b4e623f,1,1,1,0.5,0.5,0.5
c0faa237-5724019d,1,1,1,0.5,0.5,0.5
c0faf05b-b3cba171,2,2,2,1.0,1.0,1.0
c0fb59eb-895d806d,0,0,0,0.25,0.25,0.25
c0fc4716-6f3d5d3d,1,1,1,0.5,0.5,0.5
c0fc4716-ee97c5a0,1,1,1,0.5,0.5,0.5
c0fce69f-42d06912,0,0,0,0.25,0.25,0.25
c1006024-9713b693,1,1,1,0.5,0.5,0.5
c100db13-6de74f3b,0,0,0,0.25,0.25,0.25
c100db13-71b423e5,1,1,1,0.5,0.5,0.5
c100db13-878b2e5f,1,1,1,0.5,0.5,0.5
c100db13-8af08790,0,0,0,0.25,0.25,0.25
c10163bb-7ad315ce,0,0,0,0.25,0.25,0.25
c1025fcf-69509758,0,0,0,0.25,0.25,0.25
c10472c3-9c569d4f,0,0,0,0.25,0.25,0.25
c1059f09-10ccdbd4,1,1,1,0.5,0.5,0.5
c107c2f1-b2b8fff0,2,2,2,1.0,1.0,1.0
c107ca7b-e60766f2,0,0,0,0.25,0.25,0.25
c10838df-720662b5,0,0,0,0.25,0.25,0.25
c10aed37-ad2cda9b,0,0,0,0.25,0.25,0.25
c10c78a2-583a8467,0,0,0,0.25,0.25,0.25
c10e92bd-f6241f08,2,2,2,1.0,1.0,1.0
c10f0578-c613c144,0,0,0,0.25,0.25,0.25
c111bb7d-c3aa5b7a,1,1,1,0.5,0.5,0.5
c112ff03-1c0d5484,0,0,0,0.25,0.25,0.25
c119a2ea-f59c8486,0,0,0,0.25,0.25,0.25
c11a0015-fa2086af,0,0,0,0.25,0.25,0.25
c11a0015-fc7c0b35,1,1,1,0.5,0.5,0.5
c11add12-bb59c2a1,1,1,1,0.5,0.5,0.5
c11bcaaf-2213faec,0,0,0,0.25,0.25,0.25
c11c833f-3673eff3,0,0,0,0.25,0.25,0.25
c11c833f-e77889aa,2,2,2,1.0,1.0,1.0
c11f4171-18d042d3,0,0,0,0.25,0.25,0.25
c11f4171-a712ce1d,2,2,2,1.0,1.0,1.0
c11f4171-fe3bf475,1,1,1,0.5,0.5,0.5
c11f9ba5-11a0dd0f,1,1,1,0.5,0.5,0.5
c11fb0c4-16ba72ea,0,0,0,0.25,0.25,0.25
c11fb0c4-afc93e36,2,2,2,1.0,1.0,1.0
c1207647-f966579a,2,2,2,1.0,1.0,1.0
c1211833-1ba939db,1,1,1,0.5,0.5,0.5
c1211833-db271204,1,1,1,0.5,0.5,0.5
c121b93f-93807706,0,0,0,0.25,0.25,0.25
c121b93f-b2ee73d4,1,1,1,0.5,0.5,0.5
c121f402-2e25ddb9,0,0,0,0.25,0.25,0.25
c122a91d-7ac64c77,1,1,1,0.5,0.5,0.5
c122b0dd-6aea2ae9,1,1,1,0.5,0.5,0.5
c122b0dd-9c06c62c,0,0,0,0.25,0.25,0.25
c12378e1-e9b8f175,0,0,0,0.25,0.25,0.25
c1239aa1-10b91116,0,0,0,0.25,0.25,0.25
c1243d2d-1a754959,1,1,1,0.5,0.5,0.5
c1243d2d-ea0d84a3,0,0,0,0.25,0.25,0.25
c124e51c-31bb804d,0,0,0,0.25,0.25,0.25
c124e51c-52e077cb,0,0,0,0.25,0.25,0.25
c124e51c-b3b1db34,0,0,0,0.25,0.25,0.25
c1252547-1492d53d,2,2,2,1.0,1.0,1.0
c1252e1f-a88318f0,1,1,1,0.5,0.5,0.5
c1252e1f-c0640ea4,0,0,0,0.25,0.25,0.25
c1252e1f-f45bb339,0,0,0,0.25,0.25,0.25
c126dfe1-2a1c0ea8,0,0,0,0.25,0.25,0.25
c126dfe1-4bdd6502,0,0,0,0.25,0.25,0.25
c12b8a48-168db729,0,0,0,0.25,0.25,0.25
c12bfd38-4fe7afb2,1,1,1,0.5,0.5,0.5
c12c6524-ee3ce336,2,2,2,1.0,1.0,1.0
c12ce21f-6f6ecfa7,0,0,0,0.25,0.25,0.25
c12dc478-0d43272d,2,2,2,1.0,1.0,1.0
c12dc478-40a1a306,1,1,1,0.5,0.5,0.5
c12e6924-5860d30a,0,0,0,0.25,0.25,0.25
c12e6924-6d6ef77c,1,1,1,0.5,0.5,0.5
c12ea027-1f29fc11,0,0,0,0.25,0.25,0.25
c12ea027-2919c581,2,2,2,1.0,1.0,1.0
c12ea027-76835823,1,1,1,0.5,0.5,0.5
c132df41-509fc403,1,1,1,0.5,0.5,0.5
c132df41-a4dbc930,0,0,0,0.25,0.25,0.25
c132ff8a-831eadbd,1,1,1,0.5,0.5,0.5
c1356a63-e9e5a5f2,0,0,0,0.25,0.25,0.25
c1362f73-1bdcf8a1,0,0,0,0.25,0.25,0.25
c1362f73-3bafc956,1,1,1,0.5,0.5,0.5
c1362f73-42a66cea,0,0,0,0.25,0.25,0.25
c1362f73-5aa8acd1,0,0,0,0.25,0.25,0.25
c1362f73-654db2c3,0,0,0,0.25,0.25,0.25
c1362f73-6abdd8c2,0,0,0,0.25,0.25,0.25
c1362f73-93d3e230,1,1,1,0.5,0.5,0.5
c1362f73-9538421f,0,0,0,0.25,0.25,0.25
c1362f73-bc544663,1,1,1,0.5,0.5,0.5
c1362f73-ddc9206a,0,0,0,0.25,0.25,0.25
c13829a7-37c9959d,0,0,0,0.25,0.25,0.25
c13829a7-6447cab7,0,0,0,0.25,0.25,0.25
c13829a7-761a16ef,1,1,1,0.5,0.5,0.5
c1384653-b2644b7e,1,1,1,0.5,0.5,0.5
c1384653-f155dde5,0,0,0,0.25,0.25,0.25
c138a567-6a2dd99d,0,0,0,0.25,0.25,0.25
c138a567-c79aac4f,0,0,0,0.25,0.25,0.25
c1392188-10227871,0,0,0,0.25,0.25,0.25
c1394b3c-a48bc983,1,1,1,0.5,0.5,0.5
c13ab9cd-88c99ae5,0,0,0,0.25,0.25,0.25
c13b26a2-95a8d142,2,2,2,1.0,1.0,1.0
c13b9590-492e626a,1,1,1,0.5,0.5,0.5
c13b9590-500de09d,1,1,1,0.5,0.5,0.5
c13b9590-5105f7ad,1,1,1,0.5,0.5,0.5
c13b9590-54527388,0,0,0,0.25,0.25,0.25
c13b9590-7e14e55c,1,1,1,0.5,0.5,0.5
c13b9590-a875ea73,1,1,1,0.5,0.5,0.5
c13b9590-d6db1a86,0,0,0,0.25,0.25,0.25
c13b9590-fbc531ea,1,1,1,0.5,0.5,0.5
c13c0d1f-00dfd075,0,0,0,0.25,0.25,0.25
c13e6a36-6bb92c09,0,0,0,0.25,0.25,0.25
c13ecaa8-69459760,0,0,0,0.25,0.25,0.25
c13ef0e9-9cc08bb3,1,1,1,0.5,0.5,0.5
c1404de9-4f70883d,0,0,0,0.25,0.25,0.25
c1404de9-ca7c53e4,0,0,0,0.25,0.25,0.25
c1428d85-1e1afff5,2,2,2,1.0,1.0,1.0
c143af06-2e9cba65,0,0,0,0.25,0.25,0.25
c143af06-b1635ba6,1,1,1,0.5,0.5,0.5
c143af06-f2b0a9d6,0,0,0,0.25,0.25,0.25
c14425b1-5fa20993,1,1,1,0.5,0.5,0.5
c146708c-9119a8a3,0,0,0,0.25,0.25,0.25
c146d100-4ee36f35,1,1,1,0.5,0.5,0.5
c146d100-64e024d1,0,0,0,0.25,0.25,0.25
c146d100-917008e9,0,0,0,0.25,0.25,0.25
c146d100-92fd1b9f,2,2,2,1.0,1.0,1.0
c146d100-c0e4da58,1,1,1,0.5,0.5,0.5
c146d100-cb76d05b,0,0,0,0.25,0.25,0.25
c147e8f1-42dac06d,0,0,0,0.25,0.25,0.25
c147e8f1-d78d168a,1,1,1,0.5,0.5,0.5
c147ecf8-7f7e7c9e,0,0,0,0.25,0.25,0.25
c149583d-ba5e16cb,0,0,0,0.25,0.25,0.25
c1496e0d-45fb4823,0,0,0,0.25,0.25,0.25
c1496e0d-bb0887f7,0,0,0,0.25,0.25,0.25
c14a28d6-1623e98d,0,0,0,0.25,0.25,0.25
c14a83f1-16a14a16,0,0,0,0.25,0.25,0.25
c14a83f1-89a60357,0,0,0,0.25,0.25,0.25
c14c42e1-a83bad41,1,1,1,0.5,0.5,0.5
c14c42e1-bbb66a0a,1,1,1,0.5,0.5,0.5
c14ccf5b-41faebd2,1,1,1,0.5,0.5,0.5
c14d8658-f91e67b2,0,0,0,0.25,0.25,0.25
c14dc226-1d699f84,2,2,2,1.0,1.0,1.0
c14e8180-1445eb0a,0,0,0,0.25,0.25,0.25
c14e8180-1968200f,0,0,0,0.25,0.25,0.25
c14e8180-ec624140,0,0,0,0.25,0.25,0.25
c150197f-1cf078f2,2,2,2,1.0,1.0,1.0
c150197f-3dbfce3c,0,0,0,0.25,0.25,0.25
c150197f-96adff4d,0,0,0,0.25,0.25,0.25
c150197f-f934a129,0,0,0,0.25,0.25,0.25
c1504278-565f9d8f,2,2,2,1.0,1.0,1.0
c150584d-0c5c8f75,0,0,0,0.25,0.25,0.25
c150584d-67716d8e,0,0,0,0.25,0.25,0.25
c152d738-646ba59f,0,0,0,0.25,0.25,0.25
c153a7d6-902f591d,0,0,0,0.25,0.25,0.25
c154b889-24d4f272,2,2,2,1.0,1.0,1.0
c154b889-31f9ae3e,0,0,0,0.25,0.25,0.25
c154b889-9f8ad734,0,0,0,0.25,0.25,0.25
c1557ff7-0103f652,1,1,1,0.5,0.5,0.5
c155b6d9-3f10e2e8,0,0,0,0.25,0.25,0.25
c155b6d9-8938e3d3,2,2,2,1.0,1.0,1.0
c155b6d9-a803a8d9,1,1,1,0.5,0.5,0.5
c155b6d9-cfa6c733,1,1,1,0.5,0.5,0.5
c155d65b-01ae7aac,0,0,0,0.25,0.25,0.25
c155d65b-2d961d55,0,0,0,0.25,0.25,0.25
c155d65b-50f96017,1,1,1,0.5,0.5,0.5
c155d65b-ae8038a6,0,0,0,0.25,0.25,0.25
c155d65b-bf020dcb,2,2,2,1.0,1.0,1.0
c1562416-05f50759,1,1,1,0.5,0.5,0.5
c1583ab8-1c0feef0,1,1,1,0.5,0.5,0.5
c1589305-200e315b,0,0,0,0.25,0.25,0.25
c159a842-58ec61d9,2,2,2,1.0,1.0,1.0
c159a842-67c83740,0,0,0,0.25,0.25,0.25
c159a842-7a45f3d9,1,1,1,0.5,0.5,0.5
c159a842-7fa65680,0,0,0,0.25,0.25,0.25
c159a842-b245f317,0,0,0,0.25,0.25,0.25
c159a842-cdc7a8cd,1,1,1,0.5,0.5,0.5
c15c29a5-184070ba,1,1,1,0.5,0.5,0.5
c15c29a5-3a80f3b2,0,0,0,0.25,0.25,0.25
c15c29a5-47a16c75,0,0,0,0.25,0.25,0.25
c15c29a5-5be4dad3,1,1,1,0.5,0.5,0.5
c15c29a5-6881956e,2,2,2,1.0,1.0,1.0
c15c29a5-74788f46,1,1,1,0.5,0.5,0.5
c15c29a5-9af1055d,0,0,0,0.25,0.25,0.25
c15c29a5-b3da941e,0,0,0,0.25,0.25,0.25
c15c29a5-eb30cb60,2,2,2,1.0,1.0,1.0
c15c29a5-f475b344,1,1,1,0.5,0.5,0.5
c15defff-3d0670f9,1,1,1,0.5,0.5,0.5
c15e64e5-f459ff4d,2,2,2,1.0,1.0,1.0
c15e9dd6-955a897b,1,1,1,0.5,0.5,0.5
c1617c3b-c295ec43,1,1,1,0.5,0.5,0.5
c1627cd8-d8c10968,1,1,1,0.5,0.5,0.5
c16613ce-b065ed48,0,0,0,0.25,0.25,0.25
c1675e95-6e450bc4,1,1,1,0.5,0.5,0.5
c16766b6-205384e6,1,1,1,0.5,0.5,0.5
c167c2a8-3a6f62c1,2,2,2,1.0,1.0,1.0
c168558d-9a3f4c8c,1,1,1,0.5,0.5,0.5
c16a24ab-c8c540e1,0,0,0,0.25,0.25,0.25
c16c2f49-366525d8,2,2,2,1.0,1.0,1.0
c16d1626-a3df1547,0,0,0,0.25,0.25,0.25
c16d3fdb-a3a8c912,0,0,0,0.25,0.25,0.25
c16e5581-1b1317e2,0,0,0,0.25,0.25,0.25
c16e5581-3e798354,1,1,1,0.5,0.5,0.5
c1707ab9-102247cf,0,0,0,0.25,0.25,0.25
c1707ab9-9321801c,1,1,1,0.5,0.5,0.5
c1715aef-9c4e4c40,0,0,0,0.25,0.25,0.25
c172eb28-aaf233b7,2,2,2,1.0,1.0,1.0
c172eb28-fbd07793,0,0,0,0.25,0.25,0.25
c173438f-01b0b013,2,2,2,1.0,1.0,1.0
c174a2be-b32a8285,0,0,0,0.25,0.25,0.25
c174b1bd-2a882560,1,1,1,0.5,0.5,0.5
c174b1bd-4b33c65a,2,2,2,1.0,1.0,1.0
c174b1bd-62c7b473,1,1,1,0.5,0.5,0.5
c174b1bd-6d940899,0,0,0,0.25,0.25,0.25
c174b1bd-e90c56a2,2,2,2,1.0,1.0,1.0
c174b1bd-ff23da83,1,1,1,0.5,0.5,0.5
c174c108-7bf5b863,0,0,0,0.25,0.25,0.25
c1757757-140fa8b6,0,0,0,0.25,0.25,0.25
c1757757-601402ff,2,2,2,1.0,1.0,1.0
c1757757-8208000e,0,0,0,0.25,0.25,0.25
c1757757-9879fd39,1,1,1,0.5,0.5,0.5
c17752b1-1949c442,0,0,0,0.25,0.25,0.25
c177a543-86fc2f32,2,2,2,1.0,1.0,1.0
c178a6d6-0f03f247,1,1,1,0.5,0.5,0.5
c17935d5-3978abec,1,1,1,0.5,0.5,0.5
c17935d5-6da1bc64,0,0,0,0.25,0.25,0.25
c1797ffb-1f4c2bc1,0,0,0,0.25,0.25,0.25
c1797ffb-4afdb9c9,2,2,2,1.0,1.0,1.0
c1797ffb-50a40199,0,0,0,0.25,0.25,0.25
c1797ffb-633a7ed8,1,1,1,0.5,0.5,0.5
c1797ffb-df92d709,0,0,0,0.25,0.25,0.25
c1797ffb-e25c45e4,2,2,2,1.0,1.0,1.0
c179d309-0e034578,1,1,1,0.5,0.5,0.5
c179d309-59d431e7,1,1,1,0.5,0.5,0.5
c179d309-8939ab37,0,0,0,0.25,0.25,0.25
c179d309-b446fda3,1,1,1,0.5,0.5,0.5
c179d309-bbf612b9,0,0,0,0.25,0.25,0.25
c17a1579-23256ea7,1,1,1,0.5,0.5,0.5
c17a1579-37f5c36f,0,0,0,0.25,0.25,0.25
c17a1579-afd4745a,2,2,2,1.0,1.0,1.0
c17a1579-d4af565a,0,0,0,0.25,0.25,0.25
c17a1579-edf3958f,1,1,1,0.5,0.5,0.5
c17aa6cb-4966e0c9,1,1,1,0.5,0.5,0.5
c17aa6cb-b8dbbf71,1,1,1,0.5,0.5,0.5
c17ac26d-a03ed133,0,0,0,0.25,0.25,0.25
c17b1192-94d768db,2,2,2,1.0,1.0,1.0
c17b2387-acbe59ce,0,0,0,0.25,0.25,0.25
c17b2387-b53d9933,1,1,1,0.5,0.5,0.5
c17b2387-d6a59eed,1,1,1,0.5,0.5,0.5
c17fd4de-d4f40b90,0,0,0,0.25,0.25,0.25
c1807c66-2813073f,0,0,0,0.25,0.25,0.25
c181581e-2cb8bbad,1,1,1,0.5,0.5,0.5
c181581e-515d3b4a,1,1,1,0.5,0.5,0.5
c181581e-d2c1c633,0,0,0,0.25,0.25,0.25
c182828e-8ee6c4f8,1,1,1,0.5,0.5,0.5
c186075f-85cc92e4,0,0,0,0.25,0.25,0.25
c1862df8-21ee7c12,1,1,1,0.5,0.5,0.5
c1862df8-a1c9702a,0,0,0,0.25,0.25,0.25
c187431f-7b6ad6d6,2,2,2,1.0,1.0,1.0
c187a3b2-30716126,1,1,1,0.5,0.5,0.5
c189f62f-7cbbe028,0,0,0,0.25,0.25,0.25
c18b5a00-f7a987d8,0,0,0,0.25,0.25,0.25
c18c0928-a28a4f94,2,2,2,1.0,1.0,1.0
c18c2720-3900ffa7,2,2,2,1.0,1.0,1.0
c18c4ccb-c32c02c7,1,1,1,0.5,0.5,0.5
c18c9fe9-a30aa4ca,1,1,1,0.5,0.5,0.5
c18cdb0e-c6d8672a,0,0,0,0.25,0.25,0.25
c18d3ffa-2e847265,0,0,0,0.25,0.25,0.25
c18d3ffa-befc072e,0,0,0,0.25,0.25,0.25
c18df454-acb6d4fa,2,2,2,1.0,1.0,1.0
c18e4ce3-2a594c39,2,2,2,1.0,1.0,1.0
c18feebb-3e10acea,1,1,1,0.5,0.5,0.5
c1923ac1-242516f9,0,0,0,0.25,0.25,0.25
c1923ac1-5a311813,0,0,0,0.25,0.25,0.25
c1924b4e-09f3abc2,2,2,2,1.0,1.0,1.0
c1924b4e-cec324a7,0,0,0,0.25,0.25,0.25
c1924b4e-d9f9aca2,0,0,0,0.25,0.25,0.25
c192dc69-59bbb54c,0,0,0,0.25,0.25,0.25
c1947e09-4ec75b70,1,1,1,0.5,0.5,0.5
c194891d-b4b5d072,1,1,1,0.5,0.5,0.5
c19681f6-26f7aa52,0,0,0,0.25,0.25,0.25
c19681f6-c6258473,0,0,0,0.25,0.25,0.25
c1978334-40dc8bd3,1,1,1,0.5,0.5,0.5
c1978334-ee0b01df,0,0,0,0.25,0.25,0.25
c197a2a7-20f63536,1,1,1,0.5,0.5,0.5
c197a2a7-5b960a7f,0,0,0,0.25,0.25,0.25
c197a2a7-ea0bf42c,0,0,0,0.25,0.25,0.25
c198d362-608f78ff,0,0,0,0.25,0.25,0.25
c19aa2da-25679033,1,1,1,0.5,0.5,0.5
c19c6ce3-c8682f81,2,2,2,1.0,1.0,1.0
c19d66b8-46ba1ad6,0,0,0,0.25,0.25,0.25
c19d7224-503472e5,0,0,0,0.25,0.25,0.25
c19e69b1-c22bb482,0,0,0,0.25,0.25,0.25
c19e69b1-d725a651,0,0,0,0.25,0.25,0.25
c1a026fd-4cce52f5,0,0,0,0.25,0.25,0.25
c1a026fd-6c19a089,0,0,0,0.25,0.25,0.25
c1a026fd-769c0a00,1,1,1,0.5,0.5,0.5
c1a026fd-7b8320ca,2,2,2,1.0,1.0,1.0
c1a026fd-7fa757fd,2,2,2,1.0,1.0,1.0
c1a026fd-88317021,2,2,2,1.0,1.0,1.0
c1a026fd-9f4909aa,2,2,2,1.0,1.0,1.0
c1a026fd-f78b8860,0,0,0,0.25,0.25,0.25
c1a06160-7046d0fc,2,2,2,1.0,1.0,1.0
c1a06160-8c102212,0,0,0,0.25,0.25,0.25
c1a06160-fdbec44f,2,2,2,1.0,1.0,1.0
c1a07cae-0aaf3a16,2,2,2,1.0,1.0,1.0
c1a07cae-269e1f30,0,0,0,0.25,0.25,0.25
c1a07cae-67a51c91,0,0,0,0.25,0.25,0.25
c1a07cae-73529cf4,2,2,2,1.0,1.0,1.0
c1a07cae-fc54c9dc,1,1,1,0.5,0.5,0.5
c1a1e343-52fde736,1,1,1,0.5,0.5,0.5
c1a1e343-92f68005,1,1,1,0.5,0.5,0.5
c1a1e343-a2aed5dc,2,2,2,1.0,1.0,1.0
c1a2ae3c-19fc5138,2,2,2,1.0,1.0,1.0
c1a2ae3c-2040a6cf,0,0,0,0.25,0.25,0.25
c1a2ae3c-2325d797,0,0,0,0.25,0.25,0.25
c1a2f331-c407620f,1,1,1,0.5,0.5,0.5
c1a42d25-f69459ca,2,2,2,1.0,1.0,1.0
c1a479d9-0d218cf2,0,0,0,0.25,0.25,0.25
c1a479d9-0f8f9f4f,1,1,1,0.5,0.5,0.5
c1a479d9-e8ee7bae,1,1,1,0.5,0.5,0.5
c1a5825c-0ea22b59,0,0,0,0.25,0.25,0.25
c1a5825c-16222044,1,1,1,0.5,0.5,0.5
c1a5825c-29536004,0,0,0,0.25,0.25,0.25
c1a5825c-4aa34c73,0,0,0,0.25,0.25,0.25
c1a5825c-4e25e6ef,0,0,0,0.25,0.25,0.25
c1a5825c-7b895437,0,0,0,0.25,0.25,0.25
c1a5825c-83d22fb5,0,0,0,0.25,0.25,0.25
c1a5825c-b8528fc1,0,0,0,0.25,0.25,0.25
c1a5825c-c2afbdde,0,0,0,0.25,0.25,0.25
c1a5825c-f41039d1,2,2,2,1.0,1.0,1.0
c1a5825c-f4d4e625,1,1,1,0.5,0.5,0.5
c1a61e43-1fe7e02e,2,2,2,1.0,1.0,1.0
c1a8c10a-2c737293,0,0,0,0.25,0.25,0.25
c1a8c10a-85b7b1d9,2,2,2,1.0,1.0,1.0
c1a99e5b-03814753,0,0,0,0.25,0.25,0.25
c1a99e5b-9ff89172,1,1,1,0.5,0.5,0.5
c1a99e5b-c709000a,2,2,2,1.0,1.0,1.0
c1a99e5b-fc88d6a2,0,0,0,0.25,0.25,0.25
c1aa3aff-7dab2121,2,2,2,1.0,1.0,1.0
c1ae330e-0543c8dc,2,2,2,1.0,1.0,1.0
c1aed008-b74dbb7e,0,0,0,0.25,0.25,0.25
c1af705e-dfb1664f,0,0,0,0.25,0.25,0.25
c1aff52d-0b07b8ae,0,0,0,0.25,0.25,0.25
c1aff52d-48e2c3f7,0,0,0,0.25,0.25,0.25
c1b16eee-24ccb54b,1,1,1,0.5,0.5,0.5
c1b16eee-4d40da01,2,2,2,1.0,1.0,1.0
c1b16eee-61bd970b,0,0,0,0.25,0.25,0.25
c1b16eee-7773662a,1,1,1,0.5,0.5,0.5
c1b16eee-d45c1777,0,0,0,0.25,0.25,0.25
c1b173ec-7c9f4aba,0,0,0,0.25,0.25,0.25
c1b26cc4-7a7cf86b,2,2,2,1.0,1.0,1.0
c1b3582d-31ed042c,0,0,0,0.25,0.25,0.25
c1b3582d-3eb61cdc,1,1,1,0.5,0.5,0.5
c1b3582d-7a6b9124,1,1,1,0.5,0.5,0.5
c1b3582d-b9c87c82,1,1,1,0.5,0.5,0.5
c1b4cd01-249d0c21,0,0,0,0.25,0.25,0.25
c1b5a91c-9e402e78,0,0,0,0.25,0.25,0.25
c1b5aaf7-f184ef82,2,2,2,1.0,1.0,1.0
c1b64469-18575cd6,1,1,1,0.5,0.5,0.5
c1b7f449-2e7ddbce,0,0,0,0.25,0.25,0.25
c1b8863d-5c238b87,0,0,0,0.25,0.25,0.25
c1b89289-81b3242f,0,0,0,0.25,0.25,0.25
c1b93aa0-3f3c05a3,1,1,1,0.5,0.5,0.5
c1b93aa0-cba79a5f,0,0,0,0.25,0.25,0.25
c1ba5ee6-1a00a269,1,1,1,0.5,0.5,0.5
c1ba5ee6-1ac54091,0,0,0,0.25,0.25,0.25
c1ba5ee6-81459f71,0,0,0,0.25,0.25,0.25
c1ba5ee6-a7916d65,1,1,1,0.5,0.5,0.5
c1ba5ee6-b2cb1e51,0,0,0,0.25,0.25,0.25
c1ba5ee6-c2c5967a,2,2,2,1.0,1.0,1.0
c1ba5ee6-d5c419d3,0,0,0,0.25,0.25,0.25
c1ba5ee6-d7c173ea,0,0,0,0.25,0.25,0.25
c1bb60fd-24b6cf0b,0,0,0,0.25,0.25,0.25
c1bbc01a-42a391bd,1,1,1,0.5,0.5,0.5
c1bbc01a-be613683,2,2,2,1.0,1.0,1.0
c1bbc01a-cd5108c4,0,0,0,0.25,0.25,0.25
c1bc8490-bf1a47be,2,2,2,1.0,1.0,1.0
c1bd17fc-fc404eba,0,0,0,0.25,0.25,0.25
c1bd4140-1f2bd79e,0,0,0,0.25,0.25,0.25
c1bd4140-645c2847,1,1,1,0.5,0.5,0.5
c1bd4140-690572f8,2,2,2,1.0,1.0,1.0
c1bd9a5f-8706ae26,1,1,1,0.5,0.5,0.5
c1be4f15-060de5f9,1,1,1,0.5,0.5,0.5
c1bf3315-d2d3b34f,0,0,0,0.25,0.25,0.25
c1c2aba5-5d0757aa,1,1,1,0.5,0.5,0.5
c1c6903c-922c5fce,0,0,0,0.25,0.25,0.25
c1c70561-e47b6c58,2,2,2,1.0,1.0,1.0
c1c778df-c9e106ab,0,0,0,0.25,0.25,0.25
c1c7a738-75bb5332,1,1,1,0.5,0.5,0.5
c1c811a6-523b402f,2,2,2,1.0,1.0,1.0
c1c865f7-23381910,0,0,0,0.25,0.25,0.25
c1c8b782-bd19a1f1,0,0,0,0.25,0.25,0.25
c1c8b782-bece3215,0,0,0,0.25,0.25,0.25
c1c8cf02-3ada98f8,0,0,0,0.25,0.25,0.25
c1c91c87-beecba09,1,1,1,0.5,0.5,0.5
c1ca33ef-2b3cedac,0,0,0,0.25,0.25,0.25
c1ca33ef-b36cc11b,1,1,1,0.5,0.5,0.5
c1cc53e4-301ce7f6,0,0,0,0.25,0.25,0.25
c1d28a8a-6ce21619,0,0,0,0.25,0.25,0.25
c1d2a1ff-3fe5e395,0,0,0,0.25,0.25,0.25
c1d4499d-c5dd6747,2,2,2,1.0,1.0,1.0
c1d49e85-c8f5e1a5,1,1,1,0.5,0.5,0.5
c1d4e142-4fedae95,2,2,2,1.0,1.0,1.0
c1d63428-737aac1d,0,0,0,0.25,0.25,0.25
c1d7db26-99ee3075,1,1,1,0.5,0.5,0.5
c1d9b74d-19748e56,2,2,2,1.0,1.0,1.0
c1d9b74d-56311612,0,0,0,0.25,0.25,0.25
c1d9b74d-57a10465,0,0,0,0.25,0.25,0.25
c1d9b74d-d3c2b059,1,1,1,0.5,0.5,0.5
c1d9b74d-f9ebe548,0,0,0,0.25,0.25,0.25
c1d9edc8-8986da55,1,1,1,0.5,0.5,0.5
c1da4b69-9de1ea25,0,0,0,0.25,0.25,0.25
c1db01c0-566146b4,1,1,1,0.5,0.5,0.5
c1dbf9f7-0090d73a,2,2,2,1.0,1.0,1.0
c1dc04b3-0279aa42,0,0,0,0.25,0.25,0.25
c1dc5cd2-0fd8be03,1,1,1,0.5,0.5,0.5
c1dcd827-e36b0fd0,1,1,1,0.5,0.5,0.5
c1de2ece-05370fe3,2,2,2,1.0,1.0,1.0
c1de2ece-26433e37,0,0,0,0.25,0.25,0.25
c1de2ece-5e60449c,0,0,0,0.25,0.25,0.25
c1de2ece-fae99097,0,0,0,0.25,0.25,0.25
c1ded192-65c5836c,0,0,0,0.25,0.25,0.25
c1e10ddc-10a024c6,2,2,2,1.0,1.0,1.0
c1e10ddc-9aaafa4c,0,0,0,0.25,0.25,0.25
c1e1ae56-7ac1bd33,0,0,0,0.25,0.25,0.25
c1e1f0cb-ffa477f3,1,1,1,0.5,0.5,0.5
c1e1f7c0-9bbd3146,0,0,0,0.25,0.25,0.25
c1e1f7c0-b6466fae,0,0,0,0.25,0.25,0.25
c1e404d7-4a3eedc5,2,2,2,1.0,1.0,1.0
c1e52d50-200c259b,0,0,0,0.25,0.25,0.25
c1e52d50-62ec817f,0,0,0,0.25,0.25,0.25
c1e6340e-084ce27d,1,1,1,0.5,0.5,0.5
c1e662cf-67b73cdc,0,0,0,0.25,0.25,0.25
c1e9212e-dd32de40,0,0,0,0.25,0.25,0.25
c1ec4d78-1b59adc6,1,1,1,0.5,0.5,0.5
c1ed2bc1-13f7b91b,0,0,0,0.25,0.25,0.25
c1ed2bc1-3d9c0425,1,1,1,0.5,0.5,0.5
c1ed2bc1-6a2e61c4,0,0,0,0.25,0.25,0.25
c1ed2bc1-883eb236,2,2,2,1.0,1.0,1.0
c1eec0f9-986b3a7c,1,1,1,0.5,0.5,0.5
c1f1b5b7-9bc64925,0,0,0,0.25,0.25,0.25
c1f279ae-5a52d338,1,1,1,0.5,0.5,0.5
c1f279ae-67dfd217,0,0,0,0.25,0.25,0.25
c1f2bf8e-0364535d,2,2,2,1.0,1.0,1.0
c1f2bf8e-7b0e284d,2,2,2,1.0,1.0,1.0
c1f35f18-1bf0a037,2,2,2,1.0,1.0,1.0
c1f35f18-3c5f84a8,0,0,0,0.25,0.25,0.25
c1f35f18-3c7d204b,0,0,0,0.25,0.25,0.25
c1f35f18-419afa5e,0,0,0,0.25,0.25,0.25
c1f35f18-546dd038,0,0,0,0.25,0.25,0.25
c1f35f18-96ab408e,0,0,0,0.25,0.25,0.25
c1f35f18-a26ccd71,0,0,0,0.25,0.25,0.25
c1f35f18-b529c043,1,1,1,0.5,0.5,0.5
c1f35f18-b78de93e,2,2,2,1.0,1.0,1.0
c1f35f18-bfad084b,1,1,1,0.5,0.5,0.5
c1f35f18-cc6a82e9,1,1,1,0.5,0.5,0.5
c1f39934-077f75ad,0,0,0,0.25,0.25,0.25
c1f39934-4b7f4d35,2,2,2,1.0,1.0,1.0
c1f39934-59878ba6,1,1,1,0.5,0.5,0.5
c1f39934-5ae83750,0,0,0,0.25,0.25,0.25
c1f39934-6e74022e,1,1,1,0.5,0.5,0.5
c1f39934-717857b3,0,0,0,0.25,0.25,0.25
c1f39934-7fc50bd1,0,0,0,0.25,0.25,0.25
c1f39934-9942e4f7,0,0,0,0.25,0.25,0.25
c1f39934-d26d7dd2,0,0,0,0.25,0.25,0.25
c1f47a2c-6ff02223,1,1,1,0.5,0.5,0.5
c1f4b883-84444018,1,1,1,0.5,0.5,0.5
c1f4b883-97d48a35,1,1,1,0.5,0.5,0.5
c1f5ccf1-3db75c28,0,0,0,0.25,0.25,0.25
c1f65250-4bf4a042,1,1,1,0.5,0.5,0.5
c1f65250-7a0e931b,1,1,1,0.5,0.5,0.5
c1f7104e-b64ae3b2,2,2,2,1.0,1.0,1.0
c1f74dbc-21fc10db,1,1,1,0.5,0.5,0.5
c1f74dbc-457b1a3a,1,1,1,0.5,0.5,0.5
c1f74dbc-af3b1aa4,0,0,0,0.25,0.25,0.25
c1f74dbc-c774031f,0,0,0,0.25,0.25,0.25
c1f7cec6-549a06ac,1,1,1,0.5,0.5,0.5
c1f8d9b3-06b1c09d,0,0,0,0.25,0.25,0.25
c1f8d9b3-08345938,2,2,2,1.0,1.0,1.0
c1f8d9b3-2b52f21e,0,0,0,0.25,0.25,0.25
c1f8d9b3-343f4798,2,2,2,1.0,1.0,1.0
c1f8d9b3-438f46c3,0,0,0,0.25,0.25,0.25
c1f8d9b3-55f5ae24,0,0,0,0.25,0.25,0.25
c1f8d9b3-683c824f,1,1,1,0.5,0.5,0.5
c1f8d9b3-7cb2d56b,0,0,0,0.25,0.25,0.25
c1f8d9b3-81ee1c2d,0,0,0,0.25,0.25,0.25
c1f8d9b3-c550f84e,1,1,1,0.5,0.5,0.5
c1f8d9b3-c6dae792,1,1,1,0.5,0.5,0.5
c1f8d9b3-e7a69cc0,1,1,1,0.5,0.5,0.5
c1f917f7-49fe8032,1,1,1,0.5,0.5,0.5
c1f917f7-c3b86ce0,1,1,1,0.5,0.5,0.5
c1f9740a-41816cad,0,0,0,0.25,0.25,0.25
c1f9f357-0ea2a4a9,0,0,0,0.25,0.25,0.25
c1f9f357-ab0da339,1,1,1,0.5,0.5,0.5
c1fa7950-56a78519,1,1,1,0.5,0.5,0.5
c1fa7950-fbc6ec93,2,2,2,1.0,1.0,1.0
c1fa81f4-43a87286,0,0,0,0.25,0.25,0.25
c1fa81f4-f26197b3,1,1,1,0.5,0.5,0.5
c1fb9b6e-39387962,1,1,1,0.5,0.5,0.5
c1fbed4d-18be096c,0,0,0,0.25,0.25,0.25
c1fcbbba-82bed253,1,1,1,0.5,0.5,0.5
c1fcdfd1-b34ce63c,0,0,0,0.25,0.25,0.25
c1fd3aad-0fdb8c7c,1,1,1,0.5,0.5,0.5
c1fd3aad-e12c3c56,1,1,1,0.5,0.5,0.5
c1fdbab3-9f0f7dfd,0,0,0,0.25,0.25,0.25
c1fdd182-0431866d,0,0,0,0.25,0.25,0.25
c1fdd182-1d547f9b,1,1,1,0.5,0.5,0.5
c1fdd182-28e0d6aa,0,0,0,0.25,0.25,0.25
c1fdd182-89c4beb5,1,1,1,0.5,0.5,0.5
c1fdd182-c46e6435,1,1,1,0.5,0.5,0.5
c1fdd182-ee635148,1,1,1,0.5,0.5,0.5
c2021c8c-474a8eda,1,1,1,0.5,0.5,0.5
c2021f20-421a5da4,0,0,0,0.25,0.25,0.25
c2021f20-46a5823b,2,2,2,1.0,1.0,1.0
c2021f20-5b9772ba,2,2,2,1.0,1.0,1.0
c2021f20-6c78f954,1,1,1,0.5,0.5,0.5
c2021f20-db3a51d7,1,1,1,0.5,0.5,0.5
c202b384-5783e17c,1,1,1,0.5,0.5,0.5
c202c860-fbf85ab9,0,0,0,0.25,0.25,0.25
c2032247-86ea336e,1,1,1,0.5,0.5,0.5
c2044e67-b5d63528,0,0,0,0.25,0.25,0.25
c2046c97-1d2d5571,0,0,0,0.25,0.25,0.25
c2050b3c-55dd8c44,1,1,1,0.5,0.5,0.5
c2054961-03b26a4f,1,1,1,0.5,0.5,0.5
c20562f2-5524d6c5,2,2,2,1.0,1.0,1.0
c20685c6-10269c46,2,2,2,1.0,1.0,1.0
c2074a7c-7905ced0,0,0,0,0.25,0.25,0.25
c20aa83a-0646a7d3,0,0,0,0.25,0.25,0.25
c20ae70f-0e43133b,0,0,0,0.25,0.25,0.25
c20ae70f-197a71ae,0,0,0,0.25,0.25,0.25
c20ae70f-1c40dc28,0,0,0,0.25,0.25,0.25
c20ae70f-3fee400d,1,1,1,0.5,0.5,0.5
c20ae70f-8d54d4cb,1,1,1,0.5,0.5,0.5
c20ae70f-a8207705,0,0,0,0.25,0.25,0.25
c20ae70f-b0b530cf,2,2,2,1.0,1.0,1.0
c20ae70f-bc706ea7,1,1,1,0.5,0.5,0.5
c20ae70f-f5107b2c,2,2,2,1.0,1.0,1.0
c20ae70f-fb4f0da6,0,0,0,0.25,0.25,0.25
c20b3a6a-c51292e2,1,1,1,0.5,0.5,0.5
c20db6e7-6613883a,0,0,0,0.25,0.25,0.25
c20e5778-cfbaabbf,0,0,0,0.25,0.25,0.25
c210f326-88ad92d0,0,0,0,0.25,0.25,0.25
c21334d5-57aa0da4,1,1,1,0.5,0.5,0.5
c21334d5-c0e77c4e,0,0,0,0.25,0.25,0.25
c213a6ff-1ee61516,0,0,0,0.25,0.25,0.25
c213a6ff-386e0c8e,1,1,1,0.5,0.5,0.5
c213a6ff-9de3bb98,0,0,0,0.25,0.25,0.25
c2148d05-9f10097f,0,0,0,0.25,0.25,0.25
c2148d05-b52ebea0,1,1,1,0.5,0.5,0.5
c214be24-661d4b88,0,0,0,0.25,0.25,0.25
c214c96d-579ff000,1,1,1,0.5,0.5,0.5
c2179f35-d4666c72,2,2,2,1.0,1.0,1.0
c2186a76-5444a563,0,0,0,0.25,0.25,0.25
c2186a76-6757a4be,1,1,1,0.5,0.5,0.5
c2186a76-86491ba7,2,2,2,1.0,1.0,1.0
c219e30c-1f1796a7,0,0,0,0.25,0.25,0.25
c219f321-d15ce31b,1,1,1,0.5,0.5,0.5
c21bf66e-42fff314,1,1,1,0.5,0.5,0.5
c21d47dc-fd0bdc45,2,2,2,1.0,1.0,1.0
c21defc7-61b5e22a,2,2,2,1.0,1.0,1.0
c21e328e-0d19a282,0,0,0,0.25,0.25,0.25
c21ef8aa-0c751223,0,0,0,0.25,0.25,0.25
c21ef8aa-cabc5b7a,0,0,0,0.25,0.25,0.25
c21f174e-57fbb4a3,2,2,2,1.0,1.0,1.0
c21f174e-63f35244,2,2,2,1.0,1.0,1.0
c21f174e-c4bbb429,2,2,2,1.0,1.0,1.0
c21fba09-38039a43,1,1,1,0.5,0.5,0.5
c21fba09-53381e9a,0,0,0,0.25,0.25,0.25
c21fba09-8236eb51,0,0,0,0.25,0.25,0.25
c21fba09-f3c37fc9,1,1,1,0.5,0.5,0.5
c21fba09-f4501c68,1,1,1,0.5,0.5,0.5
c2201fab-5d3df1a5,0,0,0,0.25,0.25,0.25
c2201fab-cbe7ff17,2,2,2,1.0,1.0,1.0
c2201fab-f8248caa,1,1,1,0.5,0.5,0.5
c2216e26-f9faa96a,0,0,0,0.25,0.25,0.25
c223e6d7-9cc59b6b,0,0,0,0.25,0.25,0.25
c223e6d7-e1a9bb5a,1,1,1,0.5,0.5,0.5
c2244286-08a1eebf,0,0,0,0.25,0.25,0.25
c2260f2c-787c095d,2,2,2,1.0,1.0,1.0
c22b4f17-7befe1a1,0,0,0,0.25,0.25,0.25
c22b4f17-afdf71f2,1,1,1,0.5,0.5,0.5
c22c0422-2de1b215,0,0,0,0.25,0.25,0.25
c22f5c49-f16b772b,0,0,0,0.25,0.25,0.25
c22feff4-14505161,0,0,0,0.25,0.25,0.25
c2302f7c-85b15ee2,1,1,1,0.5,0.5,0.5
c2313d3a-69748e1a,1,1,1,0.5,0.5,0.5
c231647c-229d2cac,1,1,1,0.5,0.5,0.5
c233073e-4295b189,0,0,0,0.25,0.25,0.25
c2341eec-16d212b8,0,0,0,0.25,0.25,0.25
c2341eec-293df47b,0,0,0,0.25,0.25,0.25
c23551ce-34508f75,0,0,0,0.25,0.25,0.25
c23551ce-6007b75e,1,1,1,0.5,0.5,0.5
c2364a53-a22c73f2,0,0,0,0.25,0.25,0.25
c23746ed-28a94ca8,0,0,0,0.25,0.25,0.25
c23770f3-1b29a7b7,0,0,0,0.25,0.25,0.25
c237ce66-cf2860b7,0,0,0,0.25,0.25,0.25
c2381a27-bf6306b9,0,0,0,0.25,0.25,0.25
c239ab3d-61c3912f,2,2,2,1.0,1.0,1.0
c239dcd2-0868f0e1,2,2,2,1.0,1.0,1.0
c239dcd2-bbd38c33,2,2,2,1.0,1.0,1.0
c239f9d5-92e82ab6,0,0,0,0.25,0.25,0.25
c239f9d5-a5ccfdec,0,0,0,0.25,0.25,0.25
c239f9d5-ba69ae6a,2,2,2,1.0,1.0,1.0
c2425dd9-c679e796,1,1,1,0.5,0.5,0.5
c2425dd9-ca97c25b,0,0,0,0.25,0.25,0.25
c242b4b8-0dab228f,0,0,0,0.25,0.25,0.25
c242b4b8-6757e7b6,2,2,2,1.0,1.0,1.0
c242b4b8-7d73aa05,0,0,0,0.25,0.25,0.25
c242b4b8-f07bddfe,0,0,0,0.25,0.25,0.25
c2437a91-3c23aba9,0,0,0,0.25,0.25,0.25
c2461a5a-936bf379,1,1,1,0.5,0.5,0.5
c2461a5a-c6094472,1,1,1,0.5,0.5,0.5
c24838fd-064f7c3f,2,2,2,1.0,1.0,1.0
c24838fd-2747849c,0,0,0,0.25,0.25,0.25
c24838fd-971abd46,0,0,0,0.25,0.25,0.25
c24838fd-ad7ca437,0,0,0,0.25,0.25,0.25
c24838fd-e3eae166,0,0,0,0.25,0.25,0.25
c24838fd-e77a2501,0,0,0,0.25,0.25,0.25
c249fd49-2b590a59,1,1,1,0.5,0.5,0.5
c24a4e92-fe4e161a,0,0,0,0.25,0.25,0.25
c24ab4b6-3f1b1b45,0,0,0,0.25,0.25,0.25
c24aece5-9554f636,0,0,0,0.25,0.25,0.25
c24bae34-454a0416,2,2,2,1.0,1.0,1.0
c24bae34-ecd0abe5,0,0,0,0.25,0.25,0.25
c24bfc75-858cdb28,0,0,0,0.25,0.25,0.25
c24da7c7-21c58e17,0,0,0,0.25,0.25,0.25
c24e1c23-c639fa40,0,0,0,0.25,0.25,0.25
c24e5f86-035733db,0,0,0,0.25,0.25,0.25
c24e5f86-182d7a32,1,1,1,0.5,0.5,0.5
c24e5f86-317d18d5,0,0,0,0.25,0.25,0.25
c24e5f86-c7ad4eac,0,0,0,0.25,0.25,0.25
c24e7c72-2aefe7f1,2,2,2,1.0,1.0,1.0
c24e7c72-3f74481c,2,2,2,1.0,1.0,1.0
c24e7c72-be9fff6f,2,2,2,1.0,1.0,1.0
c24e7c72-c2ea97f0,0,0,0,0.25,0.25,0.25
c24e7c72-ec7528ea,2,2,2,1.0,1.0,1.0
c24e7c72-f53291ea,0,0,0,0.25,0.25,0.25
c2509294-e36cd975,1,1,1,0.5,0.5,0.5
c2509294-f6bd70dc,1,1,1,0.5,0.5,0.5
c2511583-9b7d39a0,0,0,0,0.25,0.25,0.25
c253aa39-477c3d0a,0,0,0,0.25,0.25,0.25
c253f19a-40117192,2,2,2,1.0,1.0,1.0
c2592033-48254ed4,0,0,0,0.25,0.25,0.25
c2592033-8052ef77,1,1,1,0.5,0.5,0.5
c2592033-97240486,1,1,1,0.5,0.5,0.5
c25956aa-0dba6cc7,2,2,2,1.0,1.0,1.0
c25a8eea-5c0d75f6,0,0,0,0.25,0.25,0.25
c25d979a-020521ba,0,0,0,0.25,0.25,0.25
c25d979a-8467d479,1,1,1,0.5,0.5,0.5
c25f97e6-1827a77f,0,0,0,0.25,0.25,0.25
c25f97e6-2007b36c,0,0,0,0.25,0.25,0.25
c25f97e6-3fe484e6,1,1,1,0.5,0.5,0.5
c25f97e6-6a4c4ca2,0,0,0,0.25,0.25,0.25
c261a365-e321c618,0,0,0,0.25,0.25,0.25
c262c510-15478ba1,2,2,2,1.0,1.0,1.0
c264943c-5e493c9f,0,0,0,0.25,0.25,0.25
c265ca04-fe330cbb,0,0,0,0.25,0.25,0.25
c26620df-69c25d46,0,0,0,0.25,0.25,0.25
c267da7f-006f108f,2,2,2,1.0,1.0,1.0
c267da7f-b62da311,0,0,0,0.25,0.25,0.25
c267da7f-d242db6c,2,2,2,1.0,1.0,1.0
c2680d40-90d19d17,0,0,0,0.25,0.25,0.25
c26abe13-497f3abf,2,2,2,1.0,1.0,1.0
c26b2918-1cb13443,1,1,1,0.5,0.5,0.5
c26b9b25-a8bbf0b5,0,0,0,0.25,0.25,0.25
c26c1352-5e1c2fe2,0,0,0,0.25,0.25,0.25
c26c1883-9c563aa8,0,0,0,0.25,0.25,0.25
c26f2635-1d311675,0,0,0,0.25,0.25,0.25
c26f2635-26462f90,0,0,0,0.25,0.25,0.25
c26f2635-f33e1d9f,0,0,0,0.25,0.25,0.25
c27353a6-2b3a186d,0,0,0,0.25,0.25,0.25
c273b0cc-4286333b,1,1,1,0.5,0.5,0.5
c273e0e3-050cf9b4,0,0,0,0.25,0.25,0.25
c273e0e3-27a4413f,0,0,0,0.25,0.25,0.25
c273e0e3-524fae66,0,0,0,0.25,0.25,0.25
c274ce4e-e2f8d81b,1,1,1,0.5,0.5,0.5
c2753ce8-bef4b9d4,0,0,0,0.25,0.25,0.25
c2775fbb-12089565,0,0,0,0.25,0.25,0.25
c2775fbb-7b8764dc,0,0,0,0.25,0.25,0.25
c279d4e7-97fb3340,0,0,0,0.25,0.25,0.25
c27e2a5d-3fb04be8,0,0,0,0.25,0.25,0.25
c27e2a5d-93699ec3,0,0,0,0.25,0.25,0.25
c27e5a2b-ecd48437,1,1,1,0.5,0.5,0.5
c281c4a6-21278370,2,2,2,1.0,1.0,1.0
c281c4a6-27abfe08,0,0,0,0.25,0.25,0.25
c281c4a6-310425cb,2,2,2,1.0,1.0,1.0
c281c4a6-40432e1d,1,1,1,0.5,0.5,0.5
c281c4a6-c90826d4,0,0,0,0.25,0.25,0.25
c2841851-644a8cfe,0,0,0,0.25,0.25,0.25
c2853fd5-304c554e,0,0,0,0.25,0.25,0.25
c288c7a7-347f9b29,1,1,1,0.5,0.5,0.5
c288c7a7-785cdad5,0,0,0,0.25,0.25,0.25
c28982c9-343d3ab5,1,1,1,0.5,0.5,0.5
c28b1cad-827d300e,0,0,0,0.25,0.25,0.25
c28b60fb-a5e9b955,0,0,0,0.25,0.25,0.25
c28cecbb-11796cf6,1,1,1,0.5,0.5,0.5
c291c9ab-a9ccb89d,2,2,2,1.0,1.0,1.0
c292800e-4290dbb9,2,2,2,1.0,1.0,1.0
c292800e-fd3697ee,0,0,0,0.25,0.25,0.25
c2937a02-5e3132bb,1,1,1,0.5,0.5,0.5
c2937a02-db177509,2,2,2,1.0,1.0,1.0
c294e58f-9310c6be,1,1,1,0.5,0.5,0.5
c29829cf-9790141e,1,1,1,0.5,0.5,0.5
c29829cf-a9e05937,1,1,1,0.5,0.5,0.5
c2987e05-9c59c386,0,0,0,0.25,0.25,0.25
c2987e05-cb9bfcee,1,1,1,0.5,0.5,0.5
c29976d5-c811d4fc,1,1,1,0.5,0.5,0.5
c29d13ba-67447c50,0,0,0,0.25,0.25,0.25
c29d13ba-ad7aee3f,2,2,2,1.0,1.0,1.0
c29d444d-06b31782,0,0,0,0.25,0.25,0.25
c29d692d-ed6435ba,2,2,2,1.0,1.0,1.0
c29e8060-71ad061c,0,0,0,0.25,0.25,0.25
c29eff38-fcac5247,0,0,0,0.25,0.25,0.25
c2a0e52f-013aa867,0,0,0,0.25,0.25,0.25
c2a0e52f-024a2af0,1,1,1,0.5,0.5,0.5
c2a0e52f-bed5a09e,2,2,2,1.0,1.0,1.0
c2a26f9b-634ed98f,1,1,1,0.5,0.5,0.5
c2a26f9b-f5f43bb4,2,2,2,1.0,1.0,1.0
c2a42061-fc4af0cd,0,0,0,0.25,0.25,0.25
c2a4a88f-1a60e4a6,0,0,0,0.25,0.25,0.25
c2a5efc2-5db1bfef,2,2,2,1.0,1.0,1.0
c2a6a273-553fcc3e,0,0,0,0.25,0.25,0.25
c2a6b1c9-c45dc6e2,0,0,0,0.25,0.25,0.25
c2a6b1c9-ce009635,0,0,0,0.25,0.25,0.25
c2a6b1c9-dd645325,0,0,0,0.25,0.25,0.25
c2a76d08-8d6ecf47,1,1,1,0.5,0.5,0.5
c2a76d08-bba28d34,0,0,0,0.25,0.25,0.25
c2a861df-c568afdf,0,0,0,0.25,0.25,0.25
c2a97407-8de8d65d,0,0,0,0.25,0.25,0.25
c2a9ed1d-3468f926,2,2,2,1.0,1.0,1.0
c2ab5734-0f552875,1,1,1,0.5,0.5,0.5
c2ac826b-a3056d98,0,0,0,0.25,0.25,0.25
c2ad6f21-713c330a,1,1,1,0.5,0.5,0.5
c2b0aeff-8116fb32,0,0,0,0.25,0.25,0.25
c2b457e5-1779ee7a,0,0,0,0.25,0.25,0.25
c2b457e5-36e3ecee,0,0,0,0.25,0.25,0.25
c2b4e787-cb1903e2,0,0,0,0.25,0.25,0.25
c2b665b0-204f2f52,0,0,0,0.25,0.25,0.25
c2b673e4-93811ad0,0,0,0,0.25,0.25,0.25
c2b6ba94-2700b429,0,0,0,0.25,0.25,0.25
c2b6d359-e8c54604,2,2,2,1.0,1.0,1.0
c2b760c8-952a9da4,0,0,0,0.25,0.25,0.25
c2b79a27-6c31cf15,0,0,0,0.25,0.25,0.25
c2bc5a4c-69603eab,2,2,2,1.0,1.0,1.0
c2bc5a4c-714081e9,1,1,1,0.5,0.5,0.5
c2bc5a4c-b2bc828b,1,1,1,0.5,0.5,0.5
c2bc5a4c-c4864ac1,1,1,1,0.5,0.5,0.5
c2bcd344-ee1fa1cf,1,1,1,0.5,0.5,0.5
c2bd6e37-f28f3332,1,1,1,0.5,0.5,0.5
c2bd70f5-009e856e,0,0,0,0.25,0.25,0.25
c2bd70f5-b518c14f,1,1,1,0.5,0.5,0.5
c2bd70f5-d811bd56,1,1,1,0.5,0.5,0.5
c2c2b345-0bd03595,1,1,1,0.5,0.5,0.5
c2c32a23-8636a7e4,1,1,1,0.5,0.5,0.5
c2c32a23-b356a99b,0,0,0,0.25,0.25,0.25
c2c38d09-ac9ea6ea,1,1,1,0.5,0.5,0.5
c2c46944-e4ca174b,0,0,0,0.25,0.25,0.25
c2c5ac9a-fc00e41a,0,0,0,0.25,0.25,0.25
c2c5fee5-a8360924,1,1,1,0.5,0.5,0.5
c2c5fee5-da368df3,1,1,1,0.5,0.5,0.5
c2c5fee5-f8ce1342,0,0,0,0.25,0.25,0.25
c2c6e56c-253eb798,0,0,0,0.25,0.25,0.25
c2c78435-b075e841,2,2,2,1.0,1.0,1.0
c2c78435-e0e98f96,0,0,0,0.25,0.25,0.25
c2c8b275-6341d9ae,0,0,0,0.25,0.25,0.25
c2c8b275-a29bbc9b,0,0,0,0.25,0.25,0.25
c2c8b275-bd783d7f,1,1,1,0.5,0.5,0.5
c2c8b275-cd37b639,1,1,1,0.5,0.5,0.5
c2c8b275-ce362dfc,0,0,0,0.25,0.25,0.25
c2c8b275-e923a396,0,0,0,0.25,0.25,0.25
c2ca5977-11073d54,0,0,0,0.25,0.25,0.25
c2ca6fc5-20262bf2,1,1,1,0.5,0.5,0.5
c2ccc2a6-300804e4,0,0,0,0.25,0.25,0.25
c2ccc2a6-81d75278,1,1,1,0.5,0.5,0.5
c2ccdd66-06c44d2f,0,0,0,0.25,0.25,0.25
c2ccdd66-3ad4767a,2,2,2,1.0,1.0,1.0
c2ccdd66-47e6d7cd,1,1,1,0.5,0.5,0.5
c2ccdd66-66b6b14f,1,1,1,0.5,0.5,0.5
c2ccdd66-8cf38323,0,0,0,0.25,0.25,0.25
c2ccdd66-f578a841,0,0,0,0.25,0.25,0.25
c2cce0a4-9e2fccd0,0,0,0,0.25,0.25,0.25
c2cf05b9-112623fd,1,1,1,0.5,0.5,0.5
c2cf05b9-a796747a,1,1,1,0.5,0.5,0.5
c2d051a0-007fa10e,0,0,0,0.25,0.25,0.25
c2d051a0-31c90f75,0,0,0,0.25,0.25,0.25
c2d051a0-33d3efce,1,1,1,0.5,0.5,0.5
c2d051a0-a1590f05,0,0,0,0.25,0.25,0.25
c2d07fa1-f6cebd10,0,0,0,0.25,0.25,0.25
c2d33423-0f14ffaa,2,2,2,1.0,1.0,1.0
c2d33423-8f1d3d05,0,0,0,0.25,0.25,0.25
c2d5a01a-a0821dcd,0,0,0,0.25,0.25,0.25
c2d5a01a-c58b92d1,0,0,0,0.25,0.25,0.25
c2d5a01a-e636934d,0,0,0,0.25,0.25,0.25
c2d84b6d-36aacbc8,2,2,2,1.0,1.0,1.0
c2d84b6d-5b9fc9f6,1,1,1,0.5,0.5,0.5
c2d921c8-2d2a2c9b,2,2,2,1.0,1.0,1.0
c2d921c8-6d91821a,0,0,0,0.25,0.25,0.25
c2dba16e-9ead0a99,1,1,1,0.5,0.5,0.5
c2e04d81-cb5871d8,1,1,1,0.5,0.5,0.5
c2e068f4-1ba33b01,2,2,2,1.0,1.0,1.0
c2e0f386-2f25f1fd,1,1,1,0.5,0.5,0.5
c2e294a9-07a2a060,1,1,1,0.5,0.5,0.5
c2e294a9-8b108774,2,2,2,1.0,1.0,1.0
c2e294a9-93e364f0,2,2,2,1.0,1.0,1.0
c2e294a9-cd5c3b02,1,1,1,0.5,0.5,0.5
c2e3cd3c-27871334,2,2,2,1.0,1.0,1.0
c2e3cd3c-d9fd1bfd,1,1,1,0.5,0.5,0.5
c2e3cd3c-fc972e2e,1,1,1,0.5,0.5,0.5
c2e3fe05-6c12de55,0,0,0,0.25,0.25,0.25
c2e3fe05-7a8ce431,2,2,2,1.0,1.0,1.0
c2e3fe05-fa312f4d,1,1,1,0.5,0.5,0.5
c2e4e91e-cf165083,1,1,1,0.5,0.5,0.5
c2e50057-06f8a09f,0,0,0,0.25,0.25,0.25
c2e50057-24acc02d,2,2,2,1.0,1.0,1.0
c2e64366-81f14610,1,1,1,0.5,0.5,0.5
c2e64366-e1c00685,1,1,1,0.5,0.5,0.5
c2e9a1b8-c9299c7a,0,0,0,0.25,0.25,0.25
c2e9a1b8-e631ecd9,0,0,0,0.25,0.25,0.25
c2eb1910-39269c22,0,0,0,0.25,0.25,0.25
c2eb2ca4-fc64114e,0,0,0,0.25,0.25,0.25
c2ecefdc-3722313c,0,0,0,0.25,0.25,0.25
c2ecefdc-899cd0ca,0,0,0,0.25,0.25,0.25
c2ecf02b-bc9b4eb7,0,0,0,0.25,0.25,0.25
c2edec5a-66ae2e42,0,0,0,0.25,0.25,0.25
c2edec5a-cb5f109b,0,0,0,0.25,0.25,0.25
c2edfde8-ed5a96ad,0,0,0,0.25,0.25,0.25
c2ee74ff-63374b3e,2,2,2,1.0,1.0,1.0
c2ee74ff-9e493288,0,0,0,0.25,0.25,0.25
c2ef33b3-561067be,2,2,2,1.0,1.0,1.0
c2f06deb-e3f1630a,0,0,0,0.25,0.25,0.25
c2f0c529-238574c7,0,0,0,0.25,0.25,0.25
c2f0d1f5-0fe37fc4,1,1,1,0.5,0.5,0.5
c2f149f0-1074361e,0,0,0,0.25,0.25,0.25
c2f16364-2fbd9f8d,0,0,0,0.25,0.25,0.25
c2f25682-16a2fc3f,1,1,1,0.5,0.5,0.5
c2f25682-59bb9423,0,0,0,0.25,0.25,0.25
c2f25682-d1334b0c,1,1,1,0.5,0.5,0.5
c2f2f742-59d1b7ac,0,0,0,0.25,0.25,0.25
c2f2f742-e24a5d3d,1,1,1,0.5,0.5,0.5
c2f3e924-031246d8,1,1,1,0.5,0.5,0.5
c2f57401-4dbd1948,1,1,1,0.5,0.5,0.5
c2f5e5c4-35640746,2,2,2,1.0,1.0,1.0
c2f5e5c4-7e0e3665,0,0,0,0.25,0.25,0.25
c2f7d6e4-2e5ac55c,2,2,2,1.0,1.0,1.0
c2f88368-4292c1a0,1,1,1,0.5,0.5,0.5
c2f8b141-5ef7d661,2,2,2,1.0,1.0,1.0
c2f92f94-43481d10,0,0,0,0.25,0.25,0.25
c2fb790e-4cd5a630,0,0,0,0.25,0.25,0.25
c2fb790e-a8d3b8eb,1,1,1,0.5,0.5,0.5
c2fd4d4f-220a401d,0,0,0,0.25,0.25,0.25
c2fd4d4f-3bb5c0cc,0,0,0,0.25,0.25,0.25
c3009124-01540ddb,0,0,0,0.25,0.25,0.25
c3009124-6a11b9b0,0,0,0,0.25,0.25,0.25
c3009124-b8d0d1ea,1,1,1,0.5,0.5,0.5
c3009124-d4c47e39,0,0,0,0.25,0.25,0.25
c300fd4b-8ff92c2d,2,2,2,1.0,1.0,1.0
c301c86c-1acdbecb,0,0,0,0.25,0.25,0.25
c30226a9-f882478c,2,2,2,1.0,1.0,1.0
c3026ac7-8105e9a9,0,0,0,0.25,0.25,0.25
c3061560-56ac649f,0,0,0,0.25,0.25,0.25
c3061560-cb940839,0,0,0,0.25,0.25,0.25
c3061560-df40e898,0,0,0,0.25,0.25,0.25
c3061560-e5d3971d,0,0,0,0.25,0.25,0.25
c306625b-dfc8a05f,1,1,1,0.5,0.5,0.5
c306771b-67b9007f,0,0,0,0.25,0.25,0.25
c308561a-0b199e0a,1,1,1,0.5,0.5,0.5
c308561a-1b698bb4,0,0,0,0.25,0.25,0.25
c308561a-448168db,2,2,2,1.0,1.0,1.0
c308561a-7b825f0b,2,2,2,1.0,1.0,1.0
c308724a-56daf08b,0,0,0,0.25,0.25,0.25
c30be28e-bc8fd997,1,1,1,0.5,0.5,0.5
c30db884-c85d8fee,0,0,0,0.25,0.25,0.25
c30f013a-9e9fe3ce,1,1,1,0.5,0.5,0.5
c30f013a-a0802298,0,0,0,0.25,0.25,0.25
c30f959a-bd87aa16,0,0,0,0.25,0.25,0.25
c3127fc5-0411259f,1,1,1,0.5,0.5,0.5
c3130621-11b84f78,1,1,1,0.5,0.5,0.5
c3130621-97d57961,0,0,0,0.25,0.25,0.25
c3148906-5b3db383,0,0,0,0.25,0.25,0.25
c3148906-a35c7571,0,0,0,0.25,0.25,0.25
c315b14e-429b1108,2,2,2,1.0,1.0,1.0
c31625c9-4cf16add,2,2,2,1.0,1.0,1.0
c31625c9-9e5a7d0c,1,1,1,0.5,0.5,0.5
c317c38b-ce5550bb,0,0,0,0.25,0.25,0.25
c31a04de-1c417568,1,1,1,0.5,0.5,0.5
c31a04de-a3a5bc29,0,0,0,0.25,0.25,0.25
c31a04de-b269b568,2,2,2,1.0,1.0,1.0
c31a04de-d4cc31fb,0,0,0,0.25,0.25,0.25
c31aa396-beb4f81b,2,2,2,1.0,1.0,1.0
c31aa969-1f6cbf7f,0,0,0,0.25,0.25,0.25
c31aa969-3e3a215c,1,1,1,0.5,0.5,0.5
c31aa969-7da84341,0,0,0,0.25,0.25,0.25
c31aa969-9a2a8c52,0,0,0,0.25,0.25,0.25
c31aa969-9cd15ede,0,0,0,0.25,0.25,0.25
c31aa969-cb2fb9ce,0,0,0,0.25,0.25,0.25
c31aa969-cfd19d38,0,0,0,0.25,0.25,0.25
c31aa969-d99ef9fc,1,1,1,0.5,0.5,0.5
c31aa969-dd64b3b7,1,1,1,0.5,0.5,0.5
c31aa969-fb62cfc9,1,1,1,0.5,0.5,0.5
c31c9630-33e93909,2,2,2,1.0,1.0,1.0
c31c9630-34495985,0,0,0,0.25,0.25,0.25
c31c9630-58e757e5,0,0,0,0.25,0.25,0.25
c31c9630-bb223690,1,1,1,0.5,0.5,0.5
c31cd426-0a38fe18,0,0,0,0.25,0.25,0.25
c31d9531-694298f0,1,1,1,0.5,0.5,0.5
c31e94f0-25b5a72f,1,1,1,0.5,0.5,0.5
c31edac1-218458ed,1,1,1,0.5,0.5,0.5
c321a98d-e1a9c503,1,1,1,0.5,0.5,0.5
c321a98d-e3d79f4f,2,2,2,1.0,1.0,1.0
c321b69d-0043bcac,2,2,2,1.0,1.0,1.0
c321c219-54340460,2,2,2,1.0,1.0,1.0
c321c219-a3547f2a,1,1,1,0.5,0.5,0.5
c32246a5-79a01821,0,0,0,0.25,0.25,0.25
c32278e7-af964526,0,0,0,0.25,0.25,0.25
c323201c-9bcf7cf8,1,1,1,0.5,0.5,0.5
c323201c-b96be3cd,1,1,1,0.5,0.5,0.5
c323201c-cf5e33b5,0,0,0,0.25,0.25,0.25
c3248121-1ef2b38c,1,1,1,0.5,0.5,0.5
c3248121-96de25d5,0,0,0,0.25,0.25,0.25
c324a11d-b8793e25,0,0,0,0.25,0.25,0.25
c324a11d-eaaeb859,2,2,2,1.0,1.0,1.0
c324e953-ad402fa6,0,0,0,0.25,0.25,0.25
c3259da7-7e61cbb1,0,0,0,0.25,0.25,0.25
c327ace4-9dfe6490,0,0,0,0.25,0.25,0.25
c327ace4-f06a47fc,0,0,0,0.25,0.25,0.25
c3283326-494b49b0,0,0,0,0.25,0.25,0.25
c3283326-74d7ae20,0,0,0,0.25,0.25,0.25
c3287e28-f6bcc9ef,0,0,0,0.25,0.25,0.25
c328b7ab-7a893ba0,0,0,0,0.25,0.25,0.25
c328b7ab-8bb33358,2,2,2,1.0,1.0,1.0
c32a6d73-bda5c6ed,0,0,0,0.25,0.25,0.25
c32aa914-b99e4d62,0,0,0,0.25,0.25,0.25
c32be69b-f02d6229,0,0,0,0.25,0.25,0.25
c32da93f-1463bf89,0,0,0,0.25,0.25,0.25
c32dbcaf-480ffc17,1,1,1,0.5,0.5,0.5
c32dbcaf-4947ca34,2,2,2,1.0,1.0,1.0
c32dbcaf-50f0a281,2,2,2,1.0,1.0,1.0
c32ed490-87271dee,2,2,2,1.0,1.0,1.0
c330c787-0f40c0b6,0,0,0,0.25,0.25,0.25
c330c787-1e2b9b50,1,1,1,0.5,0.5,0.5
c330c787-1e974795,0,0,0,0.25,0.25,0.25
c330c787-368eb638,2,2,2,1.0,1.0,1.0
c330c787-3952d9a9,1,1,1,0.5,0.5,0.5
c330c787-8aa08cbf,1,1,1,0.5,0.5,0.5
c330c787-aa838610,0,0,0,0.25,0.25,0.25
c330c787-ac4f1ff5,2,2,2,1.0,1.0,1.0
c330c787-ae1c841a,1,1,1,0.5,0.5,0.5
c3318e73-7060e2ce,0,0,0,0.25,0.25,0.25
c3321660-e6b60390,0,0,0,0.25,0.25,0.25
c33251a6-16b72b39,1,1,1,0.5,0.5,0.5
c33251a6-812a0ea8,0,0,0,0.25,0.25,0.25
c33251a6-e75f8824,2,2,2,1.0,1.0,1.0
c33251a6-fa2a8810,2,2,2,1.0,1.0,1.0
c332a2f5-ee258489,0,0,0,0.25,0.25,0.25
c3346363-41b4ddf6,2,2,2,1.0,1.0,1.0
c3348435-58a3fba0,0,0,0,0.25,0.25,0.25
c3348435-d86c8ed9,1,1,1,0.5,0.5,0.5
c334fad5-145809d5,0,0,0,0.25,0.25,0.25
c3364b6e-7b10cac7,0,0,0,0.25,0.25,0.25
c3364b6e-cb703061,1,1,1,0.5,0.5,0.5
c3367099-841c2fba,0,0,0,0.25,0.25,0.25
c33700f7-08262a44,2,2,2,1.0,1.0,1.0
c33700f7-db0d8271,0,0,0,0.25,0.25,0.25
c338bae4-6f7b7153,0,0,0,0.25,0.25,0.25
c338bae4-b6f47a90,2,2,2,1.0,1.0,1.0
c339e4bd-e3d99d50,0,0,0,0.25,0.25,0.25
c33a646b-70d40dc3,1,1,1,0.5,0.5,0.5
c33b61b6-47d0f8ba,2,2,2,1.0,1.0,1.0
c33df08a-5c6bad4a,0,0,0,0.25,0.25,0.25
c33ec7c6-ab13ff1b,1,1,1,0.5,0.5,0.5
c33fbbba-de07905f,0,0,0,0.25,0.25,0.25
c33fd06b-7beab8d7,0,0,0,0.25,0.25,0.25
c33ff185-6648dfa9,0,0,0,0.25,0.25,0.25
c33ff185-93a0dd91,0,0,0,0.25,0.25,0.25
c34058b8-2790784b,0,0,0,0.25,0.25,0.25
c342b42d-09b85192,2,2,2,1.0,1.0,1.0
c3436372-070af78a,2,2,2,1.0,1.0,1.0
c3436372-eb18934d,0,0,0,0.25,0.25,0.25
c343e9dc-ce6e03ef,1,1,1,0.5,0.5,0.5
c343e9dc-f2dcbc21,2,2,2,1.0,1.0,1.0
c345715a-b532f7a9,0,0,0,0.25,0.25,0.25
c346c42b-748697b5,1,1,1,0.5,0.5,0.5
c34d1beb-7e2ce15b,1,1,1,0.5,0.5,0.5
c34d7b7c-90f9af54,2,2,2,1.0,1.0,1.0
c350632d-75a312d1,0,0,0,0.25,0.25,0.25
c3529718-252e80fb,0,0,0,0.25,0.25,0.25
c352d9c5-d0019b8b,2,2,2,1.0,1.0,1.0
c353f0b4-c62600fa,2,2,2,1.0,1.0,1.0
c35418da-e9e8e7dc,0,0,0,0.25,0.25,0.25
c35531fb-c1bd532b,2,2,2,1.0,1.0,1.0
c356bbec-0c1293f7,0,0,0,0.25,0.25,0.25
c356bbec-10171932,2,2,2,1.0,1.0,1.0
c357f7fe-3f94d6aa,1,1,1,0.5,0.5,0.5
c358bbb8-b458b22b,0,0,0,0.25,0.25,0.25
c3593016-1adba20d,1,1,1,0.5,0.5,0.5
c3593016-3f75ba4e,2,2,2,1.0,1.0,1.0
c3593016-43a3f33f,0,0,0,0.25,0.25,0.25
c3593016-ac7c536a,0,0,0,0.25,0.25,0.25
c3593016-c20441ce,1,1,1,0.5,0.5,0.5
c3593016-c4528d9d,1,1,1,0.5,0.5,0.5
c359556b-77ced0e9,2,2,2,1.0,1.0,1.0
c359e7b1-5b68aea4,2,2,2,1.0,1.0,1.0
c359f52e-d1916e72,0,0,0,0.25,0.25,0.25
c35a0c1c-33884693,1,1,1,0.5,0.5,0.5
c35c16ba-83fcb452,1,1,1,0.5,0.5,0.5
c35c16ba-b65a3906,0,0,0,0.25,0.25,0.25
c35e0eea-7596f0bd,0,0,0,0.25,0.25,0.25
c35e0eea-8161d596,2,2,2,1.0,1.0,1.0
c35f5984-a2763387,0,0,0,0.25,0.25,0.25
c35f86eb-86dc57eb,0,0,0,0.25,0.25,0.25
c35f86eb-e0657fa3,0,0,0,0.25,0.25,0.25
c360ca4b-7a8ec6e6,0,0,0,0.25,0.25,0.25
c361f0b8-d5940918,1,1,1,0.5,0.5,0.5
c361ff02-d7492340,0,0,0,0.25,0.25,0.25
c3639d96-271bbe4c,1,1,1,0.5,0.5,0.5
c3639d96-b9928b16,0,0,0,0.25,0.25,0.25
c3639d96-d284eda4,0,0,0,0.25,0.25,0.25
c3668a3d-22233f64,0,0,0,0.25,0.25,0.25
c366973d-c03525b0,1,1,1,0.5,0.5,0.5
c366973d-f5ec8394,1,1,1,0.5,0.5,0.5
c367562a-54687761,0,0,0,0.25,0.25,0.25
c3686339-5832705e,1,1,1,0.5,0.5,0.5
c3698cec-2231cb86,0,0,0,0.25,0.25,0.25
c3698cec-77311999,1,1,1,0.5,0.5,0.5
c36a8dac-908de757,1,1,1,0.5,0.5,0.5
c36c60e8-ad8ad874,0,0,0,0.25,0.25,0.25
c36d561d-157eefbb,2,2,2,1.0,1.0,1.0
c36ded7c-4736f84e,0,0,0,0.25,0.25,0.25
c36ded7c-a435e454,1,1,1,0.5,0.5,0.5
c3714b40-1610471f,0,0,0,0.25,0.25,0.25
c3719317-3ea7c35e,1,1,1,0.5,0.5,0.5
c3719317-4da29e4a,1,1,1,0.5,0.5,0.5
c3719317-5605c5af,0,0,0,0.25,0.25,0.25
c372b0f2-81abd5d1,0,0,0,0.25,0.25,0.25
c37360b7-35a6b33c,0,0,0,0.25,0.25,0.25
c37360b7-70c0e672,2,2,2,1.0,1.0,1.0
c37360b7-718f9bba,1,1,1,0.5,0.5,0.5
c37360b7-7dab5705,0,0,0,0.25,0.25,0.25
c37382d8-010bbe82,2,2,2,1.0,1.0,1.0
c37388ef-99765627,0,0,0,0.25,0.25,0.25
c37388ef-cb776f63,0,0,0,0.25,0.25,0.25
c373cc4e-59108d25,1,1,1,0.5,0.5,0.5
c376fce7-54f5721d,2,2,2,1.0,1.0,1.0
c3783c84-e38a9213,0,0,0,0.25,0.25,0.25
c3784403-0c68fd6c,1,1,1,0.5,0.5,0.5
c3784403-212cfb2e,0,0,0,0.25,0.25,0.25
c3784403-4532f110,2,2,2,1.0,1.0,1.0
c3787c5e-8a246457,2,2,2,1.0,1.0,1.0
c37884fa-ef0b1d8e,0,0,0,0.25,0.25,0.25
c379bc53-4e2c5dee,0,0,0,0.25,0.25,0.25
c379f9c4-079ee461,2,2,2,1.0,1.0,1.0
c379f9c4-9e689b20,1,1,1,0.5,0.5,0.5
c379f9c4-f41ab256,1,1,1,0.5,0.5,0.5
c37ae4d0-27e020b9,0,0,0,0.25,0.25,0.25
c37b517d-477f8143,0,0,0,0.25,0.25,0.25
c37b8378-9c23f3b3,2,2,2,1.0,1.0,1.0
c37b9726-29dfad76,0,0,0,0.25,0.25,0.25
c37b9726-5056fc28,0,0,0,0.25,0.25,0.25
c37b9726-6e562435,2,2,2,1.0,1.0,1.0
c37b9726-a567227e,1,1,1,0.5,0.5,0.5
c37b9726-c2532aba,0,0,0,0.25,0.25,0.25
c37b9726-caffaa65,0,0,0,0.25,0.25,0.25
c37b9f20-e161a563,1,1,1,0.5,0.5,0.5
c37bffe3-a98ee42d,0,0,0,0.25,0.25,0.25
c37c2977-45e57cc0,2,2,2,1.0,1.0,1.0
c37c2977-dfcf5b8a,2,2,2,1.0,1.0,1.0
c37c2977-f11fb4a5,2,2,2,1.0,1.0,1.0
c37cf84f-18aa50f6,2,2,2,1.0,1.0,1.0
c37d47c0-05bf99e0,0,0,0,0.25,0.25,0.25
c37d47c0-c830ec1c,0,0,0,0.25,0.25,0.25
c37fdf68-03ba744c,1,1,1,0.5,0.5,0.5
c37fdf68-18b4792a,1,1,1,0.5,0.5,0.5
c3804a06-26cf84ff,1,1,1,0.5,0.5,0.5
c380e9e2-30ee7832,1,1,1,0.5,0.5,0.5
c380e9e2-6d8a84be,1,1,1,0.5,0.5,0.5
c3812229-47c8e5f2,0,0,0,0.25,0.25,0.25
c3812229-954a41bd,1,1,1,0.5,0.5,0.5
c3822b6a-0ef41057,2,2,2,1.0,1.0,1.0
c384667d-73536fcb,0,0,0,0.25,0.25,0.25
c385a199-0bb19524,0,0,0,0.25,0.25,0.25
c3870915-a0d8f653,0,0,0,0.25,0.25,0.25
c3884826-226b69e7,1,1,1,0.5,0.5,0.5
c3884826-d8789adb,0,0,0,0.25,0.25,0.25
c3884826-f2da6bd2,0,0,0,0.25,0.25,0.25
c389631f-34a8e513,0,0,0,0.25,0.25,0.25
c389631f-a4b2d909,1,1,1,0.5,0.5,0.5
c389631f-b7bb20cb,0,0,0,0.25,0.25,0.25
c38a5b1a-67951cd4,1,1,1,0.5,0.5,0.5
c38bdba6-181f8cfa,0,0,0,0.25,0.25,0.25
c38bdba6-2abed256,0,0,0,0.25,0.25,0.25
c38bdba6-9a4af57f,2,2,2,1.0,1.0,1.0
c38bdba6-bc70b28c,1,1,1,0.5,0.5,0.5
c38bdba6-cb18e83a,2,2,2,1.0,1.0,1.0
c38cd3f6-2aba9218,2,2,2,1.0,1.0,1.0
c38cd3f6-bd22367b,0,0,0,0.25,0.25,0.25
c38cd3f6-c74ca48b,2,2,2,1.0,1.0,1.0
c38e77f6-edc3c34b,0,0,0,0.25,0.25,0.25
c3906a23-5c373f34,0,0,0,0.25,0.25,0.25
c390eca8-8beac58f,1,1,1,0.5,0.5,0.5
c3926b26-2b8702c9,1,1,1,0.5,0.5,0.5
c39375fb-153bf02b,1,1,1,0.5,0.5,0.5
c39375fb-4de2d085,2,2,2,1.0,1.0,1.0
c39375fb-ecf20028,0,0,0,0.25,0.25,0.25
c39375fb-fd57ccd3,0,0,0,0.25,0.25,0.25
c3949a9e-7ee214aa,1,1,1,0.5,0.5,0.5
c3968de8-18e45feb,0,0,0,0.25,0.25,0.25
c3968de8-21d6c364,2,2,2,1.0,1.0,1.0
c3968de8-ba91cf82,2,2,2,1.0,1.0,1.0
c3968de8-bd6747f5,0,0,0,0.25,0.25,0.25
c3968de8-fe9ac544,0,0,0,0.25,0.25,0.25
c396b7c0-cf46a981,0,0,0,0.25,0.25,0.25
c396e833-890b7ddb,0,0,0,0.25,0.25,0.25
c396e833-a3876e00,0,0,0,0.25,0.25,0.25
c396e833-ba935f99,2,2,2,1.0,1.0,1.0
c397cd5e-ad9369e9,2,2,2,1.0,1.0,1.0
c39807d2-936e95ae,1,1,1,0.5,0.5,0.5
c39807d2-dd8710a0,0,0,0,0.25,0.25,0.25
c3981cf1-6e95c296,1,1,1,0.5,0.5,0.5
c3981cf1-a949f363,0,0,0,0.25,0.25,0.25
c3981cf1-fb7c634e,1,1,1,0.5,0.5,0.5
c3993f07-cc084164,1,1,1,0.5,0.5,0.5
c3997bc7-ae6fd2e3,0,0,0,0.25,0.25,0.25
c3999837-32005ed6,0,0,0,0.25,0.25,0.25
c399b1cb-0b569b85,0,0,0,0.25,0.25,0.25
c39a0a67-dcf8ab72,0,0,0,0.25,0.25,0.25
c39a2422-2c66916b,1,1,1,0.5,0.5,0.5
c39ad1d8-0993aef9,0,0,0,0.25,0.25,0.25
c39b357e-5a90a6b6,1,1,1,0.5,0.5,0.5
c39d3334-9c866b4c,0,0,0,0.25,0.25,0.25
c39dc2ff-4399acc0,1,1,1,0.5,0.5,0.5
c39dc2ff-6976d19d,0,0,0,0.25,0.25,0.25
c39ddb2c-740d920d,0,0,0,0.25,0.25,0.25
c39ddb2c-db949106,1,1,1,0.5,0.5,0.5
c39f04ad-07b3e09f,0,0,0,0.25,0.25,0.25
c3a015d4-2779708e,1,1,1,0.5,0.5,0.5
c3a048fb-9adc169f,0,0,0,0.25,0.25,0.25
c3a048fb-c45a1e4c,1,1,1,0.5,0.5,0.5
c3a048fb-ed02cd5a,1,1,1,0.5,0.5,0.5
c3a0a1c9-90f0081e,0,0,0,0.25,0.25,0.25
c3a18207-109c0500,1,1,1,0.5,0.5,0.5
c3a18207-504667c7,2,2,2,1.0,1.0,1.0
c3a1baa1-763e77d7,0,0,0,0.25,0.25,0.25
c3a20d02-09c1ff17,0,0,0,0.25,0.25,0.25
c3a26429-19fefafb,0,0,0,0.25,0.25,0.25
c3a26429-70b45205,0,0,0,0.25,0.25,0.25
c3a26429-e8f01a18,0,0,0,0.25,0.25,0.25
c3a3265f-d6562e9f,1,1,1,0.5,0.5,0.5
c3a5542d-132f75f3,2,2,2,1.0,1.0,1.0
c3a94f80-27e0d36a,0,0,0,0.25,0.25,0.25
c3a94f80-a80f1f94,2,2,2,1.0,1.0,1.0
c3ac34e8-2701e034,2,2,2,1.0,1.0,1.0
c3ac34e8-a07ac73e,2,2,2,1.0,1.0,1.0
c3aca55d-61d72a19,0,0,0,0.25,0.25,0.25
c3acc6a5-00d3dc8d,2,2,2,1.0,1.0,1.0
c3acda34-73acb8f3,0,0,0,0.25,0.25,0.25
c3ad67db-0e969ba8,0,0,0,0.25,0.25,0.25
c3ae39d6-f5f25d64,0,0,0,0.25,0.25,0.25
c3ae9216-3d694ff1,1,1,1,0.5,0.5,0.5
c3ae9216-b9dab4a9,0,0,0,0.25,0.25,0.25
c3b1694b-79c97ac2,2,2,2,1.0,1.0,1.0
c3b1694b-fadd8eba,0,0,0,0.25,0.25,0.25
c3b31662-4e576035,1,1,1,0.5,0.5,0.5
c3b31662-7aa8bae6,0,0,0,0.25,0.25,0.25
c3b31662-8eae58f3,1,1,1,0.5,0.5,0.5
c3b60e81-b28ef868,2,2,2,1.0,1.0,1.0
c3b8f4e4-10cf3a2b,2,2,2,1.0,1.0,1.0
c3b940ca-5e220748,2,2,2,1.0,1.0,1.0
c3b9feeb-8362c56c,0,0,0,0.25,0.25,0.25
c3ba4a87-4d02b5ab,2,2,2,1.0,1.0,1.0
c3bb4925-a3b4c1ed,0,0,0,0.25,0.25,0.25
c3bb4925-f78e285a,2,2,2,1.0,1.0,1.0
c3bf9233-8462deb1,0,0,0,0.25,0.25,0.25
c3bf9cd8-4c3187c7,1,1,1,0.5,0.5,0.5
c3bf9cd8-5a2df929,0,0,0,0.25,0.25,0.25
c3bf9cd8-81cb03ad,1,1,1,0.5,0.5,0.5
c3bfdcda-bfdd5fdb,2,2,2,1.0,1.0,1.0
c3bfdcda-e1e6bd15,0,0,0,0.25,0.25,0.25
c3c021ef-9f0c8741,0,0,0,0.25,0.25,0.25
c3c0f47b-1e1b1003,1,1,1,0.5,0.5,0.5
c3c0f47b-3d4e0313,0,0,0,0.25,0.25,0.25
c3c0f47b-5cee9e20,2,2,2,1.0,1.0,1.0
c3c0f47b-7f004614,0,0,0,0.25,0.25,0.25
c3c0f47b-8210803f,2,2,2,1.0,1.0,1.0
c3c0f47b-936bc208,0,0,0,0.25,0.25,0.25
c3c0f47b-ac19bef3,0,0,0,0.25,0.25,0.25
c3c0f47b-cccf82b7,0,0,0,0.25,0.25,0.25
c3c0f47b-e11941f3,0,0,0,0.25,0.25,0.25
c3c0f47b-f5a22431,2,2,2,1.0,1.0,1.0
c3c10c0c-45eec8a3,2,2,2,1.0,1.0,1.0
c3c10c0c-4adfd99c,1,1,1,0.5,0.5,0.5
c3c2748d-b3291d20,0,0,0,0.25,0.25,0.25
c3c28990-04db5664,0,0,0,0.25,0.25,0.25
c3c2eb65-3af33302,1,1,1,0.5,0.5,0.5
c3c2eb65-bd875ecb,0,0,0,0.25,0.25,0.25
c3c43f15-1afc9745,0,0,0,0.25,0.25,0.25
c3c43f15-b0ed775c,1,1,1,0.5,0.5,0.5
c3c4afe7-b9a0a895,1,1,1,0.5,0.5,0.5
c3c4bbae-eff92ddd,0,0,0,0.25,0.25,0.25
c3c5785b-a71e4bf7,0,0,0,0.25,0.25,0.25
c3c78ded-3747f1c4,0,0,0,0.25,0.25,0.25
c3cae07c-b1c025cf,2,2,2,1.0,1.0,1.0
c3cae07c-ceeefd3f,0,0,0,0.25,0.25,0.25
c3cb6d3b-bd44323e,0,0,0,0.25,0.25,0.25
c3cc01c7-306b42b3,1,1,1,0.5,0.5,0.5
c3cc12e9-d96fb013,0,0,0,0.25,0.25,0.25
c3cd662f-228cba06,1,1,1,0.5,0.5,0.5
c3cd662f-4d6d3e82,0,0,0,0.25,0.25,0.25
c3cd6c82-21bd6ca4,0,0,0,0.25,0.25,0.25
c3cd6c82-b5d52beb,0,0,0,0.25,0.25,0.25
c3ce46d8-9ca61ff7,0,0,0,0.25,0.25,0.25
c3cf722d-07e2250c,2,2,2,1.0,1.0,1.0
c3d0cee9-9d113ffd,1,1,1,0.5,0.5,0.5
c3d1640a-b89d2de8,0,0,0,0.25,0.25,0.25
c3d39d44-4ee18d50,1,1,1,0.5,0.5,0.5
c3d70e8e-64b02c51,2,2,2,1.0,1.0,1.0
c3d714d5-9b0e71c1,0,0,0,0.25,0.25,0.25
c3d81c03-185c3684,2,2,2,1.0,1.0,1.0
c3da13a9-31363949,2,2,2,1.0,1.0,1.0
c3da90b0-cfd1d6b9,1,1,1,0.5,0.5,0.5
c3db3042-11a5ab24,0,0,0,0.25,0.25,0.25
c3dc6d37-450bc114,1,1,1,0.5,0.5,0.5
c3dc6d37-60d68540,0,0,0,0.25,0.25,0.25
c3dd2df5-262ecc08,1,1,1,0.5,0.5,0.5
c3dd2df5-e805df01,0,0,0,0.25,0.25,0.25
c3dde797-7bb8b56c,2,2,2,1.0,1.0,1.0
c3dde797-aea46f02,0,0,0,0.25,0.25,0.25
c3dde797-d3a9bf00,1,1,1,0.5,0.5,0.5
c3dde797-f180bf54,0,0,0,0.25,0.25,0.25
c3de5a74-899efae7,1,1,1,0.5,0.5,0.5
c3decde7-31339506,0,0,0,0.25,0.25,0.25
c3def78d-b3fa5b93,1,1,1,0.5,0.5,0.5
c3df2c24-3449c92b,1,1,1,0.5,0.5,0.5
c3df354d-407d442c,1,1,1,0.5,0.5,0.5
c3df354d-bec42887,0,0,0,0.25,0.25,0.25
c3e067a4-535a9b93,1,1,1,0.5,0.5,0.5
c3e363a2-505e84d5,0,0,0,0.25,0.25,0.25
c3e4deae-a76258ee,1,1,1,0.5,0.5,0.5
c3e7bd65-aff9c706,2,2,2,1.0,1.0,1.0
c3e7f8b2-92a1ce9e,0,0,0,0.25,0.25,0.25
c3e87419-5b9ddce0,1,1,1,0.5,0.5,0.5
c3e87419-dd6f2321,1,1,1,0.5,0.5,0.5
c3e986e8-1d7a6ddc,0,0,0,0.25,0.25,0.25
c3e986e8-47958da8,2,2,2,1.0,1.0,1.0
c3e986e8-99f2d744,0,0,0,0.25,0.25,0.25
c3eae174-c44b69cb,0,0,0,0.25,0.25,0.25
c3ecb3cb-5fb43d29,0,0,0,0.25,0.25,0.25
c3edf653-bb92b354,1,1,1,0.5,0.5,0.5
c3ee4b9b-1929ab81,1,1,1,0.5,0.5,0.5
c3ee4b9b-b8786bce,1,1,1,0.5,0.5,0.5
c3ee5975-02ea08d9,1,1,1,0.5,0.5,0.5
c3ee5975-0eb73316,1,1,1,0.5,0.5,0.5
c3ee5975-59bec570,0,0,0,0.25,0.25,0.25
c3f1aefa-b66cbd5d,2,2,2,1.0,1.0,1.0
c3f3b7a2-6d6f679a,0,0,0,0.25,0.25,0.25
c3f3dd92-23328dbb,0,0,0,0.25,0.25,0.25
c3f50821-74cff39b,0,0,0,0.25,0.25,0.25
c3f50821-9998804f,1,1,1,0.5,0.5,0.5
c3f50821-a7ea98ab,0,0,0,0.25,0.25,0.25
c3f50821-f74d05ed,1,1,1,0.5,0.5,0.5
c3f50821-ff9823a2,2,2,2,1.0,1.0,1.0
c3f5620f-9311677e,0,0,0,0.25,0.25,0.25
c3f8a4ce-2090da6b,0,0,0,0.25,0.25,0.25
c3fcfa68-43c4f28f,2,2,2,1.0,1.0,1.0
c3fd58b6-04bcbef3,0,0,0,0.25,0.25,0.25
c3fd9aad-7e464a06,0,0,0,0.25,0.25,0.25
c3fdd07a-6a106ecd,1,1,1,0.5,0.5,0.5
c3fdd07a-70b28379,1,1,1,0.5,0.5,0.5
c400a0e1-c137168b,0,0,0,0.25,0.25,0.25
c4016527-4a26d292,1,1,1,0.5,0.5,0.5
c4031040-488a6ce0,1,1,1,0.5,0.5,0.5
c4031040-73e296bc,0,0,0,0.25,0.25,0.25
c4031040-ec530889,0,0,0,0.25,0.25,0.25
c403ebf2-97af9f88,0,0,0,0.25,0.25,0.25
c404818a-ac56c4e1,0,0,0,0.25,0.25,0.25
c4057c0c-000a6aaf,1,1,1,0.5,0.5,0.5
c4057c0c-a47d8dba,2,2,2,1.0,1.0,1.0
c405a5e6-c5687e69,1,1,1,0.5,0.5,0.5
c4097a21-ed514c08,1,1,1,0.5,0.5,0.5
c40a2c98-3709f786,1,1,1,0.5,0.5,0.5
c40de985-fb2512f0,0,0,0,0.25,0.25,0.25
c410bbba-9460f6c1,0,0,0,0.25,0.25,0.25
c411687d-24c5fb83,0,0,0,0.25,0.25,0.25
c411687d-73471431,0,0,0,0.25,0.25,0.25
c411687d-830f8ddf,0,0,0,0.25,0.25,0.25
c41203a6-e4b059c0,1,1,1,0.5,0.5,0.5
c41203a6-f2bee3f0,0,0,0,0.25,0.25,0.25
c4130097-887da34f,2,2,2,1.0,1.0,1.0
c41358e5-e74b4a5b,0,0,0,0.25,0.25,0.25
c413a89b-fb60c163,0,0,0,0.25,0.25,0.25
c414ea72-128822b2,2,2,2,1.0,1.0,1.0
c4155f73-01f813b2,0,0,0,0.25,0.25,0.25
c41585dc-6fe06ca1,0,0,0,0.25,0.25,0.25
c415a08c-50060410,2,2,2,1.0,1.0,1.0
c415a08c-a6cb455e,1,1,1,0.5,0.5,0.5
c415a08c-d4f4488e,0,0,0,0.25,0.25,0.25
c4160d08-c506293d,0,0,0,0.25,0.25,0.25
c4160d08-d9c52d7b,0,0,0,0.25,0.25,0.25
c4171655-424bc10e,0,0,0,0.25,0.25,0.25
c417a291-6a4ed4c9,2,2,2,1.0,1.0,1.0
c417a291-7802692d,1,1,1,0.5,0.5,0.5
c417a291-7ea03054,0,0,0,0.25,0.25,0.25
c417a291-b8079637,1,1,1,0.5,0.5,0.5
c41826e3-9e581f79,1,1,1,0.5,0.5,0.5
c4192610-f46ed7cc,1,1,1,0.5,0.5,0.5
c41ae6bb-8973ad18,0,0,0,0.25,0.25,0.25
c41b6f56-ac54b332,0,0,0,0.25,0.25,0.25
c41b6f56-cf6480a5,0,0,0,0.25,0.25,0.25
c41c4557-ca6aea38,0,0,0,0.25,0.25,0.25
c41c4557-f9e2022e,0,0,0,0.25,0.25,0.25
c41d22bb-080065ca,0,0,0,0.25,0.25,0.25
c420873f-28164388,0,0,0,0.25,0.25,0.25
c420873f-c5ec4d87,0,0,0,0.25,0.25,0.25
c420e95a-f7f8eacd,0,0,0,0.25,0.25,0.25
c4223cc0-7053ae09,1,1,1,0.5,0.5,0.5
c4223cc0-82c4be3e,0,0,0,0.25,0.25,0.25
c422771c-1619481d,1,1,1,0.5,0.5,0.5
c422771c-ecd74810,1,1,1,0.5,0.5,0.5
c425e76b-198b3cc5,1,1,1,0.5,0.5,0.5
c425e76b-ef2256e0,0,0,0,0.25,0.25,0.25
c426d85e-62e3c585,2,2,2,1.0,1.0,1.0
c426ec74-d878b23e,2,2,2,1.0,1.0,1.0
c427410f-07d5dfe7,0,0,0,0.25,0.25,0.25
c427410f-3ddc8e2f,0,0,0,0.25,0.25,0.25
c427410f-aec7f6a9,0,0,0,0.25,0.25,0.25
c428ad7c-f3bbc3a0,0,0,0,0.25,0.25,0.25
c428e890-674ecc9d,1,1,1,0.5,0.5,0.5
c429f0de-01d10230,0,0,0,0.25,0.25,0.25
c42adf2b-718ec79e,0,0,0,0.25,0.25,0.25
c42cd95d-d4b78e2d,2,2,2,1.0,1.0,1.0
c42dd876-5f8d76fd,2,2,2,1.0,1.0,1.0
c42e0040-72f94280,2,2,2,1.0,1.0,1.0
c43052f6-662bb3a2,0,0,0,0.25,0.25,0.25
c43052f6-d337ba62,0,0,0,0.25,0.25,0.25
c43052f6-d90711e9,0,0,0,0.25,0.25,0.25
c43077c9-470f06f9,1,1,1,0.5,0.5,0.5
c43254a8-9aa667dc,1,1,1,0.5,0.5,0.5
c4327604-039da856,0,0,0,0.25,0.25,0.25
c4327604-12a96366,1,1,1,0.5,0.5,0.5
c4327604-30fa8196,0,0,0,0.25,0.25,0.25
c433e2aa-5ddac4bd,0,0,0,0.25,0.25,0.25
c433e2aa-77bf9219,2,2,2,1.0,1.0,1.0
c433e2aa-a0c604de,0,0,0,0.25,0.25,0.25
c434f595-753bae5b,1,1,1,0.5,0.5,0.5
c4353b9c-08eedac2,0,0,0,0.25,0.25,0.25
c4353b9c-9d50cbe9,0,0,0,0.25,0.25,0.25
c4353b9c-b50ff0d9,1,1,1,0.5,0.5,0.5
c4353b9c-f8f56adc,0,0,0,0.25,0.25,0.25
c43778b1-56af0542,2,2,2,1.0,1.0,1.0
c4396376-b6de614b,0,0,0,0.25,0.25,0.25
c439e607-c03383c7,1,1,1,0.5,0.5,0.5
c43a3013-05a252d3,2,2,2,1.0,1.0,1.0
c43a3013-c727b023,0,0,0,0.25,0.25,0.25
c43c290b-61f94939,0,0,0,0.25,0.25,0.25
c43daa45-612283ce,0,0,0,0.25,0.25,0.25
c43df889-173cde62,0,0,0,0.25,0.25,0.25
c43df889-350225a5,0,0,0,0.25,0.25,0.25
c43df889-410e2643,0,0,0,0.25,0.25,0.25
c43eaa20-61c1ec04,0,0,0,0.25,0.25,0.25
c43eaa20-8450cd59,1,1,1,0.5,0.5,0.5
c43eaa20-a3a0a7e8,0,0,0,0.25,0.25,0.25
c43eaa20-ee66c295,0,0,0,0.25,0.25,0.25
c43fb080-64852108,0,0,0,0.25,0.25,0.25
c43fe5b8-165b2904,0,0,0,0.25,0.25,0.25
c43fe5b8-3d3608ce,2,2,2,1.0,1.0,1.0
c43fe5b8-45b12c52,0,0,0,0.25,0.25,0.25
c4402b90-b65a2393,2,2,2,1.0,1.0,1.0
c4406d9a-1864ada7,1,1,1,0.5,0.5,0.5
c4430cb6-f86d46e6,0,0,0,0.25,0.25,0.25
c4436054-23e266f5,0,0,0,0.25,0.25,0.25
c4436054-434051b8,1,1,1,0.5,0.5,0.5
c4436054-c0d83d61,0,0,0,0.25,0.25,0.25
c4436054-d3c3dccf,2,2,2,1.0,1.0,1.0
c447f74e-64671040,2,2,2,1.0,1.0,1.0
c447f74e-98ec82f5,0,0,0,0.25,0.25,0.25
c447f74e-c458f6c5,0,0,0,0.25,0.25,0.25
c447f74e-f67bf173,0,0,0,0.25,0.25,0.25
c4480d4b-e0efbbca,0,0,0,0.25,0.25,0.25
c4494f87-59e5c703,0,0,0,0.25,0.25,0.25
c44980af-2f8d90c4,2,2,2,1.0,1.0,1.0
c44a2ecf-b5b2f533,0,0,0,0.25,0.25,0.25
c44a5b51-6bfcec78,0,0,0,0.25,0.25,0.25
c44b8617-3100c413,1,1,1,0.5,0.5,0.5
c44bf71d-c073c94e,0,0,0,0.25,0.25,0.25
c44c7f5c-9bef0aea,1,1,1,0.5,0.5,0.5
c44d8c58-1e08c667,0,0,0,0.25,0.25,0.25
c44d8c58-cca1e1a3,1,1,1,0.5,0.5,0.5
c44da9b8-5cded201,0,0,0,0.25,0.25,0.25
c44da9b8-ecd04bdd,0,0,0,0.25,0.25,0.25
c44e7068-5dafd017,0,0,0,0.25,0.25,0.25
c44e7068-cc04270e,1,1,1,0.5,0.5,0.5
c44f673a-599eb3e3,1,1,1,0.5,0.5,0.5
c44f673a-95ffa424,2,2,2,1.0,1.0,1.0
c44f673a-a7429e84,0,0,0,0.25,0.25,0.25
c44f673a-b4b48b84,0,0,0,0.25,0.25,0.25
c4528c24-144b8340,0,0,0,0.25,0.25,0.25
c452e38d-db51883f,0,0,0,0.25,0.25,0.25
c4542f68-d3221fd3,0,0,0,0.25,0.25,0.25
c4552519-f5897060,0,0,0,0.25,0.25,0.25
c455b31c-12fbb7a9,2,2,2,1.0,1.0,1.0
c456e9c3-8a255f8c,1,1,1,0.5,0.5,0.5
c456e9c3-fa69d872,1,1,1,0.5,0.5,0.5
c456ed56-adbb1839,0,0,0,0.25,0.25,0.25
c45734da-de0f5c25,0,0,0,0.25,0.25,0.25
c457bb30-990d6395,0,0,0,0.25,0.25,0.25
c457d18a-610011a8,0,0,0,0.25,0.25,0.25
c4590261-d7081dfa,2,2,2,1.0,1.0,1.0
c459408e-3dd887d7,2,2,2,1.0,1.0,1.0
c45b2e04-5689b375,1,1,1,0.5,0.5,0.5
c45b2e04-fb920e89,2,2,2,1.0,1.0,1.0
c45c7487-c44e6bab,0,0,0,0.25,0.25,0.25
c45cf21f-c11847dd,1,1,1,0.5,0.5,0.5
c45cf21f-d6bc94ba,0,0,0,0.25,0.25,0.25
c45d3e0a-75c44167,0,0,0,0.25,0.25,0.25
c45d3e0a-93a52b80,0,0,0,0.25,0.25,0.25
c45d3e0a-b26d5167,0,0,0,0.25,0.25,0.25
c45e3dc0-3517e269,1,1,1,0.5,0.5,0.5
c45e9809-f95fd1e2,0,0,0,0.25,0.25,0.25
c45fbe22-2c182907,1,1,1,0.5,0.5,0.5
c45fbe22-61885df3,0,0,0,0.25,0.25,0.25
c45fbe22-66a2e8da,2,2,2,1.0,1.0,1.0
c45fbe22-8bcb4ef4,0,0,0,0.25,0.25,0.25
c45fce16-113938a6,0,0,0,0.25,0.25,0.25
c4605841-affd9541,0,0,0,0.25,0.25,0.25
c4613fc7-919152c4,0,0,0,0.25,0.25,0.25
c463025d-87dab187,0,0,0,0.25,0.25,0.25
c464c963-0279dcc0,0,0,0,0.25,0.25,0.25
c464c963-5ac10424,1,1,1,0.5,0.5,0.5
c464c963-6fa9416d,0,0,0,0.25,0.25,0.25
c464c963-74458fbb,1,1,1,0.5,0.5,0.5
c464c963-a377ab36,1,1,1,0.5,0.5,0.5
c464c963-fbf300ba,2,2,2,1.0,1.0,1.0
c46ab79d-5e0c7623,0,0,0,0.25,0.25,0.25
c46ae02f-e7635cbf,0,0,0,0.25,0.25,0.25
c46b6439-379167c1,2,2,2,1.0,1.0,1.0
c46b71ac-2c83a68e,1,1,1,0.5,0.5,0.5
c46c8375-20bbe925,0,0,0,0.25,0.25,0.25
c46c8375-44338121,0,0,0,0.25,0.25,0.25
c46c8375-e5fa2581,0,0,0,0.25,0.25,0.25
c46c8896-0d981461,0,0,0,0.25,0.25,0.25
c46cdbf7-7e30902e,0,0,0,0.25,0.25,0.25
c46f4c8a-c6c995c1,2,2,2,1.0,1.0,1.0
c4725a9d-9d57ea61,1,1,1,0.5,0.5,0.5
c4742900-04ad682a,1,1,1,0.5,0.5,0.5
c4742900-1afc30eb,0,0,0,0.25,0.25,0.25
c4742900-204ffa13,0,0,0,0.25,0.25,0.25
c4742900-2311398c,2,2,2,1.0,1.0,1.0
c4742900-38974bfd,0,0,0,0.25,0.25,0.25
c4742900-539e74f4,0,0,0,0.25,0.25,0.25
c4742900-5af296e0,0,0,0,0.25,0.25,0.25
c4742900-5be69e5b,1,1,1,0.5,0.5,0.5
c4742900-81aa45ae,1,1,1,0.5,0.5,0.5
c4742900-8900110c,0,0,0,0.25,0.25,0.25
c4742900-a38a2d85,0,0,0,0.25,0.25,0.25
c4742900-c0e2297d,1,1,1,0.5,0.5,0.5
c4742900-d24c4260,0,0,0,0.25,0.25,0.25
c4742900-d3fdcb6c,0,0,0,0.25,0.25,0.25
c4756fa2-027007f8,1,1,1,0.5,0.5,0.5
c4770a97-1393ce84,1,1,1,0.5,0.5,0.5
c4770a97-d8a26f8c,1,1,1,0.5,0.5,0.5
c4770a97-fb46c2d8,2,2,2,1.0,1.0,1.0
c477c67b-6eb95776,0,0,0,0.25,0.25,0.25
c477c67b-89221134,0,0,0,0.25,0.25,0.25
c479fb68-0060cade,1,1,1,0.5,0.5,0.5
c479fb68-c67705cd,0,0,0,0.25,0.25,0.25
c47ac0cd-42edbc96,1,1,1,0.5,0.5,0.5
c47ac0cd-7e14e3f2,2,2,2,1.0,1.0,1.0
c47d2355-85330657,0,0,0,0.25,0.25,0.25
c47d2355-e6ac67d5,0,0,0,0.25,0.25,0.25
c47d8d11-30ed3058,0,0,0,0.25,0.25,0.25
c47f172b-42e86c73,0,0,0,0.25,0.25,0.25
c47f850b-97816a73,2,2,2,1.0,1.0,1.0
c47fb4ff-92db68d6,0,0,0,0.25,0.25,0.25
c4816131-7251b67e,0,0,0,0.25,0.25,0.25
c482a775-8e9c09c8,0,0,0,0.25,0.25,0.25
c48569ef-c99d8f9e,1,1,1,0.5,0.5,0.5
c4857d94-0f462d91,0,0,0,0.25,0.25,0.25
c48593bf-ca97d93d,0,0,0,0.25,0.25,0.25
c485d97d-e833c4a1,0,0,0,0.25,0.25,0.25
c486bf3b-6bcde09a,0,0,0,0.25,0.25,0.25
c487edf6-0cbf1727,1,1,1,0.5,0.5,0.5
c488f6a3-cffdf85a,0,0,0,0.25,0.25,0.25
c4891df0-24371ae1,1,1,1,0.5,0.5,0.5
c48ba79f-920445ac,0,0,0,0.25,0.25,0.25
c48ba79f-a2bf2dcf,0,0,0,0.25,0.25,0.25
c48ba79f-d11f6d9b,0,0,0,0.25,0.25,0.25
c48ba79f-d8e0bf32,2,2,2,1.0,1.0,1.0
c48bcc55-8b6f35e1,0,0,0,0.25,0.25,0.25
c48bcc55-9fc09810,0,0,0,0.25,0.25,0.25
c48bcc55-fb68d6b7,2,2,2,1.0,1.0,1.0
c48cfadb-09901ed4,0,0,0,0.25,0.25,0.25
c48cfadb-fcbdaa65,0,0,0,0.25,0.25,0.25
c48db695-5c28a6a5,0,0,0,0.25,0.25,0.25
c48e9b2e-0edd0832,0,0,0,0.25,0.25,0.25
c48f5464-2b6fcad2,0,0,0,0.25,0.25,0.25
c48f5464-73d132a1,2,2,2,1.0,1.0,1.0
c48f5464-ebc458bf,0,0,0,0.25,0.25,0.25
c48f5464-fde5983e,0,0,0,0.25,0.25,0.25
c4910419-e8cf2965,2,2,2,1.0,1.0,1.0
c491ce8e-58b8a379,0,0,0,0.25,0.25,0.25
c492bb89-922226bb,0,0,0,0.25,0.25,0.25
c492bb89-abf09ef4,0,0,0,0.25,0.25,0.25
c492c534-2d7821c2,2,2,2,1.0,1.0,1.0
c4933980-04482b56,0,0,0,0.25,0.25,0.25
c494f267-66097731,0,0,0,0.25,0.25,0.25
c49c1308-4ef95803,0,0,0,0.25,0.25,0.25
c49c1308-71384f70,2,2,2,1.0,1.0,1.0
c49c1308-fa377b09,0,0,0,0.25,0.25,0.25
c49c8353-30d3e9f2,1,1,1,0.5,0.5,0.5
c49c8353-4adf80d2,1,1,1,0.5,0.5,0.5
c49c8353-6d4b36f5,1,1,1,0.5,0.5,0.5
c49c8353-71549f83,0,0,0,0.25,0.25,0.25
c49c8353-82bc1d4d,1,1,1,0.5,0.5,0.5
c49c8353-859a1bd7,0,0,0,0.25,0.25,0.25
c49c8353-85ca8693,2,2,2,1.0,1.0,1.0
c49c8353-8a2e64e2,0,0,0,0.25,0.25,0.25
c49c8353-e4d8763a,0,0,0,0.25,0.25,0.25
c49c8353-ec5d3b29,0,0,0,0.25,0.25,0.25
c49c8353-f56b7e30,0,0,0,0.25,0.25,0.25
c49c8353-fe2f3304,0,0,0,0.25,0.25,0.25
c49d39a3-738d6240,0,0,0,0.25,0.25,0.25
c49d39a3-9064a5ae,1,1,1,0.5,0.5,0.5
c49e96b9-24ec6193,1,1,1,0.5,0.5,0.5
c49f9073-3657ccaf,0,0,0,0.25,0.25,0.25
c49fdce8-68545005,0,0,0,0.25,0.25,0.25
c4a06183-4a42e1b9,2,2,2,1.0,1.0,1.0
c4a06183-898ad98d,1,1,1,0.5,0.5,0.5
c4a078bd-8e5b3732,1,1,1,0.5,0.5,0.5
c4a1065b-ec1e76ba,1,1,1,0.5,0.5,0.5
c4a19ba6-0d09788f,0,0,0,0.25,0.25,0.25
c4a19ba6-872ab53e,0,0,0,0.25,0.25,0.25
c4a19ba6-e17be5d5,1,1,1,0.5,0.5,0.5
c4a19ba6-e706bdc2,0,0,0,0.25,0.25,0.25
c4a19ba6-fa93d45f,1,1,1,0.5,0.5,0.5
c4a2accd-bd3e878a,0,0,0,0.25,0.25,0.25
c4a4ccdc-9c4aeeeb,1,1,1,0.5,0.5,0.5
c4a6774c-144a01d6,2,2,2,1.0,1.0,1.0
c4a6774c-753a089b,1,1,1,0.5,0.5,0.5
c4a6774c-ffc10e46,0,0,0,0.25,0.25,0.25
c4a6cc43-f689c9f1,0,0,0,0.25,0.25,0.25
c4a6feae-63c06b39,0,0,0,0.25,0.25,0.25
c4a90af7-02583942,0,0,0,0.25,0.25,0.25
c4a9c191-20e1a3c3,0,0,0,0.25,0.25,0.25
c4a9c6f0-f18e20e1,0,0,0,0.25,0.25,0.25
c4aa9a10-9e10483d,1,1,1,0.5,0.5,0.5
c4aac9d9-47b01027,0,0,0,0.25,0.25,0.25
c4ab81ac-4bd1c081,2,2,2,1.0,1.0,1.0
c4ab81ac-d0b2d9d3,1,1,1,0.5,0.5,0.5
c4accb9c-58311122,0,0,0,0.25,0.25,0.25
c4ad8036-ee20aaf7,2,2,2,1.0,1.0,1.0
c4adecb8-62235513,1,1,1,0.5,0.5,0.5
c4af195c-45288c26,0,0,0,0.25,0.25,0.25
c4af4030-d3b1831d,0,0,0,0.25,0.25,0.25
c4b0ddd7-e8973c8f,2,2,2,1.0,1.0,1.0
c4b21612-fa6c1df7,1,1,1,0.5,0.5,0.5
c4b3ab99-a4a09eeb,1,1,1,0.5,0.5,0.5
c4b3ce3d-077bb161,0,0,0,0.25,0.25,0.25
c4b3ce3d-2e77b39d,1,1,1,0.5,0.5,0.5
c4b3ce3d-42ddd6a3,0,0,0,0.25,0.25,0.25
c4b3ce3d-6e999bfc,0,0,0,0.25,0.25,0.25
c4b3ce3d-8b344a2f,1,1,1,0.5,0.5,0.5
c4b3ce3d-cdc056ce,2,2,2,1.0,1.0,1.0
c4b3ce3d-ef12b7eb,0,0,0,0.25,0.25,0.25
c4b610ae-4b915923,1,1,1,0.5,0.5,0.5
c4b610ae-bc6dc0c9,2,2,2,1.0,1.0,1.0
c4b610ae-f75d91a9,1,1,1,0.5,0.5,0.5
c4b75335-81d7421a,0,0,0,0.25,0.25,0.25
c4b77809-63fd577c,0,0,0,0.25,0.25,0.25
c4b8340c-51d3f82b,0,0,0,0.25,0.25,0.25
c4b8d344-dcbbc041,0,0,0,0.25,0.25,0.25
c4b90e82-0a023704,0,0,0,0.25,0.25,0.25
c4bc3dee-58920c9c,2,2,2,1.0,1.0,1.0
c4bfc4c7-98ed20f8,1,1,1,0.5,0.5,0.5
c4c35028-acf2331c,0,0,0,0.25,0.25,0.25
c4c4b88a-d1a38d2f,0,0,0,0.25,0.25,0.25
c4c4db55-82c87232,0,0,0,0.25,0.25,0.25
c4c5ba90-bb1f87c2,0,0,0,0.25,0.25,0.25
c4c5f66a-a1df8079,1,1,1,0.5,0.5,0.5
c4c60257-a432f6b0,0,0,0,0.25,0.25,0.25
c4c62162-f5b851c8,1,1,1,0.5,0.5,0.5
c4c62e31-64421eb6,0,0,0,0.25,0.25,0.25
c4c7fdec-4f505413,2,2,2,1.0,1.0,1.0
c4c7fdec-ec322a67,0,0,0,0.25,0.25,0.25
c4cb6f64-283904da,1,1,1,0.5,0.5,0.5
c4cb8333-dcda097b,0,0,0,0.25,0.25,0.25
c4cc2bbd-a4913bdf,1,1,1,0.5,0.5,0.5
c4ccd765-48590402,0,0,0,0.25,0.25,0.25
c4ccffb1-e4215665,0,0,0,0.25,0.25,0.25
c4ccffb1-e53dc8ca,1,1,1,0.5,0.5,0.5
c4cd1f3d-ff8db980,1,1,1,0.5,0.5,0.5
c4ceb792-87e9c3b2,1,1,1,0.5,0.5,0.5
c4cebcf0-c8c73eb8,1,1,1,0.5,0.5,0.5
c4cf4c32-e9845a14,2,2,2,1.0,1.0,1.0
c4cf6bff-d98bdd3c,1,1,1,0.5,0.5,0.5
c4d023f4-27b83fe1,1,1,1,0.5,0.5,0.5
c4d1be5c-f868e120,2,2,2,1.0,1.0,1.0
c4d25f00-158d0757,0,0,0,0.25,0.25,0.25
c4d25f00-3b1d8669,0,0,0,0.25,0.25,0.25
c4d25f00-b6658057,0,0,0,0.25,0.25,0.25
c4d2b46a-4fef7a35,1,1,1,0.5,0.5,0.5
c4d58b70-d6d1bc1b,0,0,0,0.25,0.25,0.25
c4d631ce-55e4d4e9,0,0,0,0.25,0.25,0.25
c4d6708e-850d258c,2,2,2,1.0,1.0,1.0
c4d7185b-6c141918,1,1,1,0.5,0.5,0.5
c4d83625-8af1c66e,0,0,0,0.25,0.25,0.25
c4d8d2c5-4b12f422,0,0,0,0.25,0.25,0.25
c4da6b04-56ce6c06,1,1,1,0.5,0.5,0.5
c4dab4e2-6c4805a2,0,0,0,0.25,0.25,0.25
c4db746c-5428658b,0,0,0,0.25,0.25,0.25
c4dbd719-1d98586e,0,0,0,0.25,0.25,0.25
c4dbd719-26df8369,0,0,0,0.25,0.25,0.25
c4dbd719-db521513,0,0,0,0.25,0.25,0.25
c4dcbfde-47aff5b9,1,1,1,0.5,0.5,0.5
c4de6fe5-90dc8799,2,2,2,1.0,1.0,1.0
c4e00603-9f2734d0,1,1,1,0.5,0.5,0.5
c4e2eba0-02c66276,2,2,2,1.0,1.0,1.0
c4e2eba0-1f3761a9,0,0,0,0.25,0.25,0.25
c4e2eba0-f32cc5b6,0,0,0,0.25,0.25,0.25
c4e3cf95-4f803484,0,0,0,0.25,0.25,0.25
c4e3cf95-ceb5651a,2,2,2,1.0,1.0,1.0
c4e55051-2f5623da,0,0,0,0.25,0.25,0.25
c4e55051-bda84aa3,0,0,0,0.25,0.25,0.25
c4e5de4b-35f6a1b1,1,1,1,0.5,0.5,0.5
c4e8705f-39bf4a26,1,1,1,0.5,0.5,0.5
c4e92086-d5d22167,1,1,1,0.5,0.5,0.5
c4e92086-e0ea5438,0,0,0,0.25,0.25,0.25
c4e92086-e1b8324f,1,1,1,0.5,0.5,0.5
c4e926af-43c5f8d3,0,0,0,0.25,0.25,0.25
c4e926af-54c0d842,0,0,0,0.25,0.25,0.25
c4e926af-bb5132fd,1,1,1,0.5,0.5,0.5
c4e96efa-73bd2e38,0,0,0,0.25,0.25,0.25
c4e96efa-94aad2be,1,1,1,0.5,0.5,0.5
c4e96efa-cbe1be6a,0,0,0,0.25,0.25,0.25
c4e96efa-ea5f524b,0,0,0,0.25,0.25,0.25
c4e97226-7be7eef5,0,0,0,0.25,0.25,0.25
c4eb5462-184dced9,1,1,1,0.5,0.5,0.5
c4eb5462-4d947240,1,1,1,0.5,0.5,0.5
c4eb5462-657f5921,0,0,0,0.25,0.25,0.25
c4eb5462-c917fefd,0,0,0,0.25,0.25,0.25
c4eb5462-ebd248b7,2,2,2,1.0,1.0,1.0
c4eb5462-f87b7afc,1,1,1,0.5,0.5,0.5
c4eb680f-4fdac155,0,0,0,0.25,0.25,0.25
c4eb680f-5b3f5675,0,0,0,0.25,0.25,0.25
c4eb96a1-92fb9d6f,1,1,1,0.5,0.5,0.5
c4ee0cc4-b7af9602,1,1,1,0.5,0.5,0.5
c4ef83b2-696779d1,0,0,0,0.25,0.25,0.25
c4f19b5d-63528c25,0,0,0,0.25,0.25,0.25
c4f4718b-5356b324,2,2,2,1.0,1.0,1.0
c4f4718b-7a18cd62,0,0,0,0.25,0.25,0.25
c4f4718b-f6e8ce43,0,0,0,0.25,0.25,0.25
c4f59bdd-00356764,1,1,1,0.5,0.5,0.5
c4f59bdd-11bad1c6,2,2,2,1.0,1.0,1.0
c4f62823-9d3f8519,1,1,1,0.5,0.5,0.5
c4f65761-4cdc3348,0,0,0,0.25,0.25,0.25
c4f65761-92ca62d4,0,0,0,0.25,0.25,0.25
c4f723f1-5ba8f7ee,0,0,0,0.25,0.25,0.25
c4f723f1-a0aab25c,0,0,0,0.25,0.25,0.25
c4f723f1-babfc6fe,0,0,0,0.25,0.25,0.25
c4f79b31-594adb6b,0,0,0,0.25,0.25,0.25
c4f8633c-a33316a8,0,0,0,0.25,0.25,0.25
c4f993bf-3eee07b1,2,2,2,1.0,1.0,1.0
c4f993bf-e6edd387,0,0,0,0.25,0.25,0.25
c4fa3b0a-29b96446,0,0,0,0.25,0.25,0.25
c4fb5145-f7056d01,0,0,0,0.25,0.25,0.25
c4fb6443-4d900d7f,0,0,0,0.25,0.25,0.25
c4fb6443-babb6e4c,0,0,0,0.25,0.25,0.25
c4fb8930-2ff82458,1,1,1,0.5,0.5,0.5
c4fd6567-49ef2209,0,0,0,0.25,0.25,0.25
c50193e1-630410dc,0,0,0,0.25,0.25,0.25
c5030241-68561ce7,2,2,2,1.0,1.0,1.0
c503e333-c84c1f79,0,0,0,0.25,0.25,0.25
c503f2e8-1780553c,2,2,2,1.0,1.0,1.0
c503f2e8-55cc08bf,2,2,2,1.0,1.0,1.0
c50410a9-da5e3b8d,0,0,0,0.25,0.25,0.25
c504ed5c-0f63b8cb,1,1,1,0.5,0.5,0.5
c50ac48c-417a806b,0,0,0,0.25,0.25,0.25
c50b63be-01088e58,1,1,1,0.5,0.5,0.5
c50b63be-93930ff0,2,2,2,1.0,1.0,1.0
c50b63be-e0aa64b3,1,1,1,0.5,0.5,0.5
c50c20fc-39f5336c,2,2,2,1.0,1.0,1.0
c50c20fc-7941d80e,0,0,0,0.25,0.25,0.25
c50c20fc-9b816732,0,0,0,0.25,0.25,0.25
c50d0b3f-3a8df0bf,1,1,1,0.5,0.5,0.5
c50d0b3f-96a483e0,0,0,0,0.25,0.25,0.25
c50e6ae2-b9b2e863,1,1,1,0.5,0.5,0.5
c50faaad-75284f27,1,1,1,0.5,0.5,0.5
c50faaad-a8463d3d,1,1,1,0.5,0.5,0.5
c50faaad-d383bf66,0,0,0,0.25,0.25,0.25
c50faaad-d84b2856,1,1,1,0.5,0.5,0.5
c5118204-23d7a171,1,1,1,0.5,0.5,0.5
c5121aec-f19f3e8d,1,1,1,0.5,0.5,0.5
c5125543-1bb695f3,0,0,0,0.25,0.25,0.25
c5125543-c78ee13f,0,0,0,0.25,0.25,0.25
c513195c-6ff34daf,2,2,2,1.0,1.0,1.0
c51321e5-033ac799,0,0,0,0.25,0.25,0.25
c5134065-dce97cfb,0,0,0,0.25,0.25,0.25
c5179971-6c0bbf66,0,0,0,0.25,0.25,0.25
c517c182-52118b0a,0,0,0,0.25,0.25,0.25
c517c182-a162a7f9,1,1,1,0.5,0.5,0.5
c517c182-d75f08e3,0,0,0,0.25,0.25,0.25
c517c182-db33a55a,1,1,1,0.5,0.5,0.5
c51a2815-5d5e6d1a,1,1,1,0.5,0.5,0.5
c51c4c12-3ccdcd61,0,0,0,0.25,0.25,0.25
c51c4c12-e9006511,0,0,0,0.25,0.25,0.25
c51d0636-2b91b311,2,2,2,1.0,1.0,1.0
c51d0636-7e3c91ea,2,2,2,1.0,1.0,1.0
c51d0636-89b6a9d9,1,1,1,0.5,0.5,0.5
c51d0636-df16876f,0,0,0,0.25,0.25,0.25
c51de804-7b18411f,0,0,0,0.25,0.25,0.25
c51ec845-16754dac,2,2,2,1.0,1.0,1.0
c51ec845-67e41e84,2,2,2,1.0,1.0,1.0
c51ec845-75af36d3,0,0,0,0.25,0.25,0.25
c51ec845-9096d93a,2,2,2,1.0,1.0,1.0
c51ec845-99c75a49,1,1,1,0.5,0.5,0.5
c51ee110-ea464eff,2,2,2,1.0,1.0,1.0
c52170ea-5346382f,2,2,2,1.0,1.0,1.0
c5218d47-c938bca6,2,2,2,1.0,1.0,1.0
c524ecb5-74c5e510,2,2,2,1.0,1.0,1.0
c524ecb5-d58d39ee,1,1,1,0.5,0.5,0.5
c52a5080-19a9e0a7,1,1,1,0.5,0.5,0.5
c52a5080-7f1eba3f,1,1,1,0.5,0.5,0.5
c52a5080-e5a538ae,0,0,0,0.25,0.25,0.25
c52a5080-f9be7559,1,1,1,0.5,0.5,0.5
c52b6d8b-defd3a03,0,0,0,0.25,0.25,0.25
c52f53f8-1df973bb,0,0,0,0.25,0.25,0.25
c52f53f8-70ad0125,2,2,2,1.0,1.0,1.0
c52f53f8-83f49a86,1,1,1,0.5,0.5,0.5
c52f53f8-8e4cd9a5,2,2,2,1.0,1.0,1.0
c52f53f8-ca29420e,0,0,0,0.25,0.25,0.25
c52f53f8-f2c94064,0,0,0,0.25,0.25,0.25
c5302a80-100fc260,0,0,0,0.25,0.25,0.25
c532201e-8531945e,1,1,1,0.5,0.5,0.5
c53221aa-4ef98335,1,1,1,0.5,0.5,0.5
c53385ee-1fe07e21,0,0,0,0.25,0.25,0.25
c5339d15-f0812440,2,2,2,1.0,1.0,1.0
c5343589-b82a2d0b,1,1,1,0.5,0.5,0.5
c5343589-f0a9e124,0,0,0,0.25,0.25,0.25
c53478c5-0565e28b,0,0,0,0.25,0.25,0.25
c53478c5-79d0affb,0,0,0,0.25,0.25,0.25
c536c7e6-f9b2808f,0,0,0,0.25,0.25,0.25
c536d061-03d98dde,0,0,0,0.25,0.25,0.25
c536d061-694537c9,2,2,2,1.0,1.0,1.0
c53941d4-889b2e48,0,0,0,0.25,0.25,0.25
c53986c1-311f3693,2,2,2,1.0,1.0,1.0
c53986c1-9107e7a9,0,0,0,0.25,0.25,0.25
c53986c1-925eafc4,0,0,0,0.25,0.25,0.25
c53986c1-a827a10a,0,0,0,0.25,0.25,0.25
c53986c1-c00f0bdc,2,2,2,1.0,1.0,1.0
c53986c1-c1e5c59d,0,0,0,0.25,0.25,0.25
c53986c1-e01903a1,0,0,0,0.25,0.25,0.25
c53986c1-ead41bbf,0,0,0,0.25,0.25,0.25
c53a24f2-545aa062,1,1,1,0.5,0.5,0.5
c53a24f2-5e6c5cbd,2,2,2,1.0,1.0,1.0
c53a24f2-a94dfb53,1,1,1,0.5,0.5,0.5
c53a24f2-dd27caa2,0,0,0,0.25,0.25,0.25
c53a24f2-e7ccbacd,2,2,2,1.0,1.0,1.0
c53bb16d-509a7840,1,1,1,0.5,0.5,0.5
c53c8bba-e8fa6bc6,0,0,0,0.25,0.25,0.25
c53c9807-1eadf674,0,0,0,0.25,0.25,0.25
c53cad0a-e31c0406,2,2,2,1.0,1.0,1.0
c540a708-48091e56,1,1,1,0.5,0.5,0.5
c540a708-71fd04e3,1,1,1,0.5,0.5,0.5
c540a708-e1a4ff73,0,0,0,0.25,0.25,0.25
c540a708-e532e378,1,1,1,0.5,0.5,0.5
c540a708-f9601c77,0,0,0,0.25,0.25,0.25
c540d300-35f80d81,1,1,1,0.5,0.5,0.5
c540d300-d60d1a91,2,2,2,1.0,1.0,1.0
c5430bf3-07e67721,1,1,1,0.5,0.5,0.5
c5434464-5dcb3bd7,0,0,0,0.25,0.25,0.25
c54441e6-400c221e,0,0,0,0.25,0.25,0.25
c546c109-92e1a97e,0,0,0,0.25,0.25,0.25
c5490183-eb00ff57,0,0,0,0.25,0.25,0.25
c54925a2-af3b6166,0,0,0,0.25,0.25,0.25
c54a2f90-4762b269,0,0,0,0.25,0.25,0.25
c54abf2f-cd3f73dc,2,2,2,1.0,1.0,1.0
c54c4e66-d4b3ef01,0,0,0,0.25,0.25,0.25
c54e3b28-168e2176,1,1,1,0.5,0.5,0.5
c54ec43c-1aa7875b,2,2,2,1.0,1.0,1.0
c5530340-6ca6f8bc,0,0,0,0.25,0.25,0.25
c55332bb-cdf3fe55,0,0,0,0.25,0.25,0.25
c553c602-a2d33a0c,2,2,2,1.0,1.0,1.0
c55554e1-b61fd176,0,0,0,0.25,0.25,0.25
c555922f-58564fdc,2,2,2,1.0,1.0,1.0
c555922f-e8bc7d91,0,0,0,0.25,0.25,0.25
c5568343-7dfa0efd,2,2,2,1.0,1.0,1.0
c5568343-87284a3a,1,1,1,0.5,0.5,0.5
c556b94f-70bb8f52,1,1,1,0.5,0.5,0.5
c5578df5-1318c8a5,1,1,1,0.5,0.5,0.5
c5584f14-7fcc4797,0,0,0,0.25,0.25,0.25
c5584f14-cba77967,2,2,2,1.0,1.0,1.0
c5588233-76a1ecf3,1,1,1,0.5,0.5,0.5
c5588233-b03622f3,0,0,0,0.25,0.25,0.25
c558e42a-f172181e,1,1,1,0.5,0.5,0.5
c558f74c-8874b6c0,2,2,2,1.0,1.0,1.0
c558f74c-8d36158e,2,2,2,1.0,1.0,1.0
c559b4de-a039e833,2,2,2,1.0,1.0,1.0
c55a3ec9-9aa6b23e,1,1,1,0.5,0.5,0.5
c55ab634-34faa48e,0,0,0,0.25,0.25,0.25
c55ab634-b93da9ef,0,0,0,0.25,0.25,0.25
c55b474f-f39c51a8,2,2,2,1.0,1.0,1.0
c55b79ad-fff7df7b,1,1,1,0.5,0.5,0.5
c55c4242-e70337b4,1,1,1,0.5,0.5,0.5
c55c6b72-d4bb26f3,0,0,0,0.25,0.25,0.25
c55d0615-f1eb15ca,0,0,0,0.25,0.25,0.25
c55da7df-537c27fd,1,1,1,0.5,0.5,0.5
c55da7df-facccafc,1,1,1,0.5,0.5,0.5
c55dc887-58fc27e7,1,1,1,0.5,0.5,0.5
c55dde26-9a4d91e4,0,0,0,0.25,0.25,0.25
c55f5f07-0e2857f2,0,0,0,0.25,0.25,0.25
c55f5f07-1d069cfd,0,0,0,0.25,0.25,0.25
c55fef10-97ed70d9,0,0,0,0.25,0.25,0.25
c560e52d-71c73e43,0,0,0,0.25,0.25,0.25
c560e8b4-ac764600,0,0,0,0.25,0.25,0.25
c5617574-cca98859,1,1,1,0.5,0.5,0.5
c561cb9a-6b311a1c,1,1,1,0.5,0.5,0.5
c561cb9a-7ee655d2,1,1,1,0.5,0.5,0.5
c561cb9a-aafc0bad,0,0,0,0.25,0.25,0.25
c5623327-f089f3ee,1,1,1,0.5,0.5,0.5
c563b8a0-c21b10e8,1,1,1,0.5,0.5,0.5
c564c92b-2f727c05,1,1,1,0.5,0.5,0.5
c564c92b-dec2638b,1,1,1,0.5,0.5,0.5
c56569c3-449c1da2,1,1,1,0.5,0.5,0.5
c566026b-2879276d,2,2,2,1.0,1.0,1.0
c566026b-3127f5d8,2,2,2,1.0,1.0,1.0
c566026b-36fc6e3c,0,0,0,0.25,0.25,0.25
c566026b-ea7cc2ea,0,0,0,0.25,0.25,0.25
c566a4d9-0504c08b,0,0,0,0.25,0.25,0.25
c566a4d9-3b84e88d,1,1,1,0.5,0.5,0.5
c5673b5f-6c5e63bc,1,1,1,0.5,0.5,0.5
c5683128-8fa894d4,0,0,0,0.25,0.25,0.25
c56915dc-1eb8abe1,0,0,0,0.25,0.25,0.25
c56915dc-8d1f7b7a,2,2,2,1.0,1.0,1.0
c5694077-e345e2a8,0,0,0,0.25,0.25,0.25
c569a073-b6125b79,1,1,1,0.5,0.5,0.5
c569c251-0738a573,0,0,0,0.25,0.25,0.25
c569c251-13855f70,0,0,0,0.25,0.25,0.25
c569c251-16b6f263,2,2,2,1.0,1.0,1.0
c569c251-3845bd46,2,2,2,1.0,1.0,1.0
c569c251-411184c2,0,0,0,0.25,0.25,0.25
c569c251-695c432c,0,0,0,0.25,0.25,0.25
c569c251-8a583641,1,1,1,0.5,0.5,0.5
c569c251-a065134a,0,0,0,0.25,0.25,0.25
c569c251-cc941b80,2,2,2,1.0,1.0,1.0
c569c251-e9e2071f,0,0,0,0.25,0.25,0.25
c569c251-ee16dcb1,0,0,0,0.25,0.25,0.25
c56ad92a-35537de6,1,1,1,0.5,0.5,0.5
c56ad92a-40a9f774,0,0,0,0.25,0.25,0.25
c56ad92a-5ee26a21,2,2,2,1.0,1.0,1.0
c56ad92a-6707dbb4,1,1,1,0.5,0.5,0.5
c56ad92a-6a32ee17,1,1,1,0.5,0.5,0.5
c56ad92a-8744e902,2,2,2,1.0,1.0,1.0
c56ad92a-8b473204,0,0,0,0.25,0.25,0.25
c56ad92a-9e626450,0,0,0,0.25,0.25,0.25
c56ad92a-c7ecc589,0,0,0,0.25,0.25,0.25
c56ad92a-ce17a387,1,1,1,0.5,0.5,0.5
c56ad92a-ef30489c,0,0,0,0.25,0.25,0.25
c56ad92a-fca9c961,0,0,0,0.25,0.25,0.25
c56ad92a-ff0ebcb2,1,1,1,0.5,0.5,0.5
c56c7249-f70c6c33,0,0,0,0.25,0.25,0.25
c56c951e-07a935da,0,0,0,0.25,0.25,0.25
c56c951e-9eadf2b7,1,1,1,0.5,0.5,0.5
c56cdb77-68cd6d79,0,0,0,0.25,0.25,0.25
c56cdb77-b69228d3,2,2,2,1.0,1.0,1.0
c56cdb77-d0e10fbb,0,0,0,0.25,0.25,0.25
c56d9ab9-fd988840,0,0,0,0.25,0.25,0.25
c56f2163-005261fc,0,0,0,0.25,0.25,0.25
c5718931-d5862304,2,2,2,1.0,1.0,1.0
c571c186-33a17c72,0,0,0,0.25,0.25,0.25
c571c186-39041336,0,0,0,0.25,0.25,0.25
c571c186-d0b3877c,1,1,1,0.5,0.5,0.5
c57363a5-1237e193,2,2,2,1.0,1.0,1.0
c573ac02-6c5f037e,1,1,1,0.5,0.5,0.5
c573d709-4a0dbd2a,0,0,0,0.25,0.25,0.25
c576ccff-0a51ae4b,0,0,0,0.25,0.25,0.25
c5789b5b-89d36fa8,1,1,1,0.5,0.5,0.5
c57906c2-0f8c5acb,2,2,2,1.0,1.0,1.0
c57906c2-4fd67f12,0,0,0,0.25,0.25,0.25
c57906c2-9696bf52,2,2,2,1.0,1.0,1.0
c5792511-7e5cec42,2,2,2,1.0,1.0,1.0
c5796880-a7005e6e,0,0,0,0.25,0.25,0.25
c579ded4-2bdbcd45,0,0,0,0.25,0.25,0.25
c57a44ff-1a53cea4,1,1,1,0.5,0.5,0.5
c57a44ff-50e4b77f,0,0,0,0.25,0.25,0.25
c57a44ff-5cf5202c,1,1,1,0.5,0.5,0.5
c57a44ff-6cf39d9a,2,2,2,1.0,1.0,1.0
c57a466b-876d29df,0,0,0,0.25,0.25,0.25
c57a8745-d78279a8,1,1,1,0.5,0.5,0.5
c57c1efb-3033d1ff,0,0,0,0.25,0.25,0.25
c57c1efb-660f4ec3,2,2,2,1.0,1.0,1.0
c57c1efb-d906271a,0,0,0,0.25,0.25,0.25
c57caddc-26ab6ed5,1,1,1,0.5,0.5,0.5
c57cda5b-7783c7cb,0,0,0,0.25,0.25,0.25
c57cda5b-7ca48687,2,2,2,1.0,1.0,1.0
c57cda5b-92fa0083,0,0,0,0.25,0.25,0.25
c57cda5b-e43a49aa,1,1,1,0.5,0.5,0.5
c57ec379-3d606dec,2,2,2,1.0,1.0,1.0
c57ec379-6b2b4a1b,0,0,0,0.25,0.25,0.25
c57ec379-7827cbab,1,1,1,0.5,0.5,0.5
c58428cf-2398dd36,0,0,0,0.25,0.25,0.25
c5843165-79210a52,1,1,1,0.5,0.5,0.5
c58446da-3863db47,1,1,1,0.5,0.5,0.5
c584f2c3-83912b35,1,1,1,0.5,0.5,0.5
c5853065-e066b724,1,1,1,0.5,0.5,0.5
c585c0c4-f0596352,1,1,1,0.5,0.5,0.5
c586b898-17285cc9,0,0,0,0.25,0.25,0.25
c586b898-260e642f,0,0,0,0.25,0.25,0.25
c586b898-4247945c,1,1,1,0.5,0.5,0.5
c586b898-99a46642,0,0,0,0.25,0.25,0.25
c586b898-d44df97d,1,1,1,0.5,0.5,0.5
c5879538-6312ddd1,0,0,0,0.25,0.25,0.25
c587d65a-90cbad97,0,0,0,0.25,0.25,0.25
c587df13-09f601eb,0,0,0,0.25,0.25,0.25
c5882339-1ee18f0d,0,0,0,0.25,0.25,0.25
c5882339-42bfd7a8,1,1,1,0.5,0.5,0.5
c5882339-dff241de,1,1,1,0.5,0.5,0.5
c588eb5e-dfd59d8e,0,0,0,0.25,0.25,0.25
c588f35b-79bd69fe,2,2,2,1.0,1.0,1.0
c5891130-4bfd998d,0,0,0,0.25,0.25,0.25
c5895bc5-f14bcbec,1,1,1,0.5,0.5,0.5
c589f726-1a6459e8,1,1,1,0.5,0.5,0.5
c58a9085-abc0c295,2,2,2,1.0,1.0,1.0
c58ace84-1b30e5a5,0,0,0,0.25,0.25,0.25
c58afc12-d228f86b,0,0,0,0.25,0.25,0.25
c58ba000-928da283,1,1,1,0.5,0.5,0.5
c58bb853-256a6c3e,2,2,2,1.0,1.0,1.0
c58bb853-c9421648,1,1,1,0.5,0.5,0.5
c58d52cb-63d66bf4,2,2,2,1.0,1.0,1.0
c58e720e-771b366f,1,1,1,0.5,0.5,0.5
c58eb8da-9871eb53,2,2,2,1.0,1.0,1.0
c58f17ae-e811d801,0,0,0,0.25,0.25,0.25
c591f68a-75fddc3a,2,2,2,1.0,1.0,1.0
c593756a-4d6ae1d1,2,2,2,1.0,1.0,1.0
c593b804-4c08d1a1,0,0,0,0.25,0.25,0.25
c59500f0-130d7415,1,1,1,0.5,0.5,0.5
c59500f0-1e9d31c1,2,2,2,1.0,1.0,1.0
c59500f0-602e9446,0,0,0,0.25,0.25,0.25
c59500f0-6304fda1,0,0,0,0.25,0.25,0.25
c59500f0-64edb242,0,0,0,0.25,0.25,0.25
c59500f0-d3272eb4,2,2,2,1.0,1.0,1.0
c59500f0-f26be735,1,1,1,0.5,0.5,0.5
c595cb01-89718083,0,0,0,0.25,0.25,0.25
c595de6c-1fe5d3df,1,1,1,0.5,0.5,0.5
c599480d-15223a32,0,0,0,0.25,0.25,0.25
c59af260-1bec72c5,0,0,0,0.25,0.25,0.25
c59af260-aa52b5d0,0,0,0,0.25,0.25,0.25
c59c31f2-cdac8cc8,1,1,1,0.5,0.5,0.5
c59e4f05-5ebe763a,2,2,2,1.0,1.0,1.0
c5a0ad25-32da84bb,2,2,2,1.0,1.0,1.0
c5a0ad25-ce65688e,0,0,0,0.25,0.25,0.25
c5a0d993-3505c5ce,2,2,2,1.0,1.0,1.0
c5a0d993-a86563c1,1,1,1,0.5,0.5,0.5
c5a11aec-af855969,0,0,0,0.25,0.25,0.25
c5a170ce-85355a1b,0,0,0,0.25,0.25,0.25
c5a170ce-f820f869,0,0,0,0.25,0.25,0.25
c5a178bf-5a656bed,0,0,0,0.25,0.25,0.25
c5a178bf-637d1750,0,0,0,0.25,0.25,0.25
c5a178bf-af5c99dd,0,0,0,0.25,0.25,0.25
c5a178bf-ed8f9807,1,1,1,0.5,0.5,0.5
c5a32922-3909caf2,2,2,2,1.0,1.0,1.0
c5a42fb0-f73381b8,0,0,0,0.25,0.25,0.25
c5a4ccc0-2119ddb9,2,2,2,1.0,1.0,1.0
c5a4ccc0-2bc61efc,0,0,0,0.25,0.25,0.25
c5a4ccc0-87c6df6e,0,0,0,0.25,0.25,0.25
c5a4ccc0-b786fbb2,1,1,1,0.5,0.5,0.5
c5a805c8-318bd605,0,0,0,0.25,0.25,0.25
c5a84acc-baf6323a,0,0,0,0.25,0.25,0.25
c5aa59aa-4ce7e750,0,0,0,0.25,0.25,0.25
c5ab4d79-c244d950,0,0,0,0.25,0.25,0.25
c5ae33f9-a2c4f208,2,2,2,1.0,1.0,1.0
c5ae7bf8-25901c98,0,0,0,0.25,0.25,0.25
c5b166fd-3156e611,0,0,0,0.25,0.25,0.25
c5b166fd-443c316f,0,0,0,0.25,0.25,0.25
c5b166fd-cb88868f,2,2,2,1.0,1.0,1.0
c5b166fd-cbe303b7,2,2,2,1.0,1.0,1.0
c5b166fd-df77bb5d,1,1,1,0.5,0.5,0.5
c5b1e3f5-479118b6,2,2,2,1.0,1.0,1.0
c5b2506d-07e406a6,0,0,0,0.25,0.25,0.25
c5b2506d-1241a008,1,1,1,0.5,0.5,0.5
c5b2506d-1c31cee3,0,0,0,0.25,0.25,0.25
c5b2506d-6e15c4c3,0,0,0,0.25,0.25,0.25
c5b2506d-7e987d44,1,1,1,0.5,0.5,0.5
c5b2506d-9121123c,0,0,0,0.25,0.25,0.25
c5b2506d-a03619f7,0,0,0,0.25,0.25,0.25
c5b2506d-aa9e5484,2,2,2,1.0,1.0,1.0
c5b2506d-b5774e49,1,1,1,0.5,0.5,0.5
c5b2506d-d7479cbb,2,2,2,1.0,1.0,1.0
c5b29044-75af49f0,2,2,2,1.0,1.0,1.0
c5b59090-05bcd505,0,0,0,0.25,0.25,0.25
c5b64f27-53710b20,0,0,0,0.25,0.25,0.25
c5b64f27-b5bd4388,0,0,0,0.25,0.25,0.25
c5b64f27-fc829e64,0,0,0,0.25,0.25,0.25
c5b6c311-962e60b4,0,0,0,0.25,0.25,0.25
c5b6c311-9841604a,1,1,1,0.5,0.5,0.5
c5b6c311-af650f3b,0,0,0,0.25,0.25,0.25
c5b6c311-c7351dcf,1,1,1,0.5,0.5,0.5
c5b76793-172c4594,1,1,1,0.5,0.5,0.5
c5b76793-56c6c886,1,1,1,0.5,0.5,0.5
c5b76b45-6a9e676b,0,0,0,0.25,0.25,0.25
c5b7b466-4adbd41c,2,2,2,1.0,1.0,1.0
c5b7b466-c3bd479a,1,1,1,0.5,0.5,0.5
c5b7b466-eac86195,0,0,0,0.25,0.25,0.25
c5b7b466-f6066e36,2,2,2,1.0,1.0,1.0
c5b7db86-88bceca0,0,0,0,0.25,0.25,0.25
c5b7db86-b62a7a3f,2,2,2,1.0,1.0,1.0
c5b80ec1-6efedb0e,0,0,0,0.25,0.25,0.25
c5b80ec1-7fc5097c,1,1,1,0.5,0.5,0.5
c5b80ec1-bb9fd172,0,0,0,0.25,0.25,0.25
c5ba135d-32240f6d,0,0,0,0.25,0.25,0.25
c5bb525f-be098cfb,0,0,0,0.25,0.25,0.25
c5bbf929-8c3d6c80,0,0,0,0.25,0.25,0.25
c5bbf929-e89aac92,0,0,0,0.25,0.25,0.25
c5bc3aa9-0d55c4f9,1,1,1,0.5,0.5,0.5
c5bc3aa9-8be77f9c,1,1,1,0.5,0.5,0.5
c5bc3aa9-d268a0aa,1,1,1,0.5,0.5,0.5
c5bd516c-decd0287,1,1,1,0.5,0.5,0.5
c5bf095c-f18a6c47,0,0,0,0.25,0.25,0.25
c5c1956a-f18fba95,0,0,0,0.25,0.25,0.25
c5c3116a-52333439,0,0,0,0.25,0.25,0.25
c5c3116a-8bcf604c,0,0,0,0.25,0.25,0.25
c5c352c8-2b9624d5,1,1,1,0.5,0.5,0.5
c5c352c8-c97b0943,0,0,0,0.25,0.25,0.25
c5c37cfe-a885a8d2,2,2,2,1.0,1.0,1.0
c5c3b858-bc1ffd47,0,0,0,0.25,0.25,0.25
c5c43551-472281ea,1,1,1,0.5,0.5,0.5
c5c43551-916bcae8,0,0,0,0.25,0.25,0.25
c5c48d80-4204c6c7,0,0,0,0.25,0.25,0.25
c5c48d80-d0a65d93,0,0,0,0.25,0.25,0.25
c5c6fd07-9a05cafd,1,1,1,0.5,0.5,0.5
c5c7c186-2f98e734,0,0,0,0.25,0.25,0.25
c5c7c186-9381f4a2,2,2,2,1.0,1.0,1.0
c5c86b04-083cb3fd,0,0,0,0.25,0.25,0.25
c5c8a92c-49d1ba7c,0,0,0,0.25,0.25,0.25
c5c8a92c-ed6160d8,2,2,2,1.0,1.0,1.0
c5c910c6-c7aa96f1,2,2,2,1.0,1.0,1.0
c5c9d88b-71b49b27,2,2,2,1.0,1.0,1.0
c5c9d88b-cd7f4b25,0,0,0,0.25,0.25,0.25
c5c9ead6-dab2dae6,0,0,0,0.25,0.25,0.25
c5ca1272-3f672c39,0,0,0,0.25,0.25,0.25
c5ca1272-a926594c,1,1,1,0.5,0.5,0.5
c5ca1272-c0d0ab9a,0,0,0,0.25,0.25,0.25
c5ca1272-df2c0491,0,0,0,0.25,0.25,0.25
c5caf169-3010206a,0,0,0,0.25,0.25,0.25
c5caf169-f75db8a9,1,1,1,0.5,0.5,0.5
c5cbe746-95cc81dc,1,1,1,0.5,0.5,0.5
c5cc1219-49036234,2,2,2,1.0,1.0,1.0
c5cdbe94-689ed201,0,0,0,0.25,0.25,0.25
c5ce458d-da546f8a,0,0,0,0.25,0.25,0.25
c5ce9781-b8db3bfa,2,2,2,1.0,1.0,1.0
c5d13cf9-038d680e,0,0,0,0.25,0.25,0.25
c5d13cf9-8840eb07,0,0,0,0.25,0.25,0.25
c5d26790-b391812d,0,0,0,0.25,0.25,0.25
c5d2daaf-bee29c76,1,1,1,0.5,0.5,0.5
c5d43861-1e463c29,2,2,2,1.0,1.0,1.0
c5d79098-0b67a544,1,1,1,0.5,0.5,0.5
c5d79098-e6587dc0,0,0,0,0.25,0.25,0.25
c5d7ce8d-55f07ede,1,1,1,0.5,0.5,0.5
c5d864fa-1b3f0232,0,0,0,0.25,0.25,0.25
c5d864fa-20290c25,1,1,1,0.5,0.5,0.5
c5d864fa-34365f4f,0,0,0,0.25,0.25,0.25
c5d864fa-3b452090,2,2,2,1.0,1.0,1.0
c5d864fa-46e3de37,0,0,0,0.25,0.25,0.25
c5d864fa-8e525d48,0,0,0,0.25,0.25,0.25
c5d864fa-a008f891,1,1,1,0.5,0.5,0.5
c5d864fa-a4e15b55,1,1,1,0.5,0.5,0.5
c5d864fa-b0b2380b,2,2,2,1.0,1.0,1.0
c5d864fa-b3fffe5d,0,0,0,0.25,0.25,0.25
c5d864fa-dec84644,1,1,1,0.5,0.5,0.5
c5dd12e7-e1f925bf,0,0,0,0.25,0.25,0.25
c5dd7a2a-bab83a60,1,1,1,0.5,0.5,0.5
c5dd7de4-53608747,0,0,0,0.25,0.25,0.25
c5dee1e2-e17da4f5,1,1,1,0.5,0.5,0.5
c5def92b-7c703f2f,1,1,1,0.5,0.5,0.5
c5def92b-a0699b4e,0,0,0,0.25,0.25,0.25
c5def92b-af08d4b8,0,0,0,0.25,0.25,0.25
c5e29bbb-9d7569ec,0,0,0,0.25,0.25,0.25
c5e29bbb-d09c83c8,1,1,1,0.5,0.5,0.5
c5e32cf6-7d2e04b4,0,0,0,0.25,0.25,0.25
c5e32cf6-89b8fb88,0,0,0,0.25,0.25,0.25
c5e32cf6-cd1cec66,0,0,0,0.25,0.25,0.25
c5e41dc2-3efd50c3,2,2,2,1.0,1.0,1.0
c5e41dc2-4be2c885,1,1,1,0.5,0.5,0.5
c5e41dc2-537a34c6,0,0,0,0.25,0.25,0.25
c5e41dc2-b8afddfc,1,1,1,0.5,0.5,0.5
c5e41dc2-c5eb4569,0,0,0,0.25,0.25,0.25
c5e8457e-381c8a85,1,1,1,0.5,0.5,0.5
c5e8ab3b-6e92761c,0,0,0,0.25,0.25,0.25
c5e8cd7e-2fc99e96,0,0,0,0.25,0.25,0.25
c5ea1566-5388419a,1,1,1,0.5,0.5,0.5
c5ea1566-561af343,2,2,2,1.0,1.0,1.0
c5eb7f02-2eeb75ed,1,1,1,0.5,0.5,0.5
c5eb7f02-4de68c54,2,2,2,1.0,1.0,1.0
c5eb7f02-6ddd1f4e,2,2,2,1.0,1.0,1.0
c5eb7f02-80a6bb1c,2,2,2,1.0,1.0,1.0
c5eb7f02-c4f67fb1,1,1,1,0.5,0.5,0.5
c5ec1247-80a84ca0,0,0,0,0.25,0.25,0.25
c5ec5261-567ff509,0,0,0,0.25,0.25,0.25
c5ed5d69-f2a3b0ed,0,0,0,0.25,0.25,0.25
c5eebbf5-1450247a,0,0,0,0.25,0.25,0.25
c5f0cacd-26e83cd1,2,2,2,1.0,1.0,1.0
c5f0cacd-3c4333b4,0,0,0,0.25,0.25,0.25
c5f27105-45b3e276,1,1,1,0.5,0.5,0.5
c5f2e071-fcf05969,0,0,0,0.25,0.25,0.25
c5f31e54-2e91ccbd,0,0,0,0.25,0.25,0.25
c5f31e54-76b8c52c,2,2,2,1.0,1.0,1.0
c5f4350d-1f7632ea,0,0,0,0.25,0.25,0.25
c5f4350d-de142038,0,0,0,0.25,0.25,0.25
c5f4b6d4-0a740188,2,2,2,1.0,1.0,1.0
c5f4b6d4-92bcf575,1,1,1,0.5,0.5,0.5
c5f4b6d4-eb1f94b7,0,0,0,0.25,0.25,0.25
c5f523f3-b5a9057e,0,0,0,0.25,0.25,0.25
c5f87655-a6b5b5ff,2,2,2,1.0,1.0,1.0
c5f8a1ae-0d55fc7a,1,1,1,0.5,0.5,0.5
c5f99fea-d9ccc213,1,1,1,0.5,0.5,0.5
c5fa2573-a33e9b84,0,0,0,0.25,0.25,0.25
c5fac5ad-8854736e,0,0,0,0.25,0.25,0.25
c5fb6c66-c243092c,2,2,2,1.0,1.0,1.0
c5fcf26b-c3f9aa67,1,1,1,0.5,0.5,0.5
c5fd03fa-70ea30f9,0,0,0,0.25,0.25,0.25
c5fe7f8b-38ce05b2,1,1,1,0.5,0.5,0.5
c5fe7f8b-522055d5,1,1,1,0.5,0.5,0.5
c5feca03-0f32ddcf,1,1,1,0.5,0.5,0.5
c5ffb92c-67f32de8,0,0,0,0.25,0.25,0.25
c5ffb92c-772cfc9c,2,2,2,1.0,1.0,1.0
c6013f78-376051fb,2,2,2,1.0,1.0,1.0
c60144b6-3d65950d,0,0,0,0.25,0.25,0.25
c60144b6-62841efb,2,2,2,1.0,1.0,1.0
c60144b6-74583c0d,2,2,2,1.0,1.0,1.0
c60144b6-76df711e,2,2,2,1.0,1.0,1.0
c60144b6-ddad5125,2,2,2,1.0,1.0,1.0
c602b3c5-0bba271b,1,1,1,0.5,0.5,0.5
c602b3c5-8f9a3aef,0,0,0,0.25,0.25,0.25
c60327b4-f096274e,1,1,1,0.5,0.5,0.5
c6033a7e-3c3211ec,1,1,1,0.5,0.5,0.5
c60535ee-007fd6dd,1,1,1,0.5,0.5,0.5
c605bc6e-78064ec8,1,1,1,0.5,0.5,0.5
c605bc6e-a4a48e5c,0,0,0,0.25,0.25,0.25
c605bc6e-b329a5c1,1,1,1,0.5,0.5,0.5
c606dc56-2a64e82c,0,0,0,0.25,0.25,0.25
c6079e86-f5203076,2,2,2,1.0,1.0,1.0
c6083af3-97345ce2,0,0,0,0.25,0.25,0.25
c6085e74-b63938e2,0,0,0,0.25,0.25,0.25
c6089c97-fb6682fb,1,1,1,0.5,0.5,0.5
c60b2910-c3ce88e1,2,2,2,1.0,1.0,1.0
c60b2910-e0fb459f,1,1,1,0.5,0.5,0.5
c60b2910-eb72d5a2,0,0,0,0.25,0.25,0.25
c60b6c7a-3bc6fa12,1,1,1,0.5,0.5,0.5
c60c04c3-10c3f122,1,1,1,0.5,0.5,0.5
c60c04c3-b48a4e84,0,0,0,0.25,0.25,0.25
c60d6c5c-11adb0a5,1,1,1,0.5,0.5,0.5
c60d6c5c-689d8921,0,0,0,0.25,0.25,0.25
c60db1dc-73c1e986,0,0,0,0.25,0.25,0.25
c60db1dc-f8f24f9f,1,1,1,0.5,0.5,0.5
c60dc8c4-3c29b3e3,1,1,1,0.5,0.5,0.5
c60dc8c4-c8c80749,1,1,1,0.5,0.5,0.5
c60deb3c-d8219cc9,0,0,0,0.25,0.25,0.25
c60e27d7-0c92e2f2,0,0,0,0.25,0.25,0.25
c60f0eb4-bb0d650b,1,1,1,0.5,0.5,0.5
c60ffc99-13f7f8e0,0,0,0,0.25,0.25,0.25
c614250f-060df27c,1,1,1,0.5,0.5,0.5
c614250f-612cd1b1,0,0,0,0.25,0.25,0.25
c614250f-8197deb8,1,1,1,0.5,0.5,0.5
c6148dad-03eb1951,0,0,0,0.25,0.25,0.25
c6148dad-32f6f2b2,1,1,1,0.5,0.5,0.5
c6148dad-b073324c,2,2,2,1.0,1.0,1.0
c614be17-f1d896e0,0,0,0,0.25,0.25,0.25
c617d219-c5bb6104,1,1,1,0.5,0.5,0.5
c6180886-aaf908a0,2,2,2,1.0,1.0,1.0
c61820fc-ba8d6a48,2,2,2,1.0,1.0,1.0
c6193869-d2f9aed1,1,1,1,0.5,0.5,0.5
c61af85d-0570a2a9,0,0,0,0.25,0.25,0.25
c61c91ec-1c678f63,0,0,0,0.25,0.25,0.25
c61cc09d-620a73cb,0,0,0,0.25,0.25,0.25
c61cc09d-7ba22a23,1,1,1,0.5,0.5,0.5
c61e0f0d-188e2618,2,2,2,1.0,1.0,1.0
c61e0f0d-96124634,2,2,2,1.0,1.0,1.0
c61e36b0-4e14731e,0,0,0,0.25,0.25,0.25
c61e7344-d27499c3,0,0,0,0.25,0.25,0.25
c62073d1-3d9adad7,1,1,1,0.5,0.5,0.5
c620ac7c-124d4be5,1,1,1,0.5,0.5,0.5
c620ac7c-3bbb50e2,1,1,1,0.5,0.5,0.5
c620ac7c-f3d4e50c,1,1,1,0.5,0.5,0.5
c6215f72-266bf801,0,0,0,0.25,0.25,0.25
c6265010-8caa470f,0,0,0,0.25,0.25,0.25
c62664f1-b6fec7e5,0,0,0,0.25,0.25,0.25
c62664f1-e2a87cef,1,1,1,0.5,0.5,0.5
c629768e-7da2d4f0,2,2,2,1.0,1.0,1.0
c62ba5b8-0efc4385,2,2,2,1.0,1.0,1.0
c62ba5b8-9119eae7,0,0,0,0.25,0.25,0.25
c62ba5b8-bfa3fbad,1,1,1,0.5,0.5,0.5
c62cf532-b431541d,1,1,1,0.5,0.5,0.5
c62dc284-683bf6e9,0,0,0,0.25,0.25,0.25
c62dc284-926392bf,2,2,2,1.0,1.0,1.0
c62dc284-faca580e,2,2,2,1.0,1.0,1.0
c62efadc-a4255fc1,1,1,1,0.5,0.5,0.5
c62efadc-d5d01fc2,0,0,0,0.25,0.25,0.25
c6301763-2abac61a,2,2,2,1.0,1.0,1.0
c630c103-34a53b18,1,1,1,0.5,0.5,0.5
c6313a48-d945108a,0,0,0,0.25,0.25,0.25
c6320aee-c3faffdc,0,0,0,0.25,0.25,0.25
c6338e17-c0df8fbe,0,0,0,0.25,0.25,0.25
c633cafb-496ee40f,0,0,0,0.25,0.25,0.25
c633cafb-9ff0a3a2,0,0,0,0.25,0.25,0.25
c63428f4-7e084bea,1,1,1,0.5,0.5,0.5
c634f845-8fdb6a3e,2,2,2,1.0,1.0,1.0
c6352da9-dbb06c04,0,0,0,0.25,0.25,0.25
c6367bde-a28b0ad2,0,0,0,0.25,0.25,0.25
c63800c9-ebf059d1,0,0,0,0.25,0.25,0.25
c63864a9-35e14676,1,1,1,0.5,0.5,0.5
c6387d9e-26028281,0,0,0,0.25,0.25,0.25
c6387d9e-b30064de,1,1,1,0.5,0.5,0.5
c639e1c0-2eb71da1,1,1,1,0.5,0.5,0.5
c63bf933-0514a263,0,0,0,0.25,0.25,0.25
c63c27a4-6c1b3f4e,1,1,1,0.5,0.5,0.5
c63da3b1-bb66bf72,1,1,1,0.5,0.5,0.5
c63da678-d3f535e3,2,2,2,1.0,1.0,1.0
c63df65f-acb7276e,0,0,0,0.25,0.25,0.25
c63f6bb5-e23a253e,0,0,0,0.25,0.25,0.25
c63f6bb5-f2449af8,0,0,0,0.25,0.25,0.25
c6406d76-4b7872d2,1,1,1,0.5,0.5,0.5
c6406d76-b7b64e81,1,1,1,0.5,0.5,0.5
c6406d76-bbf7229f,1,1,1,0.5,0.5,0.5
c640ffda-035e5b98,1,1,1,0.5,0.5,0.5
c6424a42-1e0e0f7c,0,0,0,0.25,0.25,0.25
c6424a42-272aa782,1,1,1,0.5,0.5,0.5
c643f246-e29733b4,0,0,0,0.25,0.25,0.25
c644bce5-310a172f,0,0,0,0.25,0.25,0.25
c644bce5-b6465290,1,1,1,0.5,0.5,0.5
c644e81b-53cbf3b6,2,2,2,1.0,1.0,1.0
c644e81b-d8e6dcc0,0,0,0,0.25,0.25,0.25
c6459d6c-2a477f42,1,1,1,0.5,0.5,0.5
c6459d6c-e50530d0,1,1,1,0.5,0.5,0.5
c6468284-3d60a86b,0,0,0,0.25,0.25,0.25
c647174d-4f64af93,0,0,0,0.25,0.25,0.25
c64d4efa-0a2488a5,0,0,0,0.25,0.25,0.25
c64d742b-1ecf1b4b,0,0,0,0.25,0.25,0.25
c64d742b-b58c8bc3,2,2,2,1.0,1.0,1.0
c64dd3d9-3981f6e3,1,1,1,0.5,0.5,0.5
c64dd3d9-51adbe1e,1,1,1,0.5,0.5,0.5
c64dd3d9-afe20215,0,0,0,0.25,0.25,0.25
c64dd3d9-ed092171,0,0,0,0.25,0.25,0.25
c650b257-a545cebf,0,0,0,0.25,0.25,0.25
c6549c4a-21436fe0,0,0,0,0.25,0.25,0.25
c6549c4a-35d928df,1,1,1,0.5,0.5,0.5
c6549c4a-4832b39e,0,0,0,0.25,0.25,0.25
c6549c4a-525a2429,2,2,2,1.0,1.0,1.0
c6549c4a-57169b63,0,0,0,0.25,0.25,0.25
c6549c4a-58a407e4,0,0,0,0.25,0.25,0.25
c6549c4a-6d2e9309,2,2,2,1.0,1.0,1.0
c6549c4a-9fe4c6f6,0,0,0,0.25,0.25,0.25
c6549c4a-b2454b41,1,1,1,0.5,0.5,0.5
c6549c4a-d3fc68f7,0,0,0,0.25,0.25,0.25
c65628b7-0a11aa60,0,0,0,0.25,0.25,0.25
c65628b7-27006fb6,1,1,1,0.5,0.5,0.5
c65628b7-6c13c99d,1,1,1,0.5,0.5,0.5
c65628b7-78e929a2,1,1,1,0.5,0.5,0.5
c65628b7-8260b5b1,0,0,0,0.25,0.25,0.25
c65628b7-82c1aa6f,0,0,0,0.25,0.25,0.25
c65628b7-b1f37776,0,0,0,0.25,0.25,0.25
c65628b7-d705638d,0,0,0,0.25,0.25,0.25
c656f999-970e284f,1,1,1,0.5,0.5,0.5
c65715c7-47338a24,0,0,0,0.25,0.25,0.25
c6580b8a-368c5647,0,0,0,0.25,0.25,0.25
c6580b8a-7a0bd033,0,0,0,0.25,0.25,0.25
c658c9ae-0a49e06c,1,1,1,0.5,0.5,0.5
c659e062-f6e9aeab,1,1,1,0.5,0.5,0.5
c65b8cb4-e2aa6d2f,2,2,2,1.0,1.0,1.0
c65c2462-96e8ae92,0,0,0,0.25,0.25,0.25
c65c2462-ccc20dff,2,2,2,1.0,1.0,1.0
c65d48bf-0992c93a,1,1,1,0.5,0.5,0.5
c65d48bf-11a2512b,0,0,0,0.25,0.25,0.25
c65d48bf-2d317fb3,0,0,0,0.25,0.25,0.25
c65d48bf-5b33d44d,2,2,2,1.0,1.0,1.0
c65d48bf-626aeec8,1,1,1,0.5,0.5,0.5
c65d48bf-92b77f49,1,1,1,0.5,0.5,0.5
c65d48bf-be0f479e,0,0,0,0.25,0.25,0.25
c65d48bf-dd2e932b,1,1,1,0.5,0.5,0.5
c65d48bf-e65698bd,1,1,1,0.5,0.5,0.5
c65eb5d6-e90e41da,2,2,2,1.0,1.0,1.0
c65f7702-979ab570,0,0,0,0.25,0.25,0.25
c65fad1e-08c796e4,0,0,0,0.25,0.25,0.25
c65fad1e-d790b8ce,0,0,0,0.25,0.25,0.25
c661115f-f6d1c64b,1,1,1,0.5,0.5,0.5
c66202a8-69baf495,0,0,0,0.25,0.25,0.25
c663ebc6-21dbeb77,0,0,0,0.25,0.25,0.25
c663ebc6-46365c70,0,0,0,0.25,0.25,0.25
c664605e-3e933e30,1,1,1,0.5,0.5,0.5
c664605e-44460227,1,1,1,0.5,0.5,0.5
c664605e-abd72a76,0,0,0,0.25,0.25,0.25
c6648ad5-91058550,2,2,2,1.0,1.0,1.0
c665137e-6fffaf45,2,2,2,1.0,1.0,1.0
c665137e-a9471287,1,1,1,0.5,0.5,0.5
c665137e-c5ba935a,1,1,1,0.5,0.5,0.5
c66a2cb5-64bc6565,0,0,0,0.25,0.25,0.25
c66a2cb5-7299f544,0,0,0,0.25,0.25,0.25
c66a2cb5-80c469d8,0,0,0,0.25,0.25,0.25
c66c11e4-d8f18588,2,2,2,1.0,1.0,1.0
c66c630d-0ffac45a,0,0,0,0.25,0.25,0.25
c66c630d-50cda53e,2,2,2,1.0,1.0,1.0
c66c630d-66c67fe0,0,0,0,0.25,0.25,0.25
c66c630d-8cc5464a,2,2,2,1.0,1.0,1.0
c66c630d-a9d179a7,2,2,2,1.0,1.0,1.0
c66c630d-fd7e3bff,1,1,1,0.5,0.5,0.5
c66c709e-de7a55ed,0,0,0,0.25,0.25,0.25
c66cd6fa-73c96046,0,0,0,0.25,0.25,0.25
c66cd6fa-979934f5,0,0,0,0.25,0.25,0.25
c66cd6fa-bd40ffc6,0,0,0,0.25,0.25,0.25
c66cd6fa-e9647604,0,0,0,0.25,0.25,0.25
c66d2237-f9c0a1ef,2,2,2,1.0,1.0,1.0
c66db7be-0ca75b1b,0,0,0,0.25,0.25,0.25
c66f60f8-4a20099b,0,0,0,0.25,0.25,0.25
c67075c0-452a5634,0,0,0,0.25,0.25,0.25
c67075c0-f1638c70,2,2,2,1.0,1.0,1.0
c6716c49-04844b01,2,2,2,1.0,1.0,1.0
c6716c49-8a602ea6,1,1,1,0.5,0.5,0.5
c6716c49-d48c3543,1,1,1,0.5,0.5,0.5
c671fa68-14538adf,0,0,0,0.25,0.25,0.25
c671fa68-f2ce610d,1,1,1,0.5,0.5,0.5
c6728701-1fccb956,0,0,0,0.25,0.25,0.25
c6728701-5480540c,0,0,0,0.25,0.25,0.25
c6728701-f427d429,0,0,0,0.25,0.25,0.25
c6735e95-d11ae6b2,2,2,2,1.0,1.0,1.0
c675081b-c71e159b,2,2,2,1.0,1.0,1.0
c675081b-df5291b4,0,0,0,0.25,0.25,0.25
c6758a15-21120f89,0,0,0,0.25,0.25,0.25
c6758a15-258953c9,1,1,1,0.5,0.5,0.5
c6758a15-46130d04,1,1,1,0.5,0.5,0.5
c6758a15-8b8246b8,0,0,0,0.25,0.25,0.25
c6758a15-9154b963,0,0,0,0.25,0.25,0.25
c6758a15-c0202b07,1,1,1,0.5,0.5,0.5
c6758a15-d4e2e5ac,1,1,1,0.5,0.5,0.5
c676514a-1f48a274,0,0,0,0.25,0.25,0.25
c676514a-85a373fc,0,0,0,0.25,0.25,0.25
c676514a-8b4d18b7,2,2,2,1.0,1.0,1.0
c676514a-c538c5ba,0,0,0,0.25,0.25,0.25
c676514a-f5d635ae,0,0,0,0.25,0.25,0.25
c6774481-eeba09a9,1,1,1,0.5,0.5,0.5
c678271e-1cc5809d,2,2,2,1.0,1.0,1.0
c678271e-55faa3a7,1,1,1,0.5,0.5,0.5
c6785f37-20a97e19,0,0,0,0.25,0.25,0.25
c6785f37-95b28780,2,2,2,1.0,1.0,1.0
c678cb00-1c6211ab,0,0,0,0.25,0.25,0.25
c67c0532-e4a96360,2,2,2,1.0,1.0,1.0
c67f1dd2-995c9a8f,1,1,1,0.5,0.5,0.5
c680eea3-5a7f9086,1,1,1,0.5,0.5,0.5
c682e776-650bfd20,0,0,0,0.25,0.25,0.25
c682e776-d20a6f25,0,0,0,0.25,0.25,0.25
c682e86e-049c847f,0,0,0,0.25,0.25,0.25
c683d905-119c0ee3,1,1,1,0.5,0.5,0.5
c683d905-eca9ea1a,2,2,2,1.0,1.0,1.0
c684b9be-e666905f,0,0,0,0.25,0.25,0.25
c685aea9-1f0ae51d,1,1,1,0.5,0.5,0.5
c685aea9-2f9e84d2,0,0,0,0.25,0.25,0.25
c685aea9-bdeca101,1,1,1,0.5,0.5,0.5
c6864b90-0632ce1d,0,0,0,0.25,0.25,0.25
c6864b90-498a3912,0,0,0,0.25,0.25,0.25
c6866060-6e8de1dd,0,0,0,0.25,0.25,0.25
c6869d32-cf456c0d,0,0,0,0.25,0.25,0.25
c6874e8e-439ea4de,0,0,0,0.25,0.25,0.25
c687f5c9-13db3c6a,2,2,2,1.0,1.0,1.0
c68a02cc-7324141d,0,0,0,0.25,0.25,0.25
c68b1d0c-06cda4b9,0,0,0,0.25,0.25,0.25
c68bb3b7-ae8ce5d9,0,0,0,0.25,0.25,0.25
c68d9027-9707e4ed,2,2,2,1.0,1.0,1.0
c68dcb6b-c1775bef,1,1,1,0.5,0.5,0.5
c68dcb6b-c30a5417,1,1,1,0.5,0.5,0.5
c68dcb6b-fe86ae43,1,1,1,0.5,0.5,0.5
c68e50e0-1d6a90a8,2,2,2,1.0,1.0,1.0
c68e50e0-65803c55,1,1,1,0.5,0.5,0.5
c68e50e0-91685ec0,1,1,1,0.5,0.5,0.5
c68f8fd2-61681484,0,0,0,0.25,0.25,0.25
c68f995b-912c3dbc,1,1,1,0.5,0.5,0.5
c690ecdd-1dd0cb93,2,2,2,1.0,1.0,1.0
c690ecdd-3bb51114,0,0,0,0.25,0.25,0.25
c690ecdd-4d7973ad,0,0,0,0.25,0.25,0.25
c690ecdd-50b666c1,1,1,1,0.5,0.5,0.5
c690ecdd-f44a7b4f,0,0,0,0.25,0.25,0.25
c69108fc-10f773dd,1,1,1,0.5,0.5,0.5
c6921a51-1735be44,1,1,1,0.5,0.5,0.5
c6921a51-7d615920,0,0,0,0.25,0.25,0.25
c6921a51-a36f6af9,0,0,0,0.25,0.25,0.25
c6921a51-c3847215,2,2,2,1.0,1.0,1.0
c69227ec-e31502fc,0,0,0,0.25,0.25,0.25
c692ed67-1f8ee968,1,1,1,0.5,0.5,0.5
c6959e96-3e8a0c43,0,0,0,0.25,0.25,0.25
c6959e96-6c064011,2,2,2,1.0,1.0,1.0
c6959e96-dd05fa7a,2,2,2,1.0,1.0,1.0
c695fbd3-0a91a52f,1,1,1,0.5,0.5,0.5
c696b1c8-4e0accee,0,0,0,0.25,0.25,0.25
c696b1c8-b2fba873,1,1,1,0.5,0.5,0.5
c698371e-09aa1092,0,0,0,0.25,0.25,0.25
c698371e-5626f7bb,0,0,0,0.25,0.25,0.25
c698371e-9085357c,0,0,0,0.25,0.25,0.25
c698371e-9c81ea92,0,0,0,0.25,0.25,0.25
c698371e-a290fa18,0,0,0,0.25,0.25,0.25
c698371e-c1d58557,2,2,2,1.0,1.0,1.0
c699a513-c5a722fe,0,0,0,0.25,0.25,0.25
c69b26c7-3fa6979b,2,2,2,1.0,1.0,1.0
c69bb841-f9ad4a40,0,0,0,0.25,0.25,0.25
c69d1519-d0c95d6b,0,0,0,0.25,0.25,0.25
c69d1519-dfb88cdf,0,0,0,0.25,0.25,0.25
c69d1519-f8c8bbe8,1,1,1,0.5,0.5,0.5
c69e5864-010993d7,1,1,1,0.5,0.5,0.5
c69e5864-06a7595c,1,1,1,0.5,0.5,0.5
c69e5864-1e46bd03,1,1,1,0.5,0.5,0.5
c69e5864-73ad0cfc,1,1,1,0.5,0.5,0.5
c69f536a-9d45ee3d,0,0,0,0.25,0.25,0.25
c6a0e7c1-4171ca59,0,0,0,0.25,0.25,0.25
c6a0e7c1-b9bc987c,2,2,2,1.0,1.0,1.0
c6a0f0b4-648cd548,1,1,1,0.5,0.5,0.5
c6a2100d-d6e54e21,0,0,0,0.25,0.25,0.25
c6a23a03-fb6ef9c3,0,0,0,0.25,0.25,0.25
c6a23c7a-6e9d3e9e,1,1,1,0.5,0.5,0.5
c6a2eca5-747ac934,0,0,0,0.25,0.25,0.25
c6a2eca5-a06c9e5b,0,0,0,0.25,0.25,0.25
c6a365eb-7d11a7c1,0,0,0,0.25,0.25,0.25
c6a3d2c9-ccd19954,0,0,0,0.25,0.25,0.25
c6a47cec-c221b550,0,0,0,0.25,0.25,0.25
c6a4abc9-1b48b2ab,1,1,1,0.5,0.5,0.5
c6a4abc9-35b69a8f,0,0,0,0.25,0.25,0.25
c6a4abc9-8897c0c0,0,0,0,0.25,0.25,0.25
c6a4abc9-e999da65,2,2,2,1.0,1.0,1.0
c6a5ec44-26ea8514,2,2,2,1.0,1.0,1.0
c6a5ec44-7b0e5542,0,0,0,0.25,0.25,0.25
c6a922ec-c98fe832,0,0,0,0.25,0.25,0.25
c6a94213-9e85fba1,0,0,0,0.25,0.25,0.25
c6ad7737-578d58ca,1,1,1,0.5,0.5,0.5
c6ad7737-9c7f7e4e,2,2,2,1.0,1.0,1.0
c6ad7737-dfa1f87b,1,1,1,0.5,0.5,0.5
c6adfd20-170409d2,1,1,1,0.5,0.5,0.5
c6adfd20-788e8bba,1,1,1,0.5,0.5,0.5
c6adfd20-c54d2b0f,0,0,0,0.25,0.25,0.25
c6adfd20-d22d0b5d,2,2,2,1.0,1.0,1.0
c6adfd20-e456ed13,0,0,0,0.25,0.25,0.25
c6adfd20-ef044a06,1,1,1,0.5,0.5,0.5
c6af1e13-28b184aa,0,0,0,0.25,0.25,0.25
c6af1e13-951da297,0,0,0,0.25,0.25,0.25
c6af6422-517e663a,2,2,2,1.0,1.0,1.0
c6af6422-ca528e3b,2,2,2,1.0,1.0,1.0
c6b2d249-04498047,2,2,2,1.0,1.0,1.0
c6b2e302-cdffaf82,0,0,0,0.25,0.25,0.25
c6b45cee-d74b5791,2,2,2,1.0,1.0,1.0
c6b45cee-f5551819,0,0,0,0.25,0.25,0.25
c6b511a2-d0de577c,1,1,1,0.5,0.5,0.5
c6b518ec-31800547,1,1,1,0.5,0.5,0.5
c6b748e6-e281f93f,1,1,1,0.5,0.5,0.5
c6b7ebec-b2b3a6c0,0,0,0,0.25,0.25,0.25
c6b8dc9c-1d5e230a,1,1,1,0.5,0.5,0.5
c6b8f394-6e6a9b99,0,0,0,0.25,0.25,0.25
c6bb2e07-3276c201,0,0,0,0.25,0.25,0.25
c6bb2e07-5ed95699,0,0,0,0.25,0.25,0.25
c6bb2e07-b043bd9e,0,0,0,0.25,0.25,0.25
c6bb3f2e-9bfda4df,1,1,1,0.5,0.5,0.5
c6bb7ee7-9fec7fdb,0,0,0,0.25,0.25,0.25
c6bb8a0c-bdba1c5d,1,1,1,0.5,0.5,0.5
c6bb9629-1727269a,0,0,0,0.25,0.25,0.25
c6bc8f3a-29ce4dc7,0,0,0,0.25,0.25,0.25
c6bc8f3a-719bb999,0,0,0,0.25,0.25,0.25
c6bd6f3b-d6ad11b5,0,0,0,0.25,0.25,0.25
c6bf8d8a-10605e47,1,1,1,0.5,0.5,0.5
c6bf8d8a-3bfd59ec,0,0,0,0.25,0.25,0.25
c6bf8d8a-8bb7b192,0,0,0,0.25,0.25,0.25
c6bf8d8a-b5474262,2,2,2,1.0,1.0,1.0
c6bf8d8a-d624de6b,1,1,1,0.5,0.5,0.5
c6c08fb0-7a88ba27,1,1,1,0.5,0.5,0.5
c6c08fb0-cb0efab6,2,2,2,1.0,1.0,1.0
c6c1c9ad-c21d153e,0,0,0,0.25,0.25,0.25
c6c642f5-730bd067,0,0,0,0.25,0.25,0.25
c6c75718-c93cfdd7,0,0,0,0.25,0.25,0.25
c6c8c8a2-cb166bb4,0,0,0,0.25,0.25,0.25
c6ca1dcf-635b762f,0,0,0,0.25,0.25,0.25
c6ca7b50-2ef0a79b,1,1,1,0.5,0.5,0.5
c6ca7b50-4238e038,1,1,1,0.5,0.5,0.5
c6ca7b50-602f0d02,1,1,1,0.5,0.5,0.5
c6cd3ccb-b775a5a3,0,0,0,0.25,0.25,0.25
c6cde742-b3cceffb,0,0,0,0.25,0.25,0.25
c6cde742-d52d93a3,0,0,0,0.25,0.25,0.25
c6cde7ef-8fc5b688,0,0,0,0.25,0.25,0.25
c6cf9b39-8831232f,0,0,0,0.25,0.25,0.25
c6d086e9-0a3f83a3,0,0,0,0.25,0.25,0.25
c6d36663-2e8ff6e3,0,0,0,0.25,0.25,0.25
c6d4654c-0ec10f99,2,2,2,1.0,1.0,1.0
c6d4654c-a9e415d3,0,0,0,0.25,0.25,0.25
c6d4654c-b09e2a6a,0,0,0,0.25,0.25,0.25
c6d4654c-b49944e7,0,0,0,0.25,0.25,0.25
c6d4654c-caa2d45e,2,2,2,1.0,1.0,1.0
c6d51f76-d2459db8,0,0,0,0.25,0.25,0.25
c6d586ad-8f0af0ac,1,1,1,0.5,0.5,0.5
c6d6600c-e4287c96,0,0,0,0.25,0.25,0.25
c6d6c72d-e3bb94af,0,0,0,0.25,0.25,0.25
c6d7400d-8a08045e,2,2,2,1.0,1.0,1.0
c6d77a40-03423c96,0,0,0,0.25,0.25,0.25
c6d98de9-cca2e483,0,0,0,0.25,0.25,0.25
c6d98de9-fcc2713e,0,0,0,0.25,0.25,0.25
c6da617f-977c903c,0,0,0,0.25,0.25,0.25
c6da617f-f5c8afd5,0,0,0,0.25,0.25,0.25
c6da9a5f-4f00039a,0,0,0,0.25,0.25,0.25
c6dad47e-47a61b83,1,1,1,0.5,0.5,0.5
c6db6944-7256efcc,2,2,2,1.0,1.0,1.0
c6db6944-dd240a03,0,0,0,0.25,0.25,0.25
c6db7763-bd0a64d2,0,0,0,0.25,0.25,0.25
c6dbe91f-4551ad42,1,1,1,0.5,0.5,0.5
c6dca574-5a3415b5,0,0,0,0.25,0.25,0.25
c6dca574-6e641016,0,0,0,0.25,0.25,0.25
c6dca574-a5f624f4,1,1,1,0.5,0.5,0.5
c6dcb37c-ffd8264e,0,0,0,0.25,0.25,0.25
c6dcc1a9-0fa80e62,1,1,1,0.5,0.5,0.5
c6dd289c-693cb0cb,0,0,0,0.25,0.25,0.25
c6deff23-56aa65be,2,2,2,1.0,1.0,1.0
c6dfb2b8-a74025b0,1,1,1,0.5,0.5,0.5
c6dfbd67-2c7061bf,0,0,0,0.25,0.25,0.25
c6dfe6aa-5d33796c,1,1,1,0.5,0.5,0.5
c6dfe6aa-d2b95ea8,1,1,1,0.5,0.5,0.5
c6e17725-4e651f0a,1,1,1,0.5,0.5,0.5
c6e1c974-906461f4,0,0,0,0.25,0.25,0.25
c6e2af77-d588bb3e,0,0,0,0.25,0.25,0.25
c6e2cfc8-cfab245b,1,1,1,0.5,0.5,0.5
c6e385cd-2cc5c344,0,0,0,0.25,0.25,0.25
c6e3fc7e-9262d8ed,0,0,0,0.25,0.25,0.25
c6e4273a-c3e46891,0,0,0,0.25,0.25,0.25
c6e430f3-b658f65a,0,0,0,0.25,0.25,0.25
c6e52b8f-d719fd87,0,0,0,0.25,0.25,0.25
c6e52b8f-eb7a0bd6,2,2,2,1.0,1.0,1.0
c6e6f87c-6b32379a,1,1,1,0.5,0.5,0.5
c6e6f87c-814bdcee,0,0,0,0.25,0.25,0.25
c6ea1428-223b4063,1,1,1,0.5,0.5,0.5
c6ebf831-45affcf4,0,0,0,0.25,0.25,0.25
c6ec3031-9fa4354c,0,0,0,0.25,0.25,0.25
c6ec3031-cb866ce6,1,1,1,0.5,0.5,0.5
c6ed0e98-491efc53,1,1,1,0.5,0.5,0.5
c6ed8102-2bbcbcc2,0,0,0,0.25,0.25,0.25
c6ed8102-b74b0fad,0,0,0,0.25,0.25,0.25
c6ed8102-c341da76,0,0,0,0.25,0.25,0.25
c6ed86ea-af629103,1,1,1,0.5,0.5,0.5
c6ef5bc4-1ce53885,1,1,1,0.5,0.5,0.5
c6ef5bc4-96451c0f,0,0,0,0.25,0.25,0.25
c6ef5bc4-b8cbb710,1,1,1,0.5,0.5,0.5
c6f14304-88396ae1,2,2,2,1.0,1.0,1.0
c6f14304-e9ad93b9,1,1,1,0.5,0.5,0.5
c6f6368c-082957c9,2,2,2,1.0,1.0,1.0
c6f6368c-0e7cbc68,2,2,2,1.0,1.0,1.0
c6f6368c-5890d128,0,0,0,0.25,0.25,0.25
c6f9ec52-0bf3e2f7,0,0,0,0.25,0.25,0.25
c6fa26d7-056d2a63,1,1,1,0.5,0.5,0.5
c6fa5a37-cfd67380,1,1,1,0.5,0.5,0.5
c6faa6aa-72bde8a8,1,1,1,0.5,0.5,0.5
c6fe2d9d-833142b5,1,1,1,0.5,0.5,0.5
c6fea8ac-016040c9,0,0,0,0.25,0.25,0.25
c6fea8ac-24b0027a,0,0,0,0.25,0.25,0.25
c6fea8ac-31b5f2f4,0,0,0,0.25,0.25,0.25
c6fea8ac-67e16511,0,0,0,0.25,0.25,0.25
c6ffd190-bde22441,0,0,0,0.25,0.25,0.25
c6ffd190-c9536b0b,1,1,1,0.5,0.5,0.5
c6ffd190-dae2fb47,0,0,0,0.25,0.25,0.25
c700966a-608d05b4,0,0,0,0.25,0.25,0.25
c703904e-4aae94cd,1,1,1,0.5,0.5,0.5
c7049707-934a08d2,1,1,1,0.5,0.5,0.5
c7053a50-d465ffa3,0,0,0,0.25,0.25,0.25
c705bd4a-ae862ae1,0,0,0,0.25,0.25,0.25
c708dc9d-12f425eb,1,1,1,0.5,0.5,0.5
c709a8e6-502a3b03,0,0,0,0.25,0.25,0.25
c709b82a-a5ff98a2,1,1,1,0.5,0.5,0.5
c70a8ace-77774f58,1,1,1,0.5,0.5,0.5
c70a8ace-931896fd,0,0,0,0.25,0.25,0.25
c70ba359-a4b00815,0,0,0,0.25,0.25,0.25
c70e18ba-0a1b3743,0,0,0,0.25,0.25,0.25
c70e5493-73848573,0,0,0,0.25,0.25,0.25
c70f6d09-37a78b82,0,0,0,0.25,0.25,0.25
c70f6d09-3bcec902,0,0,0,0.25,0.25,0.25
c70f6d09-9850664f,0,0,0,0.25,0.25,0.25
c70f6d09-efd1a01f,0,0,0,0.25,0.25,0.25
c71090cc-df17811c,0,0,0,0.25,0.25,0.25
c7117810-0f9dda23,0,0,0,0.25,0.25,0.25
c7117810-2947b975,2,2,2,1.0,1.0,1.0
c711ef96-c4582caa,0,0,0,0.25,0.25,0.25
c7123e22-f72e03fb,2,2,2,1.0,1.0,1.0
c7134df6-28b042b5,1,1,1,0.5,0.5,0.5
c7134df6-ef92e0cd,2,2,2,1.0,1.0,1.0
c7140eaa-eb9d0128,1,1,1,0.5,0.5,0.5
c7151d3d-27632b12,1,1,1,0.5,0.5,0.5
c7151d3d-3db93c62,2,2,2,1.0,1.0,1.0
c715680d-cd283438,2,2,2,1.0,1.0,1.0
c71664d9-6ce742a8,0,0,0,0.25,0.25,0.25
c71751ee-07587650,0,0,0,0.25,0.25,0.25
c71751ee-b6f43370,2,2,2,1.0,1.0,1.0
c717fdbd-9b7ef8e2,0,0,0,0.25,0.25,0.25
c718a581-814b4e2d,1,1,1,0.5,0.5,0.5
c71936fa-e8370814,2,2,2,1.0,1.0,1.0
c71a5c66-93c9eca0,1,1,1,0.5,0.5,0.5
c71de7ef-6343421b,2,2,2,1.0,1.0,1.0
c71de7ef-ad5d9110,1,1,1,0.5,0.5,0.5
c71ef5d9-28743600,2,2,2,1.0,1.0,1.0
c71fcdc8-62a7fa51,1,1,1,0.5,0.5,0.5
c720a13e-ab9c54e7,1,1,1,0.5,0.5,0.5
c7210a1f-14f8d4ca,2,2,2,1.0,1.0,1.0
c721de81-300f3026,0,0,0,0.25,0.25,0.25
c721de81-d9e0ad96,2,2,2,1.0,1.0,1.0
c72373c0-af574c12,0,0,0,0.25,0.25,0.25
c723a926-5aaa770c,0,0,0,0.25,0.25,0.25
c723a926-c9bf868b,2,2,2,1.0,1.0,1.0
c723ad21-efed33e5,0,0,0,0.25,0.25,0.25
c7265ddc-8f25fc15,0,0,0,0.25,0.25,0.25
c72762cc-135927f8,1,1,1,0.5,0.5,0.5
c7284932-c3a7badf,1,1,1,0.5,0.5,0.5
c7284932-f669eff5,1,1,1,0.5,0.5,0.5
c7292daf-0761f9c4,1,1,1,0.5,0.5,0.5
c7292daf-2ae2a507,0,0,0,0.25,0.25,0.25
c72b8356-0bac66a5,0,0,0,0.25,0.25,0.25
c72c701f-82bf3c37,0,0,0,0.25,0.25,0.25
c72d0482-3ae5270e,2,2,2,1.0,1.0,1.0
c72d0482-c226185a,0,0,0,0.25,0.25,0.25
c72d9780-b7cdea29,0,0,0,0.25,0.25,0.25
c72db42a-c9ea9102,0,0,0,0.25,0.25,0.25
c72e0355-d4ee4973,2,2,2,1.0,1.0,1.0
c730155e-19f0cc5c,2,2,2,1.0,1.0,1.0
c730a403-03ecee1b,0,0,0,0.25,0.25,0.25
c732f53b-304559b2,2,2,2,1.0,1.0,1.0
c732f6d7-2a52f70b,0,0,0,0.25,0.25,0.25
c7331983-36418bf8,1,1,1,0.5,0.5,0.5
c733594f-0aa2baf5,0,0,0,0.25,0.25,0.25
c733594f-2568d430,0,0,0,0.25,0.25,0.25
c733594f-86a37630,1,1,1,0.5,0.5,0.5
c7339013-3979b7a2,2,2,2,1.0,1.0,1.0
c7339013-995a01cf,0,0,0,0.25,0.25,0.25
c7346130-9d225646,2,2,2,1.0,1.0,1.0
c734eb0a-125bba62,2,2,2,1.0,1.0,1.0
c734eb0a-9d6807cb,0,0,0,0.25,0.25,0.25
c737e602-e8793fdc,0,0,0,0.25,0.25,0.25
c73abec5-609ede44,0,0,0,0.25,0.25,0.25
c73bced0-43cfc465,0,0,0,0.25,0.25,0.25
c73bf483-e195b9aa,0,0,0,0.25,0.25,0.25
c73c95f5-2fc1e83d,0,0,0,0.25,0.25,0.25
c73ca2e7-37f54fa3,0,0,0,0.25,0.25,0.25
c73dee17-6195a64e,1,1,1,0.5,0.5,0.5
c73dee17-cf17ae38,2,2,2,1.0,1.0,1.0
c740132e-3c47b4b5,0,0,0,0.25,0.25,0.25
c740132e-4806ffd1,1,1,1,0.5,0.5,0.5
c740132e-db258b89,1,1,1,0.5,0.5,0.5
c7415d8d-8a2c5150,0,0,0,0.25,0.25,0.25
c7415d8d-cdebab3b,2,2,2,1.0,1.0,1.0
c7415d8d-dfb8ef47,0,0,0,0.25,0.25,0.25
c7416644-6723bcd7,1,1,1,0.5,0.5,0.5
c7416644-f82aa227,0,0,0,0.25,0.25,0.25
c741a3b6-17ca1b7e,2,2,2,1.0,1.0,1.0
c7426098-2eeb9015,2,2,2,1.0,1.0,1.0
c7429cad-6e71e583,2,2,2,1.0,1.0,1.0
c7472294-1eb27561,1,1,1,0.5,0.5,0.5
c7472294-e121cc79,0,0,0,0.25,0.25,0.25
c747bbbf-683dbc92,0,0,0,0.25,0.25,0.25
c748c1a1-04115595,2,2,2,1.0,1.0,1.0
c748c1a1-2f810acf,1,1,1,0.5,0.5,0.5
c748c1a1-55dcbfcd,0,0,0,0.25,0.25,0.25
c748c1a1-58870d4a,1,1,1,0.5,0.5,0.5
c748c1a1-5fd778ff,0,0,0,0.25,0.25,0.25
c748c1a1-b41ff490,0,0,0,0.25,0.25,0.25
c748c1a1-f1338769,0,0,0,0.25,0.25,0.25
c7491b1e-3eb219fe,2,2,2,1.0,1.0,1.0
c7491b1e-4baa21b7,2,2,2,1.0,1.0,1.0
c7491b1e-c89f51bf,0,0,0,0.25,0.25,0.25
c7491b1e-ee6d3220,0,0,0,0.25,0.25,0.25
c74931cf-0970795a,2,2,2,1.0,1.0,1.0
c7494115-a48473c0,0,0,0,0.25,0.25,0.25
c7494115-b5251a6b,0,0,0,0.25,0.25,0.25
c7495330-a96a2795,1,1,1,0.5,0.5,0.5
c74a122c-1494f0b4,1,1,1,0.5,0.5,0.5
c74a122c-1586c3f0,0,0,0,0.25,0.25,0.25
c74a122c-24c19251,0,0,0,0.25,0.25,0.25
c74a122c-e7005b78,2,2,2,1.0,1.0,1.0
c74ac556-60f29765,1,1,1,0.5,0.5,0.5
c74bbe22-ad68f763,2,2,2,1.0,1.0,1.0
c74bbfcc-5814e80f,1,1,1,0.5,0.5,0.5
c74c11fc-1f6d4cb3,2,2,2,1.0,1.0,1.0
c74c11fc-3d608bfa,1,1,1,0.5,0.5,0.5
c74c11fc-50025b5d,1,1,1,0.5,0.5,0.5
c74c11fc-dd542383,2,2,2,1.0,1.0,1.0
c74c11fc-f93447f7,2,2,2,1.0,1.0,1.0
c74cdf7e-2ab53378,0,0,0,0.25,0.25,0.25
c74cfce0-1bccc6d0,2,2,2,1.0,1.0,1.0
c74ee988-8f4b380d,0,0,0,0.25,0.25,0.25
c74f02dd-34e50eab,0,0,0,0.25,0.25,0.25
c74fff46-459c6503,0,0,0,0.25,0.25,0.25
c74fff46-bcbcf958,1,1,1,0.5,0.5,0.5
c74fff46-e992d40c,2,2,2,1.0,1.0,1.0
c750081d-7ff1ef52,0,0,0,0.25,0.25,0.25
c7513860-d293b768,0,0,0,0.25,0.25,0.25
c752e922-355b0f70,1,1,1,0.5,0.5,0.5
c752e922-4f7bcda0,0,0,0,0.25,0.25,0.25
c752e922-918d3afc,0,0,0,0.25,0.25,0.25
c752e922-ae691e9d,1,1,1,0.5,0.5,0.5
c752e922-bfcad24f,0,0,0,0.25,0.25,0.25
c752e922-dc304441,0,0,0,0.25,0.25,0.25
c752e922-ed300ef6,0,0,0,0.25,0.25,0.25
c754ce77-a105a975,1,1,1,0.5,0.5,0.5
c755d1f0-4c472aec,0,0,0,0.25,0.25,0.25
c755d1f0-fc14c3a7,1,1,1,0.5,0.5,0.5
c7569602-82b4e54f,1,1,1,0.5,0.5,0.5
c7576575-60923084,1,1,1,0.5,0.5,0.5
c759b6f8-e906aa6a,1,1,1,0.5,0.5,0.5
c759b6f8-fd634f2a,0,0,0,0.25,0.25,0.25
c75a249b-f1341238,0,0,0,0.25,0.25,0.25
c75c7c7c-8e13bb04,1,1,1,0.5,0.5,0.5
c75d7961-49f17231,0,0,0,0.25,0.25,0.25
c75dff4f-c91e6880,1,1,1,0.5,0.5,0.5
c75e23fe-086d84a6,0,0,0,0.25,0.25,0.25
c75e23fe-1e57a6c4,1,1,1,0.5,0.5,0.5
c75e23fe-88586adb,0,0,0,0.25,0.25,0.25
c75e23fe-b2deb730,0,0,0,0.25,0.25,0.25
c75e23fe-fbadb3fa,2,2,2,1.0,1.0,1.0
c760a702-0a5e845b,0,0,0,0.25,0.25,0.25
c760a824-730269a3,0,0,0,0.25,0.25,0.25
c760a824-ae40a6e1,0,0,0,0.25,0.25,0.25
c760a824-c688f8a2,0,0,0,0.25,0.25,0.25
c760a824-ea6ebc28,1,1,1,0.5,0.5,0.5
c76141d9-21508c56,1,1,1,0.5,0.5,0.5
c7640ee1-0cbc6ec0,0,0,0,0.25,0.25,0.25
c7640ee1-6c86d60f,2,2,2,1.0,1.0,1.0
c7640ee1-8898b36d,0,0,0,0.25,0.25,0.25
c7648772-2a35b63f,1,1,1,0.5,0.5,0.5
c7648772-50f60421,1,1,1,0.5,0.5,0.5
c7648772-cbd18adf,2,2,2,1.0,1.0,1.0
c7648772-e661b276,2,2,2,1.0,1.0,1.0
c7648772-ed0b23ab,0,0,0,0.25,0.25,0.25
c7648772-fc04b1c3,1,1,1,0.5,0.5,0.5
c767ad39-119bf6f3,1,1,1,0.5,0.5,0.5
c767ad39-1c9a5ce2,1,1,1,0.5,0.5,0.5
c767ad39-b196c36a,0,0,0,0.25,0.25,0.25
c768f8a1-4c7b2504,1,1,1,0.5,0.5,0.5
c769da9c-f1ad8284,0,0,0,0.25,0.25,0.25
c76a5f2c-7efa0cc3,1,1,1,0.5,0.5,0.5
c76adb6d-275e8f71,1,1,1,0.5,0.5,0.5
c76b7109-830b56df,0,0,0,0.25,0.25,0.25
c76b7109-f2bedded,0,0,0,0.25,0.25,0.25
c76d86ec-f11c0df0,1,1,1,0.5,0.5,0.5
c76d90f2-975e81d1,1,1,1,0.5,0.5,0.5
c76e42a3-362b5166,1,1,1,0.5,0.5,0.5
c76e42a3-dac435c3,1,1,1,0.5,0.5,0.5
c76e4ccc-86973001,2,2,2,1.0,1.0,1.0
c76e6e4f-2915de4e,2,2,2,1.0,1.0,1.0
c76e6e4f-34963f80,0,0,0,0.25,0.25,0.25
c76e8ace-01aa7d5b,1,1,1,0.5,0.5,0.5
c76fbaa1-0323c784,1,1,1,0.5,0.5,0.5
c76fbaa1-07ee965c,0,0,0,0.25,0.25,0.25
c76fbaa1-990ee15a,0,0,0,0.25,0.25,0.25
c76fbaa1-cd6c2860,1,1,1,0.5,0.5,0.5
c76fbaa1-d03af260,2,2,2,1.0,1.0,1.0
c770264c-1ebcf489,0,0,0,0.25,0.25,0.25
c7706d20-5f4987db,1,1,1,0.5,0.5,0.5
c7706d20-daa7bd9c,0,0,0,0.25,0.25,0.25
c771447a-481608db,1,1,1,0.5,0.5,0.5
c7729bd7-e38ccf62,0,0,0,0.25,0.25,0.25
c7749319-823a3fd4,0,0,0,0.25,0.25,0.25
c775bec8-4c524651,1,1,1,0.5,0.5,0.5
c775bec8-5f039754,0,0,0,0.25,0.25,0.25
c775de6b-63083e8f,2,2,2,1.0,1.0,1.0
c775de6b-c8966c9a,0,0,0,0.25,0.25,0.25
c776d10b-06d930cf,1,1,1,0.5,0.5,0.5
c776d10b-15486206,2,2,2,1.0,1.0,1.0
c776d10b-25177c93,0,0,0,0.25,0.25,0.25
c776d10b-6732b55c,1,1,1,0.5,0.5,0.5
c776d10b-79dd4fee,0,0,0,0.25,0.25,0.25
c776d10b-9d6f5ccb,1,1,1,0.5,0.5,0.5
c776d10b-a1314ad4,1,1,1,0.5,0.5,0.5
c776d10b-ea20be3a,0,0,0,0.25,0.25,0.25
c7776076-222a8092,0,0,0,0.25,0.25,0.25
c7776076-4907b63e,0,0,0,0.25,0.25,0.25
c7776076-95aab855,0,0,0,0.25,0.25,0.25
c7782d73-8f4c444c,2,2,2,1.0,1.0,1.0
c7790bd2-299c163c,0,0,0,0.25,0.25,0.25
c7796b42-3936bdf3,2,2,2,1.0,1.0,1.0
c77bc56d-0c0356ff,2,2,2,1.0,1.0,1.0
c77bc56d-491f85ad,0,0,0,0.25,0.25,0.25
c77c73fc-1126f4ec,0,0,0,0.25,0.25,0.25
c77c73fc-465be2e8,1,1,1,0.5,0.5,0.5
c77c73fc-eb090c8e,2,2,2,1.0,1.0,1.0
c77ce550-150463e5,0,0,0,0.25,0.25,0.25
c77ce550-4cbe3a02,0,0,0,0.25,0.25,0.25
c77e41a3-1f322b36,0,0,0,0.25,0.25,0.25
c77ed723-8715d065,0,0,0,0.25,0.25,0.25
c784941b-8eb5d07c,2,2,2,1.0,1.0,1.0
c787a6cc-5bd5e933,1,1,1,0.5,0.5,0.5
c787a6cc-7c83adf5,0,0,0,0.25,0.25,0.25
c787a6cc-9b914e7d,0,0,0,0.25,0.25,0.25
c788983e-01d5b664,2,2,2,1.0,1.0,1.0
c7894612-eab9f189,0,0,0,0.25,0.25,0.25
c789571c-cb26b20b,0,0,0,0.25,0.25,0.25
c789ecd3-819d4445,0,0,0,0.25,0.25,0.25
c78eafc0-f18ef119,0,0,0,0.25,0.25,0.25
c78f7d9c-0b57c32f,0,0,0,0.25,0.25,0.25
c78f7d9c-783ee02d,2,2,2,1.0,1.0,1.0
c78f9fc6-024da644,0,0,0,0.25,0.25,0.25
c78f9fc6-efac7090,0,0,0,0.25,0.25,0.25
c7911b64-108fc2cd,0,0,0,0.25,0.25,0.25
c7922063-3c0bf396,1,1,1,0.5,0.5,0.5
c7922063-76dde2db,1,1,1,0.5,0.5,0.5
c7926696-3661975d,0,0,0,0.25,0.25,0.25
c7930146-1a9e5399,1,1,1,0.5,0.5,0.5
c793b29d-cdc60db3,1,1,1,0.5,0.5,0.5
c794c86d-e4fadf29,1,1,1,0.5,0.5,0.5
c7955e20-3760bb8a,0,0,0,0.25,0.25,0.25
c7955e20-a156a983,0,0,0,0.25,0.25,0.25
c7955e20-b48c7a6a,0,0,0,0.25,0.25,0.25
c79687a5-923d4388,0,0,0,0.25,0.25,0.25
c79687a5-a0f3794d,0,0,0,0.25,0.25,0.25
c79687a5-b610723c,1,1,1,0.5,0.5,0.5
c79687a5-c8dae3f7,0,0,0,0.25,0.25,0.25
c796ff16-6fed522b,2,2,2,1.0,1.0,1.0
c7987da1-0b8fb6e0,2,2,2,1.0,1.0,1.0
c7987da1-e380f3bb,0,0,0,0.25,0.25,0.25
c798a9b7-116a549d,0,0,0,0.25,0.25,0.25
c798a9b7-fdfaecda,0,0,0,0.25,0.25,0.25
c7999be0-41ec7870,1,1,1,0.5,0.5,0.5
c79be479-405bfb76,1,1,1,0.5,0.5,0.5
c79be479-4278af09,2,2,2,1.0,1.0,1.0
c79be479-ed810331,2,2,2,1.0,1.0,1.0
c79be479-f221c1ff,0,0,0,0.25,0.25,0.25
c79be479-f3c6c42d,1,1,1,0.5,0.5,0.5
c79de76f-e52908de,1,1,1,0.5,0.5,0.5
c79e169f-054f74e7,0,0,0,0.25,0.25,0.25
c79e3f00-5879235c,0,0,0,0.25,0.25,0.25
c79e45ca-9ad90248,1,1,1,0.5,0.5,0.5
c79e8496-5004f68e,1,1,1,0.5,0.5,0.5
c7a0fa73-1d4dbbf1,2,2,2,1.0,1.0,1.0
c7a1b520-811842d8,0,0,0,0.25,0.25,0.25
c7a23570-73d2078f,1,1,1,0.5,0.5,0.5
c7a350a0-cbbae3f7,1,1,1,0.5,0.5,0.5
c7a61397-1049116d,1,1,1,0.5,0.5,0.5
c7a7d604-483d2d58,0,0,0,0.25,0.25,0.25
c7a953a8-d284f244,2,2,2,1.0,1.0,1.0
c7aa5575-09247466,0,0,0,0.25,0.25,0.25
c7aa5575-4706c0d1,2,2,2,1.0,1.0,1.0
c7aa5575-7db02116,0,0,0,0.25,0.25,0.25
c7ab28a2-a8981141,0,0,0,0.25,0.25,0.25
c7acf715-2c8a1413,0,0,0,0.25,0.25,0.25
c7ad303b-4957c5f8,0,0,0,0.25,0.25,0.25
c7ad303b-6312624f,0,0,0,0.25,0.25,0.25
c7ad303b-6381dac9,0,0,0,0.25,0.25,0.25
c7ad303b-b15cc501,1,1,1,0.5,0.5,0.5
c7b1001c-ee3bf034,1,1,1,0.5,0.5,0.5
c7b32a0d-71d3cce5,0,0,0,0.25,0.25,0.25
c7b32a0d-ffed4ed6,0,0,0,0.25,0.25,0.25
c7b41787-4e83c33d,1,1,1,0.5,0.5,0.5
c7b41787-a0d67db5,0,0,0,0.25,0.25,0.25
c7b49761-5e5c8c62,0,0,0,0.25,0.25,0.25
c7b49761-fc7ed898,1,1,1,0.5,0.5,0.5
c7b86405-da6e2abc,2,2,2,1.0,1.0,1.0
c7bb31cc-8bd12af5,0,0,0,0.25,0.25,0.25
c7bb5f81-1051148c,1,1,1,0.5,0.5,0.5
c7bbf4a6-71538fbd,0,0,0,0.25,0.25,0.25
c7bc09fc-3222b8db,0,0,0,0.25,0.25,0.25
c7bc28e7-d2556929,2,2,2,1.0,1.0,1.0
c7bc6671-fc3f4552,0,0,0,0.25,0.25,0.25
c7bc7797-8f8c936a,1,1,1,0.5,0.5,0.5
c7bc7797-e6749988,1,1,1,0.5,0.5,0.5
c7bcd5db-6483a43e,0,0,0,0.25,0.25,0.25
c7bed540-0d2ff5f7,0,0,0,0.25,0.25,0.25
c7bed540-cdb47d56,0,0,0,0.25,0.25,0.25
c7c03bf5-5188c467,0,0,0,0.25,0.25,0.25
c7c03bf5-8450a02e,2,2,2,1.0,1.0,1.0
c7c03bf5-bed03c03,0,0,0,0.25,0.25,0.25
c7c042ec-4986a853,1,1,1,0.5,0.5,0.5
c7c12eb6-2752525d,0,0,0,0.25,0.25,0.25
c7c2a783-260d7aad,0,0,0,0.25,0.25,0.25
c7c2a783-d98d5909,0,0,0,0.25,0.25,0.25
c7c39101-5935025f,1,1,1,0.5,0.5,0.5
c7c39101-837064cb,0,0,0,0.25,0.25,0.25
c7c5969b-3d72de47,1,1,1,0.5,0.5,0.5
c7c5969b-4fdfe484,0,0,0,0.25,0.25,0.25
c7c5969b-c0899dbc,0,0,0,0.25,0.25,0.25
c7c5969b-d4264f7e,1,1,1,0.5,0.5,0.5
c7c5969b-f1bc3e3a,0,0,0,0.25,0.25,0.25
c7c5969b-ff18b44d,2,2,2,1.0,1.0,1.0
c7c6a4c4-e596d6ca,2,2,2,1.0,1.0,1.0
c7c86a8e-f29f4e4e,2,2,2,1.0,1.0,1.0
c7c97006-1093a6d0,1,1,1,0.5,0.5,0.5
c7c9e31d-719f694c,1,1,1,0.5,0.5,0.5
c7cb4a74-ec912bd8,0,0,0,0.25,0.25,0.25
c7cc0645-95e6a224,0,0,0,0.25,0.25,0.25
c7cc0f8c-a9cabb69,0,0,0,0.25,0.25,0.25
c7cece6c-3eccc86a,0,0,0,0.25,0.25,0.25
c7cece6c-805179db,0,0,0,0.25,0.25,0.25
c7d0b0a7-7f2306d8,2,2,2,1.0,1.0,1.0
c7d0b0a7-a0e6b491,1,1,1,0.5,0.5,0.5
c7d1b792-8a24c40e,0,0,0,0.25,0.25,0.25
c7d1b792-ddcaf626,1,1,1,0.5,0.5,0.5
c7d564fe-7c51e3a3,0,0,0,0.25,0.25,0.25
c7d69f1b-e1ef4bf5,0,0,0,0.25,0.25,0.25
c7d72934-2162b615,0,0,0,0.25,0.25,0.25
c7d8260d-1c3f0898,2,2,2,1.0,1.0,1.0
c7d8260d-9d45834e,1,1,1,0.5,0.5,0.5
c7d8260d-e1f6b3f8,1,1,1,0.5,0.5,0.5
c7d87387-45ccc76d,2,2,2,1.0,1.0,1.0
c7d8925a-f469385d,2,2,2,1.0,1.0,1.0
c7d9a24a-bdf745c8,0,0,0,0.25,0.25,0.25
c7dab685-05c2f1df,0,0,0,0.25,0.25,0.25
c7dbe674-55c1fda0,1,1,1,0.5,0.5,0.5
c7dbfac6-5784ebc9,0,0,0,0.25,0.25,0.25
c7dbfac6-c3921e8b,2,2,2,1.0,1.0,1.0
c7dc648e-dd181375,0,0,0,0.25,0.25,0.25
c7dc648e-ea816d21,0,0,0,0.25,0.25,0.25
c7dd6716-f165ff52,1,1,1,0.5,0.5,0.5
c7e14afd-15600d7b,0,0,0,0.25,0.25,0.25
c7e25b5f-5c098837,0,0,0,0.25,0.25,0.25
c7e25b5f-9e6af053,2,2,2,1.0,1.0,1.0
c7e61874-56decdeb,2,2,2,1.0,1.0,1.0
c7e64b14-990b5da5,2,2,2,1.0,1.0,1.0
c7e6bfe9-3256d95a,1,1,1,0.5,0.5,0.5
c7e6bfe9-38bc4856,1,1,1,0.5,0.5,0.5
c7e6d5d1-c8af9fe3,1,1,1,0.5,0.5,0.5
c7e9dd39-2e5a6648,0,0,0,0.25,0.25,0.25
c7e9dd39-997378b3,0,0,0,0.25,0.25,0.25
c7e9dd39-ae653d55,0,0,0,0.25,0.25,0.25
c7e9dd39-e54b51ba,0,0,0,0.25,0.25,0.25
c7e9dd39-e640804c,1,1,1,0.5,0.5,0.5
c7eab2ff-1292c919,1,1,1,0.5,0.5,0.5
c7eab2ff-29602d7b,0,0,0,0.25,0.25,0.25
c7eab2ff-34e0497b,2,2,2,1.0,1.0,1.0
c7eab2ff-65610875,0,0,0,0.25,0.25,0.25
c7eab2ff-8737167f,0,0,0,0.25,0.25,0.25
c7eab2ff-8cf91286,1,1,1,0.5,0.5,0.5
c7eab2ff-94d03413,1,1,1,0.5,0.5,0.5
c7eab2ff-d02c0a19,0,0,0,0.25,0.25,0.25
c7eab2ff-fad5c867,0,0,0,0.25,0.25,0.25
c7ec3b49-2dea9747,0,0,0,0.25,0.25,0.25
c7eddd1b-73993ae6,2,2,2,1.0,1.0,1.0
c7ee01b9-1fb43751,1,1,1,0.5,0.5,0.5
c7ee6626-62a3ed49,1,1,1,0.5,0.5,0.5
c7f011d1-e88f3d4b,1,1,1,0.5,0.5,0.5
c7f167f5-edf85801,2,2,2,1.0,1.0,1.0
c7f18cae-b15c6e09,1,1,1,0.5,0.5,0.5
c7f1e810-aa686dab,1,1,1,0.5,0.5,0.5
c7f24a49-8c5206a6,0,0,0,0.25,0.25,0.25
c7f36d03-c8418294,0,0,0,0.25,0.25,0.25
c7f68540-18a5e077,2,2,2,1.0,1.0,1.0
c7f7a5bb-41d4551f,0,0,0,0.25,0.25,0.25
c7f8589f-45c47b58,0,0,0,0.25,0.25,0.25
c7f8589f-a2c6b9a4,0,0,0,0.25,0.25,0.25
c7f97365-1c2f54a0,0,0,0,0.25,0.25,0.25
c7f97365-5be70930,0,0,0,0.25,0.25,0.25
c7f97365-68b7e100,1,1,1,0.5,0.5,0.5
c7f97365-9f629bd2,0,0,0,0.25,0.25,0.25
c7fa04ea-4cb7df93,2,2,2,1.0,1.0,1.0
c7fa04ea-9012bec6,2,2,2,1.0,1.0,1.0
c7fa148b-89df90c1,1,1,1,0.5,0.5,0.5
c7fa8344-959a77c9,1,1,1,0.5,0.5,0.5
c7fca0c0-c8778e79,1,1,1,0.5,0.5,0.5
c7fd8df0-429644e7,2,2,2,1.0,1.0,1.0
c7fe62b1-831805d0,2,2,2,1.0,1.0,1.0
c7fe63e7-28d31cda,0,0,0,0.25,0.25,0.25
c7fee392-08329b19,2,2,2,1.0,1.0,1.0
c7ff2c12-cf77c29d,0,0,0,0.25,0.25,0.25
c803615e-07407e4a,1,1,1,0.5,0.5,0.5
c80451c9-1a7b2854,0,0,0,0.25,0.25,0.25
c8054f9c-3ff3c2b1,2,2,2,1.0,1.0,1.0
c80565a4-c813cdc0,0,0,0,0.25,0.25,0.25
c8062950-28712f80,1,1,1,0.5,0.5,0.5
c8062950-e7ac08bd,0,0,0,0.25,0.25,0.25
c80641a4-d91ca4a9,2,2,2,1.0,1.0,1.0
c806608d-592923fd,2,2,2,1.0,1.0,1.0
c8069625-0a547aca,0,0,0,0.25,0.25,0.25
c8069625-f1fe350d,0,0,0,0.25,0.25,0.25
c8079133-fcaad73c,0,0,0,0.25,0.25,0.25
c807cb19-7e09cb11,2,2,2,1.0,1.0,1.0
c807d32d-e5383e74,0,0,0,0.25,0.25,0.25
c809bd18-bd814eed,0,0,0,0.25,0.25,0.25
c80bb624-37b71a0f,1,1,1,0.5,0.5,0.5
c80bf9a4-757fadcb,2,2,2,1.0,1.0,1.0
c80cf60a-8bb33a63,0,0,0,0.25,0.25,0.25
c80cf60a-9a7aabc6,0,0,0,0.25,0.25,0.25
c81079a0-5816ae39,1,1,1,0.5,0.5,0.5
c81079a0-e0ca6df6,0,0,0,0.25,0.25,0.25
c8111dda-1a7dded7,1,1,1,0.5,0.5,0.5
c811793c-68a3c310,0,0,0,0.25,0.25,0.25
c811793c-7a592fd4,0,0,0,0.25,0.25,0.25
c8152bfa-28181ba4,0,0,0,0.25,0.25,0.25
c8152bfa-d1d0ceac,2,2,2,1.0,1.0,1.0
c815ee48-72c1bb07,0,0,0,0.25,0.25,0.25
c817d55e-a60cc241,2,2,2,1.0,1.0,1.0
c81840ad-6dec6be7,0,0,0,0.25,0.25,0.25
c81974c0-1e531dae,2,2,2,1.0,1.0,1.0
c81996a2-dcf3e308,1,1,1,0.5,0.5,0.5
c81af731-7a2b15d7,2,2,2,1.0,1.0,1.0
c81af731-fe2bd777,2,2,2,1.0,1.0,1.0
c81afdad-8b689a37,1,1,1,0.5,0.5,0.5
c81afdad-8ceefe85,0,0,0,0.25,0.25,0.25
c81c9789-fdf7aae2,2,2,2,1.0,1.0,1.0
c81f9adc-855868f5,0,0,0,0.25,0.25,0.25
c81fac7d-867a6604,0,0,0,0.25,0.25,0.25
c81ff2c0-420a8956,0,0,0,0.25,0.25,0.25
c81ff2c0-6243618f,0,0,0,0.25,0.25,0.25
c81ff2c0-7204c5fe,2,2,2,1.0,1.0,1.0
c822956a-316476e0,0,0,0,0.25,0.25,0.25
c822956a-7e35a26e,1,1,1,0.5,0.5,0.5
c823aede-898b2c0c,0,0,0,0.25,0.25,0.25
c824280a-271f2a83,2,2,2,1.0,1.0,1.0
c8257ea8-ea7235f8,2,2,2,1.0,1.0,1.0
c8266770-0cc2a4c7,0,0,0,0.25,0.25,0.25
c82699fa-76163f60,0,0,0,0.25,0.25,0.25
c8285354-3671f1b2,0,0,0,0.25,0.25,0.25
c82ab19a-024cc3bc,0,0,0,0.25,0.25,0.25
c82ab19a-455ba0d8,1,1,1,0.5,0.5,0.5
c82ab19a-4ac23d9f,0,0,0,0.25,0.25,0.25
c82b6633-15bb4cf5,1,1,1,0.5,0.5,0.5
c82b8f6c-0e90f4f7,0,0,0,0.25,0.25,0.25
c82b8f6c-b7c57473,2,2,2,1.0,1.0,1.0
c82b8f6c-bb5a30c7,0,0,0,0.25,0.25,0.25
c82cf5fc-43ee94c6,1,1,1,0.5,0.5,0.5
c82cf5fc-e45643c4,0,0,0,0.25,0.25,0.25
c82d1b73-4138f567,0,0,0,0.25,0.25,0.25
c82d6978-3b12b940,0,0,0,0.25,0.25,0.25
c82d6978-af07c78d,0,0,0,0.25,0.25,0.25
c82e10a6-50b0d417,0,0,0,0.25,0.25,0.25
c82e10a6-7be21ed9,2,2,2,1.0,1.0,1.0
c82e10a6-a19ceb0b,2,2,2,1.0,1.0,1.0
c82e51e2-c87f5478,1,1,1,0.5,0.5,0.5
c82f8a1c-8c0ee303,1,1,1,0.5,0.5,0.5
c82f8a1c-dd1020b6,0,0,0,0.25,0.25,0.25
c8317cdd-1703e2a7,0,0,0,0.25,0.25,0.25
c8333fbd-e2650427,0,0,0,0.25,0.25,0.25
c83351be-a122d44f,2,2,2,1.0,1.0,1.0
c833fb57-b7aef18a,0,0,0,0.25,0.25,0.25
c834d656-8f9f6538,1,1,1,0.5,0.5,0.5
c834d656-f1688dc3,1,1,1,0.5,0.5,0.5
c8359900-96959e0f,2,2,2,1.0,1.0,1.0
c8359900-cda76263,0,0,0,0.25,0.25,0.25
c836d9b9-16a414cd,0,0,0,0.25,0.25,0.25
c836d9b9-215a90eb,1,1,1,0.5,0.5,0.5
c836f138-19c8ed41,0,0,0,0.25,0.25,0.25
c836f138-aa4d7408,1,1,1,0.5,0.5,0.5
c836f138-d9b4f7a1,0,0,0,0.25,0.25,0.25
c83718f3-2dfdf688,0,0,0,0.25,0.25,0.25
c837d2ef-25f73789,1,1,1,0.5,0.5,0.5
c837fdf5-0362e336,0,0,0,0.25,0.25,0.25
c838510d-e1346288,0,0,0,0.25,0.25,0.25
c838d26c-769b5f1b,2,2,2,1.0,1.0,1.0
c838d26c-d5612b4e,0,0,0,0.25,0.25,0.25
c8390b6b-52f1f1b2,1,1,1,0.5,0.5,0.5
c83a8e22-0454c45c,1,1,1,0.5,0.5,0.5
c83b360f-81c019aa,0,0,0,0.25,0.25,0.25
c83b360f-93f970c0,0,0,0,0.25,0.25,0.25
c83c10de-0d2047c8,0,0,0,0.25,0.25,0.25
c83c10de-85eef163,0,0,0,0.25,0.25,0.25
c83c10de-a413f70e,2,2,2,1.0,1.0,1.0
c83c10de-ad9c3fe6,1,1,1,0.5,0.5,0.5
c83c10de-e0aee9ee,0,0,0,0.25,0.25,0.25
c83d3fa4-c385cce0,0,0,0,0.25,0.25,0.25
c840c880-ac5241d0,2,2,2,1.0,1.0,1.0
c8418e1b-5d58f814,1,1,1,0.5,0.5,0.5
c8422169-81cbbb30,0,0,0,0.25,0.25,0.25
c8438bd1-fdc959eb,0,0,0,0.25,0.25,0.25
c84417f6-ca6fd5ac,0,0,0,0.25,0.25,0.25
c84417f6-cd126053,0,0,0,0.25,0.25,0.25
c8448732-152cd271,1,1,1,0.5,0.5,0.5
c845b617-34b9e98a,0,0,0,0.25,0.25,0.25
c845b617-f7e6bd96,0,0,0,0.25,0.25,0.25
c845b699-ce6e759d,1,1,1,0.5,0.5,0.5
c84744c1-4307c1e2,1,1,1,0.5,0.5,0.5
c8476b52-383b95f4,1,1,1,0.5,0.5,0.5
c8476b52-3f18494f,0,0,0,0.25,0.25,0.25
c8476b52-a66aa1c5,2,2,2,1.0,1.0,1.0
c8478dfd-74b4ed62,1,1,1,0.5,0.5,0.5
c8478dfd-872b0509,0,0,0,0.25,0.25,0.25
c847e107-d70bbfe9,1,1,1,0.5,0.5,0.5
c848093f-09a4c946,0,0,0,0.25,0.25,0.25
c84a1922-9f8f21de,0,0,0,0.25,0.25,0.25
c84a1922-b11418ac,0,0,0,0.25,0.25,0.25
c84cf4c9-8667fb28,2,2,2,1.0,1.0,1.0
c84f848e-2a5e0737,0,0,0,0.25,0.25,0.25
c84f848e-581109ad,0,0,0,0.25,0.25,0.25
c84f848e-7ef75f08,1,1,1,0.5,0.5,0.5
c84f848e-a703d928,0,0,0,0.25,0.25,0.25
c84fc7aa-26a0b1c4,2,2,2,1.0,1.0,1.0
c84feccd-a9ee80f0,1,1,1,0.5,0.5,0.5
c84feccd-b5e6cf53,1,1,1,0.5,0.5,0.5
c85416bd-7dfe1936,0,0,0,0.25,0.25,0.25
c85416bd-b4812a0c,0,0,0,0.25,0.25,0.25
c85416bd-db975d94,0,0,0,0.25,0.25,0.25
c854d83c-ab3b375a,0,0,0,0.25,0.25,0.25
c8573105-00c1ff3b,0,0,0,0.25,0.25,0.25
c8573105-4f2e7c11,2,2,2,1.0,1.0,1.0
c8573105-954608fb,0,0,0,0.25,0.25,0.25
c8573105-a4addeb6,0,0,0,0.25,0.25,0.25
c85ca3b9-72a968aa,0,0,0,0.25,0.25,0.25
c85d1e8c-8013a9d3,0,0,0,0.25,0.25,0.25
c85d1e8c-a96baacd,0,0,0,0.25,0.25,0.25
c85d3c7e-4501e8b4,1,1,1,0.5,0.5,0.5
c860c2bf-c683410d,0,0,0,0.25,0.25,0.25
c8618b44-02824088,1,1,1,0.5,0.5,0.5
c8618b44-09196f5c,0,0,0,0.25,0.25,0.25
c8618b44-5b4f8afb,0,0,0,0.25,0.25,0.25
c8618b44-65da0bb3,0,0,0,0.25,0.25,0.25
c8618b44-a824d6ae,0,0,0,0.25,0.25,0.25
c8618b44-cff1239b,2,2,2,1.0,1.0,1.0
c8620a67-55f86ae2,2,2,2,1.0,1.0,1.0
c86264ca-bf5ac7a5,1,1,1,0.5,0.5,0.5
c8628ccd-a4bc1f43,1,1,1,0.5,0.5,0.5
c862e633-4a5ae536,1,1,1,0.5,0.5,0.5
c8638ebb-151bc1c1,0,0,0,0.25,0.25,0.25
c8638ebb-55791b54,0,0,0,0.25,0.25,0.25
c8638ebb-5dc7483b,1,1,1,0.5,0.5,0.5
c863c0b3-b53e2a37,1,1,1,0.5,0.5,0.5
c86482ef-b74850ca,2,2,2,1.0,1.0,1.0
c8650e15-38bef9dc,0,0,0,0.25,0.25,0.25
c868e9bf-9dc0f67e,0,0,0,0.25,0.25,0.25
c86b771a-b1c0561b,1,1,1,0.5,0.5,0.5
c86b886b-464a33a5,1,1,1,0.5,0.5,0.5
c86c1d47-6c425e8f,1,1,1,0.5,0.5,0.5
c86db817-522e17d6,0,0,0,0.25,0.25,0.25
c86db817-d6bec56a,0,0,0,0.25,0.25,0.25
c86debcf-e2263028,0,0,0,0.25,0.25,0.25
c86ee6aa-a2ef00fe,0,0,0,0.25,0.25,0.25
c86ee6aa-b5dbd391,0,0,0,0.25,0.25,0.25
c86ef161-6b77193e,0,0,0,0.25,0.25,0.25
c86f5924-0ec535db,2,2,2,1.0,1.0,1.0
c86f5924-26a09613,1,1,1,0.5,0.5,0.5
c86f5924-83259ed3,0,0,0,0.25,0.25,0.25
c872e1b7-d443b346,0,0,0,0.25,0.25,0.25
c87438f0-d1875e08,2,2,2,1.0,1.0,1.0
c874ddc1-0aee57cf,0,0,0,0.25,0.25,0.25
c874ddc1-78b9084d,2,2,2,1.0,1.0,1.0
c874ddc1-d660401e,1,1,1,0.5,0.5,0.5
c874ddc1-ff4e2b39,2,2,2,1.0,1.0,1.0
c8759ab5-f6a3273f,1,1,1,0.5,0.5,0.5
c8759b14-8e37ed36,2,2,2,1.0,1.0,1.0
c8766d9e-4289f547,0,0,0,0.25,0.25,0.25
c876a58b-97c4d16e,1,1,1,0.5,0.5,0.5
c876f8b1-f19a1697,1,1,1,0.5,0.5,0.5
c8773c4a-092e1a3f,1,1,1,0.5,0.5,0.5
c87793e4-f899b0b4,2,2,2,1.0,1.0,1.0
c877ac5b-56eb96fb,0,0,0,0.25,0.25,0.25
c877c1e3-107ed45c,0,0,0,0.25,0.25,0.25
c877c1e3-775ff079,1,1,1,0.5,0.5,0.5
c877c1e3-b9b26376,0,0,0,0.25,0.25,0.25
c877c1e3-d9eaa422,0,0,0,0.25,0.25,0.25
c878b7e1-a736922b,2,2,2,1.0,1.0,1.0
c8792c3c-a42cb3f6,0,0,0,0.25,0.25,0.25
c87a634a-83007615,2,2,2,1.0,1.0,1.0
c87a634a-bacc0924,1,1,1,0.5,0.5,0.5
c87a634a-d8248e08,0,0,0,0.25,0.25,0.25
c87a6aba-757a0a27,1,1,1,0.5,0.5,0.5
c87ba6b4-4b91b210,1,1,1,0.5,0.5,0.5
c87d3555-1b67b671,0,0,0,0.25,0.25,0.25
c87d3555-23765ccd,1,1,1,0.5,0.5,0.5
c87d3555-5c159851,2,2,2,1.0,1.0,1.0
c87e0427-31e8946b,1,1,1,0.5,0.5,0.5
c87ef40a-d9c511a4,0,0,0,0.25,0.25,0.25
c87ef40a-f8631ab2,0,0,0,0.25,0.25,0.25
c88144fc-d2606369,1,1,1,0.5,0.5,0.5
c88439db-75bc1603,1,1,1,0.5,0.5,0.5
c88555fb-a5e194ab,0,0,0,0.25,0.25,0.25
c88555fb-d0df0339,0,0,0,0.25,0.25,0.25
c8863aea-d79c8788,0,0,0,0.25,0.25,0.25
c888a3fb-286c1528,0,0,0,0.25,0.25,0.25
c889c950-1bafea05,0,0,0,0.25,0.25,0.25
c889c950-53fabe91,0,0,0,0.25,0.25,0.25
c889c950-6efe6d79,0,0,0,0.25,0.25,0.25
c889c950-865ca5b6,1,1,1,0.5,0.5,0.5
c889c950-8a382793,0,0,0,0.25,0.25,0.25
c889c950-9604f14d,2,2,2,1.0,1.0,1.0
c889c950-9f421d51,0,0,0,0.25,0.25,0.25
c889c950-af3a6dd9,0,0,0,0.25,0.25,0.25
c889c950-af58a038,1,1,1,0.5,0.5,0.5
c889c950-e75d6454,2,2,2,1.0,1.0,1.0
c88a29cf-4acca487,2,2,2,1.0,1.0,1.0
c88a29cf-a10941c6,1,1,1,0.5,0.5,0.5
c88aac1c-940c43af,0,0,0,0.25,0.25,0.25
c88b1304-d64dd7b2,1,1,1,0.5,0.5,0.5
c88b26c5-0a03ff8e,2,2,2,1.0,1.0,1.0
c88c11f9-46b63b1e,2,2,2,1.0,1.0,1.0
c88f9916-2a874e4d,1,1,1,0.5,0.5,0.5
c88fa35f-b1639d6e,0,0,0,0.25,0.25,0.25
c88fa35f-e6582069,0,0,0,0.25,0.25,0.25
c891763b-fea20b04,0,0,0,0.25,0.25,0.25
c892a4e4-9bf183c0,1,1,1,0.5,0.5,0.5
c895041f-b2d189ed,2,2,2,1.0,1.0,1.0
c897a9ab-4e006e94,0,0,0,0.25,0.25,0.25
c897cc2b-01aaad95,1,1,1,0.5,0.5,0.5
c897cc2b-2a1bc9f0,0,0,0,0.25,0.25,0.25
c897cc2b-4104fbc7,2,2,2,1.0,1.0,1.0
c897cc2b-6612f914,0,0,0,0.25,0.25,0.25
c898e070-e490d08e,1,1,1,0.5,0.5,0.5
c89a1ff4-b538297b,2,2,2,1.0,1.0,1.0
c89a2698-9dba31c1,1,1,1,0.5,0.5,0.5
c89bec33-797b5aca,1,1,1,0.5,0.5,0.5
c89ee093-58ed3db1,0,0,0,0.25,0.25,0.25
c89ee093-65ac0019,2,2,2,1.0,1.0,1.0
c89ee093-6fd1a5bc,0,0,0,0.25,0.25,0.25
c89ee093-bf3f50b3,2,2,2,1.0,1.0,1.0
c89ee093-f527ef81,2,2,2,1.0,1.0,1.0
c89fc3e2-aaab0dfb,1,1,1,0.5,0.5,0.5
c8a13aff-dfec2bff,0,0,0,0.25,0.25,0.25
c8a3369c-d264119b,2,2,2,1.0,1.0,1.0
c8a5a379-cb506f54,0,0,0,0.25,0.25,0.25
c8a5c2cd-c1d58c72,0,0,0,0.25,0.25,0.25
c8a5ddd2-3dae7adb,2,2,2,1.0,1.0,1.0
c8a5ddd2-9c3962bd,0,0,0,0.25,0.25,0.25
c8a6707c-ce95509d,2,2,2,1.0,1.0,1.0
c8a7a62d-4f48082b,0,0,0,0.25,0.25,0.25
c8a7a62d-5bba0d73,0,0,0,0.25,0.25,0.25
c8a7a62d-8d489d6e,0,0,0,0.25,0.25,0.25
c8a7a62d-e58e7297,1,1,1,0.5,0.5,0.5
c8a830e0-95b22cac,0,0,0,0.25,0.25,0.25
c8a8a0da-10ead00e,1,1,1,0.5,0.5,0.5
c8a8a8b3-8f839ecb,0,0,0,0.25,0.25,0.25
c8a8a8b3-e36009e8,1,1,1,0.5,0.5,0.5
c8a9e3c4-ca92fd4a,1,1,1,0.5,0.5,0.5
c8aae827-b9b8f6ec,1,1,1,0.5,0.5,0.5
c8aca1e2-4d35a25a,1,1,1,0.5,0.5,0.5
c8af3e03-11a30ece,2,2,2,1.0,1.0,1.0
c8af3e03-7468b30d,0,0,0,0.25,0.25,0.25
c8af3e03-876c4d1b,0,0,0,0.25,0.25,0.25
c8af3e03-8966234c,0,0,0,0.25,0.25,0.25
c8af3e03-a4734700,0,0,0,0.25,0.25,0.25
c8afab60-93f92fc5,0,0,0,0.25,0.25,0.25
c8b0bab6-04d79fe4,1,1,1,0.5,0.5,0.5
c8b0bab6-1032cf1e,0,0,0,0.25,0.25,0.25
c8b0bab6-2f0f5619,2,2,2,1.0,1.0,1.0
c8b0bab6-60153935,0,0,0,0.25,0.25,0.25
c8b2aaa6-1a53d715,0,0,0,0.25,0.25,0.25
c8b3b695-3dd9102a,1,1,1,0.5,0.5,0.5
c8b46126-d3019096,2,2,2,1.0,1.0,1.0
c8b4e0ea-598432a7,2,2,2,1.0,1.0,1.0
c8b4e0ea-9581068d,1,1,1,0.5,0.5,0.5
c8b528fd-12a62505,0,0,0,0.25,0.25,0.25
c8b528fd-9010dcaf,0,0,0,0.25,0.25,0.25
c8b528fd-f3a72223,0,0,0,0.25,0.25,0.25
c8b5bc59-7e4f7285,1,1,1,0.5,0.5,0.5
c8b5bc59-ad1aa597,1,1,1,0.5,0.5,0.5
c8b7195b-738b9147,0,0,0,0.25,0.25,0.25
c8b7358d-fc3bd36c,0,0,0,0.25,0.25,0.25
c8b7358d-fcb96006,0,0,0,0.25,0.25,0.25
c8b983aa-59bbf82b,0,0,0,0.25,0.25,0.25
c8bad943-c78f2df3,2,2,2,1.0,1.0,1.0
c8bc1028-89f17211,0,0,0,0.25,0.25,0.25
c8bd76fd-04a1c915,0,0,0,0.25,0.25,0.25
c8bd76fd-1fda46a5,1,1,1,0.5,0.5,0.5
c8bd76fd-68d847b3,0,0,0,0.25,0.25,0.25
c8bd76fd-77472fba,0,0,0,0.25,0.25,0.25
c8bdf9c7-f5773522,0,0,0,0.25,0.25,0.25
c8beac4c-f1d1d6b5,0,0,0,0.25,0.25,0.25
c8bf003e-59bda2b9,0,0,0,0.25,0.25,0.25
c8bf003e-a663547a,0,0,0,0.25,0.25,0.25
c8bf003e-abd8611d,1,1,1,0.5,0.5,0.5
c8bf003e-c2e23e42,0,0,0,0.25,0.25,0.25
c8bf003e-c4202676,2,2,2,1.0,1.0,1.0
c8bf16f5-dd333834,0,0,0,0.25,0.25,0.25
c8c022ae-aac7455d,0,0,0,0.25,0.25,0.25
c8c022ae-b7e1c0b5,0,0,0,0.25,0.25,0.25
c8c0c00c-39ef4894,2,2,2,1.0,1.0,1.0
c8c0c00c-5a90317a,0,0,0,0.25,0.25,0.25
c8c0c00c-f54a95c9,2,2,2,1.0,1.0,1.0
c8c21a87-5eb41ad6,2,2,2,1.0,1.0,1.0
c8c34ebe-07e082be,1,1,1,0.5,0.5,0.5
c8c34ebe-756f7560,1,1,1,0.5,0.5,0.5
c8c40f8e-20c429b3,0,0,0,0.25,0.25,0.25
c8c40f8e-36103452,1,1,1,0.5,0.5,0.5
c8c40f8e-73bfa1bb,2,2,2,1.0,1.0,1.0
c8c40f8e-a4f64719,2,2,2,1.0,1.0,1.0
c8c4134b-6e17c1d0,1,1,1,0.5,0.5,0.5
c8c6e143-981c8f06,1,1,1,0.5,0.5,0.5
c8c6e143-d85ae0f6,0,0,0,0.25,0.25,0.25
c8c76d82-9502dce2,0,0,0,0.25,0.25,0.25
c8c87708-09d22f5b,2,2,2,1.0,1.0,1.0
c8c97803-0a84ce2b,2,2,2,1.0,1.0,1.0
c8c97803-35a64c37,0,0,0,0.25,0.25,0.25
c8c97803-657086fb,2,2,2,1.0,1.0,1.0
c8c97803-6c607d47,0,0,0,0.25,0.25,0.25
c8c97803-75867166,2,2,2,1.0,1.0,1.0
c8c97803-8f294a3f,2,2,2,1.0,1.0,1.0
c8c97803-c1e8543d,0,0,0,0.25,0.25,0.25
c8c97803-ddd12fbf,0,0,0,0.25,0.25,0.25
c8c97803-f16dd813,2,2,2,1.0,1.0,1.0
c8c9db85-9d8a90c1,0,0,0,0.25,0.25,0.25
c8cbb112-9d16c5da,0,0,0,0.25,0.25,0.25
c8cbb112-c7c84f4b,0,0,0,0.25,0.25,0.25
c8ce53ef-0209f9ea,0,0,0,0.25,0.25,0.25
c8ce53ef-5bbb0ed2,2,2,2,1.0,1.0,1.0
c8ce53ef-62708a1f,1,1,1,0.5,0.5,0.5
c8d08ef4-8ed1534f,2,2,2,1.0,1.0,1.0
c8d0d179-15d8ce52,0,0,0,0.25,0.25,0.25
c8d0d179-7492f586,0,0,0,0.25,0.25,0.25
c8d1bc4e-9c43c393,2,2,2,1.0,1.0,1.0
c8d1bc4e-fa045566,1,1,1,0.5,0.5,0.5
c8d2202b-74e688c8,1,1,1,0.5,0.5,0.5
c8d2ec66-6f31d0dc,0,0,0,0.25,0.25,0.25
c8d3c68c-da2089e8,0,0,0,0.25,0.25,0.25
c8d42255-691c9c96,0,0,0,0.25,0.25,0.25
c8d4fbd6-5d396c2e,0,0,0,0.25,0.25,0.25
c8d7cfb3-0907c433,0,0,0,0.25,0.25,0.25
c8d7cfb3-347e6733,1,1,1,0.5,0.5,0.5
c8d7cfb3-83ab1da7,1,1,1,0.5,0.5,0.5
c8d7cfb3-cd9f103f,1,1,1,0.5,0.5,0.5
c8d838f3-750f337e,0,0,0,0.25,0.25,0.25
c8d92c71-2874cb64,0,0,0,0.25,0.25,0.25
c8db7252-6e20c65a,2,2,2,1.0,1.0,1.0
c8dd7fb7-453a8242,0,0,0,0.25,0.25,0.25
c8ddb7b2-8c453f30,0,0,0,0.25,0.25,0.25
c8ddd93f-8e314f90,0,0,0,0.25,0.25,0.25
c8df9893-499c95bc,0,0,0,0.25,0.25,0.25
c8e01103-8c1b5190,0,0,0,0.25,0.25,0.25
c8e01103-9ff8595d,0,0,0,0.25,0.25,0.25
c8e22fdb-a7148306,2,2,2,1.0,1.0,1.0
c8e59150-52042127,1,1,1,0.5,0.5,0.5
c8e70aac-614de268,0,0,0,0.25,0.25,0.25
c8e79c93-00e1d82a,0,0,0,0.25,0.25,0.25
c8e895be-9bf55449,0,0,0,0.25,0.25,0.25
c8e8cd4a-2f894188,0,0,0,0.25,0.25,0.25
c8e8cd4a-3d1efe93,0,0,0,0.25,0.25,0.25
c8e8cd4a-9dd5daeb,0,0,0,0.25,0.25,0.25
c8e8f29f-09ac075a,0,0,0,0.25,0.25,0.25
c8e8f29f-aa6b38d9,2,2,2,1.0,1.0,1.0
c8eb77ce-567b1fad,1,1,1,0.5,0.5,0.5
c8ed2212-b60fa314,0,0,0,0.25,0.25,0.25
c8ed27d0-7debfc0f,1,1,1,0.5,0.5,0.5
c8ed3fad-623b1616,0,0,0,0.25,0.25,0.25
c8ed82f7-fe694d2f,2,2,2,1.0,1.0,1.0
c8edf7ac-e984287f,0,0,0,0.25,0.25,0.25
c8ee7748-be80b2c6,0,0,0,0.25,0.25,0.25
c8eeb9c9-922af0bb,2,2,2,1.0,1.0,1.0
c8eeb9c9-cdadaee2,2,2,2,1.0,1.0,1.0
c8eeb9c9-d3212cfe,0,0,0,0.25,0.25,0.25
c8ef1a34-e7c66c0c,0,0,0,0.25,0.25,0.25
c8ef6556-56df81da,0,0,0,0.25,0.25,0.25
c8ef6556-627cdf0b,2,2,2,1.0,1.0,1.0
c8ef6556-8ea04157,2,2,2,1.0,1.0,1.0
c8ef6556-c033218f,0,0,0,0.25,0.25,0.25
c8ef6dea-8a327e57,0,0,0,0.25,0.25,0.25
c8ef6dea-eea7d4cd,2,2,2,1.0,1.0,1.0
c8efd5bf-dc61bcfd,0,0,0,0.25,0.25,0.25
c8f0adf0-85eb7754,0,0,0,0.25,0.25,0.25
c8f1cdd6-9d2a3186,0,0,0,0.25,0.25,0.25
c8f39d22-69f436d4,0,0,0,0.25,0.25,0.25
c8f39d22-9e3f76f8,0,0,0,0.25,0.25,0.25
c8f48328-67aa756a,0,0,0,0.25,0.25,0.25
c8f48328-7de61e93,0,0,0,0.25,0.25,0.25
c8f48328-8b9e4717,1,1,1,0.5,0.5,0.5
c8f61b8f-81c16429,1,1,1,0.5,0.5,0.5
c8f6f631-a1eb5133,1,1,1,0.5,0.5,0.5
c8f90ec2-37aa3a28,0,0,0,0.25,0.25,0.25
c8f90ec2-8b0d49de,1,1,1,0.5,0.5,0.5
c8f962d8-1925ff9b,1,1,1,0.5,0.5,0.5
c8f962d8-e7adb2f9,2,2,2,1.0,1.0,1.0
c8fa732b-fbdaa989,2,2,2,1.0,1.0,1.0
c8fc1373-3ce39fc9,1,1,1,0.5,0.5,0.5
c8fd5c4a-16dbf91b,1,1,1,0.5,0.5,0.5
c8fddab0-13dbb312,2,2,2,1.0,1.0,1.0
c8fddab0-9ea6d001,2,2,2,1.0,1.0,1.0
c8ffbba5-334918b7,0,0,0,0.25,0.25,0.25
c900eb3c-4b7befc1,2,2,2,1.0,1.0,1.0
c9018c4e-976ad16e,0,0,0,0.25,0.25,0.25
c909551e-fb24caeb,2,2,2,1.0,1.0,1.0
c909f3df-69d1a96a,1,1,1,0.5,0.5,0.5
c909f3df-ac4074ed,0,0,0,0.25,0.25,0.25
c909f3df-d3ce29f1,0,0,0,0.25,0.25,0.25
c90a2111-04776fd3,1,1,1,0.5,0.5,0.5
c90a2111-6d28bf04,1,1,1,0.5,0.5,0.5
c90b5398-63556b1c,0,0,0,0.25,0.25,0.25
c90b5398-8706dfbf,1,1,1,0.5,0.5,0.5
c90b5398-8d49f2f2,2,2,2,1.0,1.0,1.0
c90b5398-d042ec34,1,1,1,0.5,0.5,0.5
c90bf06d-4ed5dc9e,1,1,1,0.5,0.5,0.5
c90bf06d-5782a8fb,1,1,1,0.5,0.5,0.5
c90bf06d-eda5f238,0,0,0,0.25,0.25,0.25
c90bf06d-fc30a08e,0,0,0,0.25,0.25,0.25
c90c8198-92fb12cc,1,1,1,0.5,0.5,0.5
c90c8198-f73aed79,0,0,0,0.25,0.25,0.25
c90e0afb-911ffd59,0,0,0,0.25,0.25,0.25
c90ec86b-c3698408,0,0,0,0.25,0.25,0.25
c90ecab0-505559be,1,1,1,0.5,0.5,0.5
c90ecab0-68dc9839,0,0,0,0.25,0.25,0.25
c90ff73f-d76cc0c4,0,0,0,0.25,0.25,0.25
c9106ec8-1df793b7,1,1,1,0.5,0.5,0.5
c9106ec8-62580195,0,0,0,0.25,0.25,0.25
c911f50f-e7958776,0,0,0,0.25,0.25,0.25
c9123546-b647e40f,0,0,0,0.25,0.25,0.25
c9160b61-80e5089a,2,2,2,1.0,1.0,1.0
c9161830-52503e77,1,1,1,0.5,0.5,0.5
c917201f-5bbb8087,0,0,0,0.25,0.25,0.25
c9172da6-c3a38f22,0,0,0,0.25,0.25,0.25
c9178f1b-e33f5de8,2,2,2,1.0,1.0,1.0
c9185b69-e0fda3f0,2,2,2,1.0,1.0,1.0
c9195e43-b2fdd978,0,0,0,0.25,0.25,0.25
c9197398-2fea0795,1,1,1,0.5,0.5,0.5
c91a3cef-888fc664,1,1,1,0.5,0.5,0.5
c91a3cef-e63379c7,0,0,0,0.25,0.25,0.25
c91a84db-31862c42,0,0,0,0.25,0.25,0.25
c91a84db-3aee7c05,1,1,1,0.5,0.5,0.5
c91a84db-a199dd0d,0,0,0,0.25,0.25,0.25
c91a84db-b08249fc,0,0,0,0.25,0.25,0.25
c91a84db-cc93d5a1,2,2,2,1.0,1.0,1.0
c91a84db-f40ee6d0,1,1,1,0.5,0.5,0.5
c91b89eb-bd95cbff,1,1,1,0.5,0.5,0.5
c91d0862-74c58649,0,0,0,0.25,0.25,0.25
c91d0862-eb747701,0,0,0,0.25,0.25,0.25
c91da210-1252e4c6,2,2,2,1.0,1.0,1.0
c91da210-34d6b472,0,0,0,0.25,0.25,0.25
c91da210-37d62a18,2,2,2,1.0,1.0,1.0
c91da210-a2b2bc21,2,2,2,1.0,1.0,1.0
c91da210-af3c069e,0,0,0,0.25,0.25,0.25
c91da210-b1922917,1,1,1,0.5,0.5,0.5
c91da210-bc038b99,2,2,2,1.0,1.0,1.0
c91db2b0-38312b9f,1,1,1,0.5,0.5,0.5
c91e8a26-3025d41e,0,0,0,0.25,0.25,0.25
c91eb48f-a7497694,0,0,0,0.25,0.25,0.25
c91eb48f-fa7a6cdc,2,2,2,1.0,1.0,1.0
c92005f1-24f38b48,1,1,1,0.5,0.5,0.5
c92005f1-27eb3d9e,2,2,2,1.0,1.0,1.0
c92046a2-2a0b5a9e,2,2,2,1.0,1.0,1.0
c92046a2-2f8e5345,0,0,0,0.25,0.25,0.25
c92046a2-5264bdd4,0,0,0,0.25,0.25,0.25
c9240f77-08db8836,0,0,0,0.25,0.25,0.25
c9240f77-2c998430,2,2,2,1.0,1.0,1.0
c9240f77-37f30fb5,1,1,1,0.5,0.5,0.5
c9240f77-93292ea6,0,0,0,0.25,0.25,0.25
c9240f77-988f083f,1,1,1,0.5,0.5,0.5
c924c4a4-7f9aa43a,0,0,0,0.25,0.25,0.25
c924c4a4-bd2df2dc,2,2,2,1.0,1.0,1.0
c926408d-2118bffc,2,2,2,1.0,1.0,1.0
c926408d-366b16ee,1,1,1,0.5,0.5,0.5
c926408d-6840aaf6,0,0,0,0.25,0.25,0.25
c926408d-8de795c6,0,0,0,0.25,0.25,0.25
c927d51b-43e6a4e8,0,0,0,0.25,0.25,0.25
c927d51b-5c078571,0,0,0,0.25,0.25,0.25
c927d51b-92852659,0,0,0,0.25,0.25,0.25
c927d51b-99c8166b,2,2,2,1.0,1.0,1.0
c927d51b-cb5b7850,2,2,2,1.0,1.0,1.0
c927d51b-fa863734,0,0,0,0.25,0.25,0.25
c9283177-1ac311e2,2,2,2,1.0,1.0,1.0
c9283177-33d8db54,0,0,0,0.25,0.25,0.25
c9283177-4ac407c3,0,0,0,0.25,0.25,0.25
c9283177-7531ef01,1,1,1,0.5,0.5,0.5
c928749e-62bc39dd,0,0,0,0.25,0.25,0.25
c928c559-7cd84c9f,0,0,0,0.25,0.25,0.25
c928c559-b70b74cf,0,0,0,0.25,0.25,0.25
c92aeef7-3d38133c,0,0,0,0.25,0.25,0.25
c92aeef7-9bdd3e46,2,2,2,1.0,1.0,1.0
c92aeef7-a19d7070,2,2,2,1.0,1.0,1.0
c92aeef7-c8f9fb98,0,0,0,0.25,0.25,0.25
c92b8228-b78b5c67,0,0,0,0.25,0.25,0.25
c92db9da-58694b5b,2,2,2,1.0,1.0,1.0
c93017ac-e728a438,0,0,0,0.25,0.25,0.25
c9312bb0-091a6594,0,0,0,0.25,0.25,0.25
c9312bb0-7ac780f4,0,0,0,0.25,0.25,0.25
c9312bb0-89c7cf4d,2,2,2,1.0,1.0,1.0
c9312bb0-95b57597,0,0,0,0.25,0.25,0.25
c9312bb0-f07bcf18,1,1,1,0.5,0.5,0.5
c93310c6-1224728c,1,1,1,0.5,0.5,0.5
c93310c6-228c8cce,1,1,1,0.5,0.5,0.5
c93310c6-c662ee4b,2,2,2,1.0,1.0,1.0
c93364f2-95b285aa,1,1,1,0.5,0.5,0.5
c933ade8-68159c26,2,2,2,1.0,1.0,1.0
c933ade8-e95faf28,1,1,1,0.5,0.5,0.5
c933ade8-f5cb06c8,0,0,0,0.25,0.25,0.25
c933ade8-f63b2db4,0,0,0,0.25,0.25,0.25
c934b18d-b08b04d2,1,1,1,0.5,0.5,0.5
c93557c9-87e615cc,0,0,0,0.25,0.25,0.25
c936d348-99cf17b9,0,0,0,0.25,0.25,0.25
c9375798-85c143f7,2,2,2,1.0,1.0,1.0
c938658b-62746b31,0,0,0,0.25,0.25,0.25
c938658b-7aac4679,1,1,1,0.5,0.5,0.5
c938658b-c232988e,2,2,2,1.0,1.0,1.0
c93a7768-23e29de9,2,2,2,1.0,1.0,1.0
c93a7768-f84a9b8f,0,0,0,0.25,0.25,0.25
c93a7ee2-e21d6bc5,0,0,0,0.25,0.25,0.25
c93b0369-31ac48e7,2,2,2,1.0,1.0,1.0
c93b0369-a0cb051b,0,0,0,0.25,0.25,0.25
c93baa24-3b8c5ab3,0,0,0,0.25,0.25,0.25
c93bd9ce-30b0d752,0,0,0,0.25,0.25,0.25
c93bd9ce-d2617cc7,1,1,1,0.5,0.5,0.5
c93bd9ce-ea579ed8,1,1,1,0.5,0.5,0.5
c93c1596-372a77b9,2,2,2,1.0,1.0,1.0
c93c1596-49d96696,0,0,0,0.25,0.25,0.25
c93c1596-693b041f,2,2,2,1.0,1.0,1.0
c93dc018-9a022605,2,2,2,1.0,1.0,1.0
c93e76b7-88954e8f,1,1,1,0.5,0.5,0.5
c93e76b7-a0e64488,0,0,0,0.25,0.25,0.25
c93f8df2-9f9687f1,0,0,0,0.25,0.25,0.25
c93f8df2-d683a18b,0,0,0,0.25,0.25,0.25
c9403737-33cab241,0,0,0,0.25,0.25,0.25
c9403737-3743ae01,1,1,1,0.5,0.5,0.5
c9403737-44485b1f,0,0,0,0.25,0.25,0.25
c9403737-55c6220f,1,1,1,0.5,0.5,0.5
c9403737-5f34d857,0,0,0,0.25,0.25,0.25
c9403737-9675db60,0,0,0,0.25,0.25,0.25
c9403737-bf414a95,2,2,2,1.0,1.0,1.0
c9427dd5-4779940e,0,0,0,0.25,0.25,0.25
c9427dd5-8dd8e51f,0,0,0,0.25,0.25,0.25
c946b395-eac458c3,0,0,0,0.25,0.25,0.25
c946c532-07177e0a,2,2,2,1.0,1.0,1.0
c9484a09-4a6da4f1,2,2,2,1.0,1.0,1.0
c9484cde-1da408d7,0,0,0,0.25,0.25,0.25
c9484cde-c9b46dc0,1,1,1,0.5,0.5,0.5
c948b2b1-1183d2e3,0,0,0,0.25,0.25,0.25
c94958a6-299180ee,2,2,2,1.0,1.0,1.0
c94958a6-b66af171,2,2,2,1.0,1.0,1.0
c94958a6-beac6097,0,0,0,0.25,0.25,0.25
c949b637-0f47dc98,0,0,0,0.25,0.25,0.25
c94a5fb6-446b8726,0,0,0,0.25,0.25,0.25
c94adc37-20233549,0,0,0,0.25,0.25,0.25
c94adc37-76e1ff0b,1,1,1,0.5,0.5,0.5
c94b896e-40638bf9,1,1,1,0.5,0.5,0.5
c94c7ebc-dfcf2578,0,0,0,0.25,0.25,0.25
c94c8cef-c8c484fc,1,1,1,0.5,0.5,0.5
c94c8cef-e3a67ff5,0,0,0,0.25,0.25,0.25
c94ceb93-5b8608c4,0,0,0,0.25,0.25,0.25
c94d8213-1f593522,0,0,0,0.25,0.25,0.25
c94d8213-847662eb,0,0,0,0.25,0.25,0.25
c94d86ee-9835e761,0,0,0,0.25,0.25,0.25
c94d86ee-e18fa7ec,1,1,1,0.5,0.5,0.5
c9517ae9-19790405,1,1,1,0.5,0.5,0.5
c9517ae9-b9d3b2f0,0,0,0,0.25,0.25,0.25
c95241cf-06d29d77,0,0,0,0.25,0.25,0.25
c953eb9b-25d6c90f,0,0,0,0.25,0.25,0.25
c9552b40-ae7bc148,0,0,0,0.25,0.25,0.25
c9557697-363a490d,0,0,0,0.25,0.25,0.25
c9557697-64dfbc0f,0,0,0,0.25,0.25,0.25
c9557697-86314e9b,2,2,2,1.0,1.0,1.0
c9557697-8a2ab930,2,2,2,1.0,1.0,1.0
c9557697-a50c7ba4,0,0,0,0.25,0.25,0.25
c9557697-e1fc666a,2,2,2,1.0,1.0,1.0
c957b1a8-d327e7fb,1,1,1,0.5,0.5,0.5
c95979e7-efb74491,1,1,1,0.5,0.5,0.5
c95ad578-8caa410d,0,0,0,0.25,0.25,0.25
c95c7aac-1ede8bc6,2,2,2,1.0,1.0,1.0
c95c7aac-2259b8d6,1,1,1,0.5,0.5,0.5
c95c7aac-4af0d339,2,2,2,1.0,1.0,1.0
c95c7aac-86c314d4,0,0,0,0.25,0.25,0.25
c95c7aac-a58cbd30,1,1,1,0.5,0.5,0.5
c95c7aac-ec4ec867,1,1,1,0.5,0.5,0.5
c95f4860-7342216b,0,0,0,0.25,0.25,0.25
c95f4860-c29c8118,0,0,0,0.25,0.25,0.25
c95f4860-c6c0856d,2,2,2,1.0,1.0,1.0
c95f8af6-a4693b4e,0,0,0,0.25,0.25,0.25
c95f8af6-f4a9099f,1,1,1,0.5,0.5,0.5
c95f8ca5-0cf1c43c,0,0,0,0.25,0.25,0.25
c95fecc3-41401a5f,0,0,0,0.25,0.25,0.25
c95fecc3-4a1dd709,1,1,1,0.5,0.5,0.5
c95fecc3-4e289a4e,0,0,0,0.25,0.25,0.25
c96109b8-caf84a36,0,0,0,0.25,0.25,0.25
c962949b-dddd40b2,0,0,0,0.25,0.25,0.25
c96299f2-8e89da2c,0,0,0,0.25,0.25,0.25
c96299f2-e7dd8431,0,0,0,0.25,0.25,0.25
c962fce0-dcea4e6a,0,0,0,0.25,0.25,0.25
c963d910-fa6c706d,2,2,2,1.0,1.0,1.0
c963fa4b-a46ed02b,0,0,0,0.25,0.25,0.25
c96519fa-2d8cc863,1,1,1,0.5,0.5,0.5
c96519fa-d85ac570,1,1,1,0.5,0.5,0.5
c9683e6e-68b49262,0,0,0,0.25,0.25,0.25
c968f598-3507eb4b,0,0,0,0.25,0.25,0.25
c968f598-7b3b4c6d,0,0,0,0.25,0.25,0.25
c96a9fb4-cacac0fc,0,0,0,0.25,0.25,0.25
c96ab7ea-2770185c,0,0,0,0.25,0.25,0.25
c96ab7ea-3894685f,2,2,2,1.0,1.0,1.0
c96ab7ea-6b63e676,0,0,0,0.25,0.25,0.25
c96ab7ea-761efabd,1,1,1,0.5,0.5,0.5
c96ab7ea-a10139b9,2,2,2,1.0,1.0,1.0
c96ab7ea-f0802092,0,0,0,0.25,0.25,0.25
c96ab7ea-f3e268c8,1,1,1,0.5,0.5,0.5
c96b5ea4-f4c45a46,0,0,0,0.25,0.25,0.25
c96d485d-63a73865,0,0,0,0.25,0.25,0.25
c96d4996-d78b1b88,0,0,0,0.25,0.25,0.25
c96e0b6a-0acdb8b5,1,1,1,0.5,0.5,0.5
c96e0b6a-7d3c5b31,2,2,2,1.0,1.0,1.0
c96e0b6a-f3d8aa78,2,2,2,1.0,1.0,1.0
c96e6559-2b1401da,0,0,0,0.25,0.25,0.25
c96fcc84-d7778d41,1,1,1,0.5,0.5,0.5
c96fcc84-faebc9c9,1,1,1,0.5,0.5,0.5
c96ffe59-1cf2df11,0,0,0,0.25,0.25,0.25
c96ffe59-25022c0b,2,2,2,1.0,1.0,1.0
c96ffe59-429ca2a9,2,2,2,1.0,1.0,1.0
c96ffe59-868ab1ed,1,1,1,0.5,0.5,0.5
c96ffe59-d72b7012,1,1,1,0.5,0.5,0.5
c96ffe59-e18bc459,2,2,2,1.0,1.0,1.0
c9708ee8-31f4eece,2,2,2,1.0,1.0,1.0
c970d004-efeb8b97,1,1,1,0.5,0.5,0.5
c972204c-e7d86629,0,0,0,0.25,0.25,0.25
c9736046-5b96af10,0,0,0,0.25,0.25,0.25
c9736046-d8b9fd11,2,2,2,1.0,1.0,1.0
c975393b-d0309026,0,0,0,0.25,0.25,0.25
c975761f-42dd555b,0,0,0,0.25,0.25,0.25
c9768773-d9cf584c,1,1,1,0.5,0.5,0.5
c976aa56-2902a314,1,1,1,0.5,0.5,0.5
c977423c-43dddd3b,2,2,2,1.0,1.0,1.0
c978b30e-673341ec,0,0,0,0.25,0.25,0.25
c978b30e-76bd39af,0,0,0,0.25,0.25,0.25
c978b30e-b7e84613,2,2,2,1.0,1.0,1.0
c979b818-481e9da0,1,1,1,0.5,0.5,0.5
c97abe9e-ccbca525,1,1,1,0.5,0.5,0.5
c97b2568-576a4ba1,1,1,1,0.5,0.5,0.5
c97c0d3c-64a7bc09,0,0,0,0.25,0.25,0.25
c97c0d3c-70e91ccf,1,1,1,0.5,0.5,0.5
c97c0d3c-b656cd59,0,0,0,0.25,0.25,0.25
c97c4556-6055e106,2,2,2,1.0,1.0,1.0
c97d6560-103e2fc4,0,0,0,0.25,0.25,0.25
c97deb16-924a514f,1,1,1,0.5,0.5,0.5
c97fc7da-4bca948f,2,2,2,1.0,1.0,1.0
c97fc7da-a19144af,0,0,0,0.25,0.25,0.25
c97fc7da-ed179cad,0,0,0,0.25,0.25,0.25
c9815999-611707fe,0,0,0,0.25,0.25,0.25
c9815999-f1a3d95a,0,0,0,0.25,0.25,0.25
c981c004-35dc44b9,2,2,2,1.0,1.0,1.0
c9821da0-2b4ef0c0,0,0,0,0.25,0.25,0.25
c98232a2-4e9128ce,0,0,0,0.25,0.25,0.25
c98232a2-66e6e1fb,0,0,0,0.25,0.25,0.25
c98258a4-54a47ff2,2,2,2,1.0,1.0,1.0
c98258a4-b78aa787,0,0,0,0.25,0.25,0.25
c98258a4-e5a366fe,1,1,1,0.5,0.5,0.5
c983692b-b3a04393,1,1,1,0.5,0.5,0.5
c9854be4-2e4295ce,0,0,0,0.25,0.25,0.25
c985e44f-024d63ab,0,0,0,0.25,0.25,0.25
c986e8a4-81f5a043,0,0,0,0.25,0.25,0.25
c988c74a-32132434,0,0,0,0.25,0.25,0.25
c988c74a-8d679348,1,1,1,0.5,0.5,0.5
c98a01d0-a1e7bb72,2,2,2,1.0,1.0,1.0
c98b35d1-b66b62c2,0,0,0,0.25,0.25,0.25
c98c1005-1a53d7d2,1,1,1,0.5,0.5,0.5
c98c1005-7d014761,0,0,0,0.25,0.25,0.25
c992d89e-45d612c4,2,2,2,1.0,1.0,1.0
c992d89e-63020be4,1,1,1,0.5,0.5,0.5
c993615f-20359e85,2,2,2,1.0,1.0,1.0
c993615f-33101e6b,0,0,0,0.25,0.25,0.25
c993615f-350c682c,0,0,0,0.25,0.25,0.25
c993615f-613d6034,1,1,1,0.5,0.5,0.5
c993615f-665ece03,0,0,0,0.25,0.25,0.25
c993615f-768a9187,1,1,1,0.5,0.5,0.5
c993615f-8cda0568,1,1,1,0.5,0.5,0.5
c993615f-9738b00a,0,0,0,0.25,0.25,0.25
c993615f-ab858bd2,0,0,0,0.25,0.25,0.25
c993615f-ae30e2cb,1,1,1,0.5,0.5,0.5
c993615f-c333ae32,1,1,1,0.5,0.5,0.5
c993615f-c9f6e6aa,0,0,0,0.25,0.25,0.25
c993615f-d2603c39,0,0,0,0.25,0.25,0.25
c994e726-55ae7597,0,0,0,0.25,0.25,0.25
c994e726-d8b6115b,2,2,2,1.0,1.0,1.0
c9957093-21cf5834,1,1,1,0.5,0.5,0.5
c997006a-1cbe344f,2,2,2,1.0,1.0,1.0
c99927e4-a37dc628,2,2,2,1.0,1.0,1.0
c99a4baf-83420a6e,0,0,0,0.25,0.25,0.25
c99a4baf-9b8ca7d9,0,0,0,0.25,0.25,0.25
c99a4baf-a0146015,0,0,0,0.25,0.25,0.25
c99a4baf-daaaed61,0,0,0,0.25,0.25,0.25
c9a03aa8-301aafe7,0,0,0,0.25,0.25,0.25
c9a270fa-dddd15ff,0,0,0,0.25,0.25,0.25
c9a2a6db-a5b0a35d,0,0,0,0.25,0.25,0.25
c9a2b46c-e2f795a7,2,2,2,1.0,1.0,1.0
c9a3a466-84e613da,0,0,0,0.25,0.25,0.25
c9a41ce3-bd04c1ae,0,0,0,0.25,0.25,0.25
c9a4aaee-24651f2a,1,1,1,0.5,0.5,0.5
c9a4c2a2-e2ef482c,0,0,0,0.25,0.25,0.25
c9a5380e-01e2abe2,0,0,0,0.25,0.25,0.25
c9a653e3-533efdd4,1,1,1,0.5,0.5,0.5
c9a653e3-746daa0d,0,0,0,0.25,0.25,0.25
c9a80c9b-67f90548,0,0,0,0.25,0.25,0.25
c9a91df9-fa338ec9,1,1,1,0.5,0.5,0.5
c9a9290b-86ad51fb,0,0,0,0.25,0.25,0.25
c9a9a2a9-57519e11,2,2,2,1.0,1.0,1.0
c9aa50be-62caa81b,2,2,2,1.0,1.0,1.0
c9aa50be-8c87193e,0,0,0,0.25,0.25,0.25
c9aa50be-9e8cd399,0,0,0,0.25,0.25,0.25
c9b0054d-bded8b46,0,0,0,0.25,0.25,0.25
c9b0054d-c043599e,1,1,1,0.5,0.5,0.5
c9b099e4-6ab2e4f4,0,0,0,0.25,0.25,0.25
c9b099e4-efc9579f,2,2,2,1.0,1.0,1.0
c9b0aa61-15573161,0,0,0,0.25,0.25,0.25
c9b19b83-da526c25,1,1,1,0.5,0.5,0.5
c9b29647-95da8336,0,0,0,0.25,0.25,0.25
c9b2aaae-f2ff02a7,0,0,0,0.25,0.25,0.25
c9b55e48-8c2b4097,2,2,2,1.0,1.0,1.0
c9b82f4e-454a5878,0,0,0,0.25,0.25,0.25
c9b82f4e-fd73af29,2,2,2,1.0,1.0,1.0
c9b96433-62042524,1,1,1,0.5,0.5,0.5
c9b96433-8473dd77,0,0,0,0.25,0.25,0.25
c9b9fef4-8aca0267,1,1,1,0.5,0.5,0.5
c9b9fef4-a58bf3d5,0,0,0,0.25,0.25,0.25
c9bbc56e-b61223fd,1,1,1,0.5,0.5,0.5
c9bbc56e-b9f39d14,1,1,1,0.5,0.5,0.5
c9bdd74a-9dc0ad2e,0,0,0,0.25,0.25,0.25
c9c0e486-f197b842,0,0,0,0.25,0.25,0.25
c9c31e57-3f228293,2,2,2,1.0,1.0,1.0
c9c31e57-45b42452,0,0,0,0.25,0.25,0.25
c9c4d608-4555cd80,0,0,0,0.25,0.25,0.25
c9c4d608-be7ef06b,0,0,0,0.25,0.25,0.25
c9c4e755-d4a99803,1,1,1,0.5,0.5,0.5
c9c6949a-14eea22b,0,0,0,0.25,0.25,0.25
c9c6949a-5aeaa8fd,0,0,0,0.25,0.25,0.25
c9c77676-1fa8e0d6,0,0,0,0.25,0.25,0.25
c9c778b5-772ddc4a,1,1,1,0.5,0.5,0.5
c9c778b5-83f9cec1,0,0,0,0.25,0.25,0.25
c9c778b5-86bddb7e,0,0,0,0.25,0.25,0.25
c9c9235f-2215a6b7,0,0,0,0.25,0.25,0.25
c9c9235f-27dae64a,0,0,0,0.25,0.25,0.25
c9c9235f-2bf3ae13,2,2,2,1.0,1.0,1.0
c9c9235f-361e5664,1,1,1,0.5,0.5,0.5
c9c9235f-3d954113,0,0,0,0.25,0.25,0.25
c9c9235f-8c053a4c,0,0,0,0.25,0.25,0.25
c9c9235f-94e65449,0,0,0,0.25,0.25,0.25
c9c9235f-c15e8390,0,0,0,0.25,0.25,0.25
c9c9235f-c6c0bdf8,0,0,0,0.25,0.25,0.25
c9c9235f-cc8f42ba,0,0,0,0.25,0.25,0.25
c9c9235f-d2de2015,0,0,0,0.25,0.25,0.25
c9ca4c6c-4c9db372,0,0,0,0.25,0.25,0.25
c9ca4ffe-8eb6d592,1,1,1,0.5,0.5,0.5
c9ca4ffe-c34137ab,1,1,1,0.5,0.5,0.5
c9cbf127-148245d2,2,2,2,1.0,1.0,1.0
c9cc3cb0-b0085030,2,2,2,1.0,1.0,1.0
c9cc53f7-2ac83c8c,1,1,1,0.5,0.5,0.5
c9cd9fa8-30108c57,2,2,2,1.0,1.0,1.0
c9cd9fa8-6f90442b,1,1,1,0.5,0.5,0.5
c9cd9fa8-d69dfb4e,2,2,2,1.0,1.0,1.0
c9cf1065-0f19dbe2,1,1,1,0.5,0.5,0.5
c9cf1065-5578a982,2,2,2,1.0,1.0,1.0
c9cf1065-58a17ed3,1,1,1,0.5,0.5,0.5
c9cf1065-71498367,0,0,0,0.25,0.25,0.25
c9cf1065-8dbf1363,2,2,2,1.0,1.0,1.0
c9cf1065-e9fd4f91,0,0,0,0.25,0.25,0.25
c9cf1065-f841eddc,0,0,0,0.25,0.25,0.25
c9cf1065-fd69ddbf,1,1,1,0.5,0.5,0.5
c9cf175a-131d4aae,1,1,1,0.5,0.5,0.5
c9d61a6d-92609e9c,0,0,0,0.25,0.25,0.25
c9d61a6d-986df2e9,1,1,1,0.5,0.5,0.5
c9d6a839-f66aaace,0,0,0,0.25,0.25,0.25
c9d6dbc7-5580002c,1,1,1,0.5,0.5,0.5
c9d6dbc7-edc72471,0,0,0,0.25,0.25,0.25
c9d7b898-27eba05f,2,2,2,1.0,1.0,1.0
c9d7eba9-57de0925,1,1,1,0.5,0.5,0.5
c9d89485-18576ffb,0,0,0,0.25,0.25,0.25
c9d9a47f-951c00bd,2,2,2,1.0,1.0,1.0
c9d9cbf9-e86cf1ef,1,1,1,0.5,0.5,0.5
c9dc0649-b5aa2483,1,1,1,0.5,0.5,0.5
c9dc96aa-01dec7af,0,0,0,0.25,0.25,0.25
c9de245d-d0bf2816,0,0,0,0.25,0.25,0.25
c9dedfc8-b23ac57e,0,0,0,0.25,0.25,0.25
c9df3b7e-0bf4fa31,0,0,0,0.25,0.25,0.25
c9df3b7e-2b54cd7f,1,1,1,0.5,0.5,0.5
c9df3b7e-4701c0f2,0,0,0,0.25,0.25,0.25
c9df3b7e-bb72e430,1,1,1,0.5,0.5,0.5
c9df3b7e-bfcabe04,1,1,1,0.5,0.5,0.5
c9df3b7e-ef94efe9,1,1,1,0.5,0.5,0.5
c9df836e-5955e515,1,1,1,0.5,0.5,0.5
c9df836e-80c5caa3,0,0,0,0.25,0.25,0.25
c9df836e-b8fcc9d7,0,0,0,0.25,0.25,0.25
c9dfbc72-db954e64,0,0,0,0.25,0.25,0.25
c9dfbdd0-1d00a047,0,0,0,0.25,0.25,0.25
c9e4a2e8-2ac2fabd,0,0,0,0.25,0.25,0.25
c9e4a2e8-e29e53ec,0,0,0,0.25,0.25,0.25
c9e77458-658d5966,0,0,0,0.25,0.25,0.25
c9e7c9d4-18d31194,1,1,1,0.5,0.5,0.5
c9ead9ee-4ebeef77,2,2,2,1.0,1.0,1.0
c9eb9a86-523e6e0f,2,2,2,1.0,1.0,1.0
c9eb9a86-c9dd6104,2,2,2,1.0,1.0,1.0
c9ece337-21d7e75e,2,2,2,1.0,1.0,1.0
c9ece337-ff38bdec,0,0,0,0.25,0.25,0.25
c9ee0f8e-286c0acb,0,0,0,0.25,0.25,0.25
c9ee0f8e-3308c0e4,0,0,0,0.25,0.25,0.25
c9ef0aa9-41d939af,0,0,0,0.25,0.25,0.25
c9ef51b7-9dc86de1,0,0,0,0.25,0.25,0.25
c9effc42-0eb861b2,1,1,1,0.5,0.5,0.5
c9effc42-a75644ee,0,0,0,0.25,0.25,0.25
c9f5283d-1b02cbcc,0,0,0,0.25,0.25,0.25
c9f5283d-30641e3e,0,0,0,0.25,0.25,0.25
c9f5283d-36783b15,0,0,0,0.25,0.25,0.25
c9f5283d-5ef0a1b2,2,2,2,1.0,1.0,1.0
c9f5283d-71e7d62c,2,2,2,1.0,1.0,1.0
c9f5283d-7b81eb6b,2,2,2,1.0,1.0,1.0
c9f5283d-8e8344c6,0,0,0,0.25,0.25,0.25
c9f6b520-19d9d3ad,2,2,2,1.0,1.0,1.0
c9f6b520-523674ac,0,0,0,0.25,0.25,0.25
c9f9c6ac-b3270e58,1,1,1,0.5,0.5,0.5
c9f9c6ac-ba013d70,0,0,0,0.25,0.25,0.25
c9f9c6ac-e412ca03,1,1,1,0.5,0.5,0.5
c9fa0253-3a8bc597,0,0,0,0.25,0.25,0.25
c9fb03a5-9a1788d9,1,1,1,0.5,0.5,0.5
c9fb1a4c-0bd0ea9d,0,0,0,0.25,0.25,0.25
c9fc208f-16aa9283,1,1,1,0.5,0.5,0.5
c9fc208f-4cf24bbd,0,0,0,0.25,0.25,0.25
c9fc208f-75876b0b,0,0,0,0.25,0.25,0.25
c9fcc762-bf7c7c67,0,0,0,0.25,0.25,0.25
c9fea009-ee6a4d2a,0,0,0,0.25,0.25,0.25
c9ffe9d7-7558d38d,0,0,0,0.25,0.25,0.25
ca00540c-261a3e99,1,1,1,0.5,0.5,0.5
ca009e13-883fafc6,2,2,2,1.0,1.0,1.0
ca009e13-fdb666f6,2,2,2,1.0,1.0,1.0
ca049e30-02338b16,1,1,1,0.5,0.5,0.5
ca049e30-1b2337e2,0,0,0,0.25,0.25,0.25
ca049e30-382d661d,2,2,2,1.0,1.0,1.0
ca049e30-4e81f5ee,2,2,2,1.0,1.0,1.0
ca049e30-5d1864a5,1,1,1,0.5,0.5,0.5
ca049e30-cb9982a6,1,1,1,0.5,0.5,0.5
ca049e30-f0a8ccd4,1,1,1,0.5,0.5,0.5
ca04d99f-c1282bb7,1,1,1,0.5,0.5,0.5
ca057c8b-e42f0882,2,2,2,1.0,1.0,1.0
ca0619a2-ccd6a93c,0,0,0,0.25,0.25,0.25
ca068cb6-1418f2fb,2,2,2,1.0,1.0,1.0
ca068cb6-59709029,0,0,0,0.25,0.25,0.25
ca068cb6-e29842f7,2,2,2,1.0,1.0,1.0
ca074e75-7d525ad9,1,1,1,0.5,0.5,0.5
ca077fe9-b7f766fd,0,0,0,0.25,0.25,0.25
ca077fe9-d2cf4446,1,1,1,0.5,0.5,0.5
ca08d93c-c406e9aa,0,0,0,0.25,0.25,0.25
ca095e13-3477eff3,2,2,2,1.0,1.0,1.0
ca095e13-ac7f314a,1,1,1,0.5,0.5,0.5
ca098890-0947e76a,0,0,0,0.25,0.25,0.25
ca098890-6ef745ed,0,0,0,0.25,0.25,0.25
ca0b4ef4-3917ead1,0,0,0,0.25,0.25,0.25
ca0b4ef4-effd52f4,1,1,1,0.5,0.5,0.5
ca0de85e-53bdd171,0,0,0,0.25,0.25,0.25
ca0e9da5-d7dece6c,1,1,1,0.5,0.5,0.5
ca0e9da5-f5507d00,1,1,1,0.5,0.5,0.5
ca0eb18c-165a3cc9,0,0,0,0.25,0.25,0.25
ca0eb18c-772780e0,1,1,1,0.5,0.5,0.5
ca0eb18c-907cd101,0,0,0,0.25,0.25,0.25
ca0eb18c-b0e6fe6c,1,1,1,0.5,0.5,0.5
ca0f0248-0350c116,0,0,0,0.25,0.25,0.25
ca0f0248-0d55e8dd,0,0,0,0.25,0.25,0.25
ca0fd2c4-30e68102,0,0,0,0.25,0.25,0.25
ca0fd2c4-82195ac4,2,2,2,1.0,1.0,1.0
ca130ab2-7f5598b7,1,1,1,0.5,0.5,0.5
ca146661-7f70d0c4,0,0,0,0.25,0.25,0.25
ca1543ec-4ef9d107,0,0,0,0.25,0.25,0.25
ca1543ec-6ad48f6e,0,0,0,0.25,0.25,0.25
ca15f699-e51c14c0,2,2,2,1.0,1.0,1.0
ca177f63-6cb08f25,1,1,1,0.5,0.5,0.5
ca17cd93-f9c06b09,0,0,0,0.25,0.25,0.25
ca189794-fa2c18e9,1,1,1,0.5,0.5,0.5
ca18c314-eec8974d,0,0,0,0.25,0.25,0.25
ca194104-1aa2aa9a,1,1,1,0.5,0.5,0.5
ca1a41b3-38240d1e,0,0,0,0.25,0.25,0.25
ca1a87ef-4f83ae99,2,2,2,1.0,1.0,1.0
ca1a87ef-5b03345d,1,1,1,0.5,0.5,0.5
ca1a87ef-783b4ceb,0,0,0,0.25,0.25,0.25
ca1a92b5-4677f24c,0,0,0,0.25,0.25,0.25
ca1b1f3e-64dd9b2a,0,0,0,0.25,0.25,0.25
ca1b5c7f-2ef9c22a,1,1,1,0.5,0.5,0.5
ca1c6003-aad4464c,1,1,1,0.5,0.5,0.5
ca1d52b5-84e8dfa0,0,0,0,0.25,0.25,0.25
ca21055c-2050513f,2,2,2,1.0,1.0,1.0
ca21055c-8a012812,0,0,0,0.25,0.25,0.25
ca21055c-a1a80ec4,0,0,0,0.25,0.25,0.25
ca222491-8d710efa,0,0,0,0.25,0.25,0.25
ca2260e9-51ebcdc6,1,1,1,0.5,0.5,0.5
ca23fea0-97c90df7,1,1,1,0.5,0.5,0.5
ca24a6cf-59fe35d2,0,0,0,0.25,0.25,0.25
ca25cf74-7cb42159,0,0,0,0.25,0.25,0.25
ca284215-73cade97,0,0,0,0.25,0.25,0.25
ca284215-d643be76,0,0,0,0.25,0.25,0.25
ca28f275-03f8cef5,0,0,0,0.25,0.25,0.25
ca28f275-08807c93,0,0,0,0.25,0.25,0.25
ca28f275-24384f38,0,0,0,0.25,0.25,0.25
ca28f275-95fc6836,0,0,0,0.25,0.25,0.25
ca28f275-ca28f770,1,1,1,0.5,0.5,0.5
ca28f275-cac4f254,1,1,1,0.5,0.5,0.5
ca28f275-df2e6ad2,0,0,0,0.25,0.25,0.25
ca297f76-c2ce18f5,0,0,0,0.25,0.25,0.25
ca29b7bd-0820fffb,0,0,0,0.25,0.25,0.25
ca2b7ab0-bfdc0fec,1,1,1,0.5,0.5,0.5
ca2ba838-fdddb1fb,0,0,0,0.25,0.25,0.25
ca2bcf0e-69e964d2,2,2,2,1.0,1.0,1.0
ca2c7c84-39bf84ee,1,1,1,0.5,0.5,0.5
ca2c7c84-5495c318,2,2,2,1.0,1.0,1.0
ca2c7c84-5902ee09,0,0,0,0.25,0.25,0.25
ca2c7c84-ba7685fc,0,0,0,0.25,0.25,0.25
ca2d1df6-54538d1a,1,1,1,0.5,0.5,0.5
ca2d1df6-76d59c0c,1,1,1,0.5,0.5,0.5
ca2d32b3-5e8835ac,0,0,0,0.25,0.25,0.25
ca2fb80b-9d22e350,1,1,1,0.5,0.5,0.5
ca3045ee-a27490fa,1,1,1,0.5,0.5,0.5
ca3045ee-b8ab4712,1,1,1,0.5,0.5,0.5
ca3045ee-ec76b7c9,1,1,1,0.5,0.5,0.5
ca309fd3-10ac1488,0,0,0,0.25,0.25,0.25
ca309fd3-4a6f706c,1,1,1,0.5,0.5,0.5
ca309fd3-c485c1eb,1,1,1,0.5,0.5,0.5
ca309fd3-f767659b,0,0,0,0.25,0.25,0.25
ca3165e0-175d6f79,0,0,0,0.25,0.25,0.25
ca3165e0-3a330c98,1,1,1,0.5,0.5,0.5
ca3165e0-949dbfc8,0,0,0,0.25,0.25,0.25
ca3165e0-a8c1ce7a,0,0,0,0.25,0.25,0.25
ca3165e0-c1c82c8f,0,0,0,0.25,0.25,0.25
ca319f4c-b34af0f1,1,1,1,0.5,0.5,0.5
ca326312-b648ccab,2,2,2,1.0,1.0,1.0
ca35c192-7f0eadba,0,0,0,0.25,0.25,0.25
ca3736db-3471ce50,0,0,0,0.25,0.25,0.25
ca3736db-ab6db00c,0,0,0,0.25,0.25,0.25
ca3736db-cc8e1fb7,1,1,1,0.5,0.5,0.5
ca3736db-cd087585,2,2,2,1.0,1.0,1.0
ca3736db-cf9e0cd4,0,0,0,0.25,0.25,0.25
ca3bbb0a-115a055f,0,0,0,0.25,0.25,0.25
ca3bbb0a-255bb069,0,0,0,0.25,0.25,0.25
ca3bbb0a-b711f4e3,2,2,2,1.0,1.0,1.0
ca3bbb0a-cd13da9e,1,1,1,0.5,0.5,0.5
ca3bf9b0-55d6ae41,0,0,0,0.25,0.25,0.25
ca3bf9b0-ab1201eb,2,2,2,1.0,1.0,1.0
ca3e6e3d-cc5275dd,1,1,1,0.5,0.5,0.5
ca3e6e3d-f66373c8,0,0,0,0.25,0.25,0.25
ca3f4c16-add215c4,0,0,0,0.25,0.25,0.25
ca3f4c16-b33f3a0b,1,1,1,0.5,0.5,0.5
ca4071a6-6fa1a1c8,0,0,0,0.25,0.25,0.25
ca40ddd3-102f3b02,1,1,1,0.5,0.5,0.5
ca40ddd3-f81f28e9,0,0,0,0.25,0.25,0.25
ca4269e1-0f1e4f92,0,0,0,0.25,0.25,0.25
ca4269e1-80c4e87b,0,0,0,0.25,0.25,0.25
ca4269e1-914f1061,1,1,1,0.5,0.5,0.5
ca4269e1-a3a6e21a,0,0,0,0.25,0.25,0.25
ca4269e1-db6d731e,0,0,0,0.25,0.25,0.25
ca430005-edb0085d,0,0,0,0.25,0.25,0.25
ca430d8c-0b371423,0,0,0,0.25,0.25,0.25
ca455727-92566d05,1,1,1,0.5,0.5,0.5
ca479701-2ab57f9a,1,1,1,0.5,0.5,0.5
ca4bdfab-34ec6a3a,0,0,0,0.25,0.25,0.25
ca509e4e-a3166aa9,0,0,0,0.25,0.25,0.25
ca513280-e4ec496c,0,0,0,0.25,0.25,0.25
ca52e79f-eca3eeec,0,0,0,0.25,0.25,0.25
ca546e6d-852f3913,2,2,2,1.0,1.0,1.0
ca551156-5999d6d4,0,0,0,0.25,0.25,0.25
ca551156-fb7d1680,1,1,1,0.5,0.5,0.5
ca55fb23-6aec0f71,1,1,1,0.5,0.5,0.5
ca55fb23-83a86167,0,0,0,0.25,0.25,0.25
ca55fb23-f91ca9ad,1,1,1,0.5,0.5,0.5
ca561e94-8f719a63,2,2,2,1.0,1.0,1.0
ca561e94-d40cddf8,0,0,0,0.25,0.25,0.25
ca56690a-05ed80e9,0,0,0,0.25,0.25,0.25
ca56898d-f6400cb3,0,0,0,0.25,0.25,0.25
ca587a24-113bd37a,2,2,2,1.0,1.0,1.0
ca5925b8-ca06566b,1,1,1,0.5,0.5,0.5
ca59adc8-62801139,0,0,0,0.25,0.25,0.25
ca59adc8-9001648c,0,0,0,0.25,0.25,0.25
ca59adc8-d7551f95,1,1,1,0.5,0.5,0.5
ca5e947c-c2f1d14b,0,0,0,0.25,0.25,0.25
ca5e947c-c6ac10fd,2,2,2,1.0,1.0,1.0
ca5f8e49-0df2e0a1,1,1,1,0.5,0.5,0.5
ca5fba82-4e60d94e,0,0,0,0.25,0.25,0.25
ca6142b4-ef037b5b,0,0,0,0.25,0.25,0.25
ca6170df-1893979a,1,1,1,0.5,0.5,0.5
ca6170df-a566823d,0,0,0,0.25,0.25,0.25
ca6170df-c1a75664,0,0,0,0.25,0.25,0.25
ca6412a2-3db85e24,2,2,2,1.0,1.0,1.0
ca656c47-876ad414,0,0,0,0.25,0.25,0.25
ca656c47-e483f464,0,0,0,0.25,0.25,0.25
ca679a1e-a680fd14,0,0,0,0.25,0.25,0.25
ca679a1e-b92f424d,0,0,0,0.25,0.25,0.25
ca679a1e-cee7f0bc,0,0,0,0.25,0.25,0.25
ca68e8b3-3ecd270a,0,0,0,0.25,0.25,0.25
ca6927ab-497d6b29,1,1,1,0.5,0.5,0.5
fe189115-9981a740,0,0,0,0.25,0.25,0.25
fe189115-9cc4a501,0,0,0,0.25,0.25,0.25
fe189115-adbd209a,1,1,1,0.5,0.5,0.5
fe189115-c31cac5a,1,1,1,0.5,0.5,0.5
fe189115-cfad8fcf,2,2,2,1.0,1.0,1.0
fe194677-e2d2ac8c,2,2,2,1.0,1.0,1.0
fe1b3799-a7863feb,1,1,1,0.5,0.5,0.5
fe1b92a1-faaaa1eb,0,0,0,0.25,0.25,0.25
fe1cc363-a3f36598,1,1,1,0.5,0.5,0.5
fe1d74f0-5cdc4057,1,1,1,0.5,0.5,0.5
fe1d74f0-6969bdb5,2,2,2,1.0,1.0,1.0
fe1d9184-cd999efe,1,1,1,0.5,0.5,0.5
fe1d9184-d144106a,0,0,0,0.25,0.25,0.25
fe1d9184-dec09b65,2,2,2,1.0,1.0,1.0
fe1f2409-5b415eb7,0,0,0,0.25,0.25,0.25
fe1f2409-c16ea1ed,0,0,0,0.25,0.25,0.25
fe1f55fa-19ba3600,0,0,0,0.25,0.25,0.25
